UseElemMap=true TriSplit=false TriInMesh=104370 TotalEnergy=1.67113532513657e+00
$begin 'RefinePoints'
$end 'RefinePoints'
$begin 'RefineElems'
	RefineElem[5: 4.55380000000000e+04, 3.93060000000000e+04, 3.91360000000000e+04, 2.70440000000000e+04, 4.31996221313276e-07]
	RefineElem[5: 4.55420000000000e+04, 3.93190000000000e+04, 3.91480000000000e+04, 2.70380000000000e+04, 4.31996221313276e-07]
	RefineElem[5: 4.55450000000000e+04, 3.93310000000000e+04, 3.91600000000000e+04, 2.70450000000000e+04, 4.31996221313276e-07]
	RefineElem[5: 6.67060000000000e+04, 3.72920000000000e+04, 4.01310000000000e+04, 3.48950000000000e+04, 4.31996221313276e-07]
	RefineElem[5: 6.67070000000000e+04, 4.01310000000000e+04, 3.89670000000000e+04, 3.48950000000000e+04, 4.31996221313276e-07]
	RefineElem[5: 6.67100000000000e+04, 3.72910000000000e+04, 4.01320000000000e+04, 3.48800000000000e+04, 4.31996221313276e-07]
	RefineElem[5: 6.67110000000000e+04, 4.01320000000000e+04, 3.89720000000000e+04, 3.48800000000000e+04, 4.31996221313276e-07]
	RefineElem[5: 6.67120000000000e+04, 3.72900000000000e+04, 4.01330000000000e+04, 3.48850000000000e+04, 4.31996221313276e-07]
	RefineElem[5: 6.67130000000000e+04, 4.01330000000000e+04, 3.89740000000000e+04, 3.48850000000000e+04, 4.31996221313276e-07]
	RefineElem[5: 6.67160000000000e+04, 3.72890000000000e+04, 4.01340000000000e+04, 3.48870000000000e+04, 4.31996221313276e-07]
	RefineElem[5: 6.67170000000000e+04, 4.01340000000000e+04, 3.89770000000000e+04, 3.48870000000000e+04, 4.31996221313276e-07]
	RefineElem[5: 6.67200000000000e+04, 3.72880000000000e+04, 4.01350000000000e+04, 3.48890000000000e+04, 4.31996221313276e-07]
	RefineElem[5: 6.67210000000000e+04, 4.01350000000000e+04, 3.89780000000000e+04, 3.48890000000000e+04, 4.31996221313276e-07]
	RefineElem[5: 6.67240000000000e+04, 3.72860000000000e+04, 4.01360000000000e+04, 3.48910000000000e+04, 4.31996221313276e-07]
	RefineElem[5: 6.67250000000000e+04, 4.01360000000000e+04, 3.89810000000000e+04, 3.48910000000000e+04, 4.31996221313276e-07]
	RefineElem[5: 6.67280000000000e+04, 3.72950000000000e+04, 4.01370000000000e+04, 3.50450000000000e+04, 4.31996221313276e-07]
	RefineElem[5: 6.67290000000000e+04, 4.01370000000000e+04, 3.89450000000000e+04, 3.50450000000000e+04, 4.31996221313276e-07]
	RefineElem[5: 6.67320000000000e+04, 3.73010000000000e+04, 4.01380000000000e+04, 3.50470000000000e+04, 4.31996221313276e-07]
	RefineElem[5: 6.67330000000000e+04, 4.01380000000000e+04, 3.89470000000000e+04, 3.50470000000000e+04, 4.31996221313276e-07]
	RefineElem[5: 6.67360000000000e+04, 3.73000000000000e+04, 4.01390000000000e+04, 3.50350000000000e+04, 4.31996221313276e-07]
	RefineElem[5: 6.67370000000000e+04, 4.01390000000000e+04, 3.89490000000000e+04, 3.50350000000000e+04, 4.31996221313276e-07]
	RefineElem[5: 6.67400000000000e+04, 3.72990000000000e+04, 4.01400000000000e+04, 3.50340000000000e+04, 4.31996221313276e-07]
	RefineElem[5: 6.67410000000000e+04, 4.01400000000000e+04, 3.89520000000000e+04, 3.50340000000000e+04, 4.31996221313276e-07]
	RefineElem[5: 6.67440000000000e+04, 3.72980000000000e+04, 4.01410000000000e+04, 3.50370000000000e+04, 4.31996221313276e-07]
	RefineElem[5: 6.67450000000000e+04, 4.01410000000000e+04, 3.89550000000000e+04, 3.50370000000000e+04, 4.31996221313276e-07]
	RefineElem[5: 6.67480000000000e+04, 3.72970000000000e+04, 4.01420000000000e+04, 3.50390000000000e+04, 4.31996221313276e-07]
	RefineElem[5: 6.67490000000000e+04, 4.01420000000000e+04, 3.89570000000000e+04, 3.50390000000000e+04, 4.31996221313276e-07]
	RefineElem[5: 6.67520000000000e+04, 3.72960000000000e+04, 4.01430000000000e+04, 3.50410000000000e+04, 4.31996221313276e-07]
	RefineElem[5: 6.67530000000000e+04, 4.01430000000000e+04, 3.89590000000000e+04, 3.50410000000000e+04, 4.31996221313276e-07]
	RefineElem[5: 6.67560000000000e+04, 3.72940000000000e+04, 4.01440000000000e+04, 3.50430000000000e+04, 4.31996221313276e-07]
	RefineElem[5: 6.67570000000000e+04, 4.01440000000000e+04, 3.89610000000000e+04, 3.50430000000000e+04, 4.31996221313276e-07]
	RefineElem[5: 6.67600000000000e+04, 3.73080000000000e+04, 4.01450000000000e+04, 3.52130000000000e+04, 4.31996221313276e-07]
	RefineElem[5: 6.67610000000000e+04, 4.01450000000000e+04, 3.89330000000000e+04, 3.52130000000000e+04, 4.31996221313276e-07]
	RefineElem[5: 6.67640000000000e+04, 3.73070000000000e+04, 4.01460000000000e+04, 3.51980000000000e+04, 4.31996221313276e-07]
	RefineElem[5: 6.67650000000000e+04, 4.01460000000000e+04, 3.89360000000000e+04, 3.51980000000000e+04, 4.31996221313276e-07]
	RefineElem[5: 6.67680000000000e+04, 3.73060000000000e+04, 4.01470000000000e+04, 3.52030000000000e+04, 4.31996221313276e-07]
	RefineElem[5: 6.67690000000000e+04, 4.01470000000000e+04, 3.89380000000000e+04, 3.52030000000000e+04, 4.31996221313276e-07]
	RefineElem[5: 6.67720000000000e+04, 3.73050000000000e+04, 4.01480000000000e+04, 3.52050000000000e+04, 4.31996221313276e-07]
	RefineElem[5: 6.67730000000000e+04, 4.01480000000000e+04, 3.89400000000000e+04, 3.52050000000000e+04, 4.31996221313276e-07]
	RefineElem[5: 6.67760000000000e+04, 3.73040000000000e+04, 4.01490000000000e+04, 3.52070000000000e+04, 4.31996221313276e-07]
	RefineElem[5: 6.67770000000000e+04, 4.01490000000000e+04, 3.89420000000000e+04, 3.52070000000000e+04, 4.31996221313276e-07]
	RefineElem[5: 6.67800000000000e+04, 3.73020000000000e+04, 4.01500000000000e+04, 3.52090000000000e+04, 4.31996221313276e-07]
	RefineElem[5: 6.67810000000000e+04, 4.01500000000000e+04, 3.89440000000000e+04, 3.52090000000000e+04, 4.31996221313276e-07]
	RefineElem[5: 6.67840000000000e+04, 3.73110000000000e+04, 4.01510000000000e+04, 3.53510000000000e+04, 4.31996221313276e-07]
	RefineElem[5: 6.67850000000000e+04, 4.01510000000000e+04, 3.89170000000000e+04, 3.53510000000000e+04, 4.31996221313276e-07]
	RefineElem[5: 6.67880000000000e+04, 3.73170000000000e+04, 4.01520000000000e+04, 3.53530000000000e+04, 4.31996221313276e-07]
	RefineElem[5: 6.67890000000000e+04, 4.01520000000000e+04, 3.89190000000000e+04, 3.53530000000000e+04, 4.31996221313276e-07]
	RefineElem[5: 6.67920000000000e+04, 3.73150000000000e+04, 4.01530000000000e+04, 3.53390000000000e+04, 4.31996221313276e-07]
	RefineElem[5: 6.67930000000000e+04, 4.01530000000000e+04, 3.89220000000000e+04, 3.53390000000000e+04, 4.31996221313276e-07]
	RefineElem[5: 6.67960000000000e+04, 3.73140000000000e+04, 4.01540000000000e+04, 3.53430000000000e+04, 4.31996221313276e-07]
	RefineElem[5: 6.67970000000000e+04, 4.01540000000000e+04, 3.89240000000000e+04, 3.53430000000000e+04, 4.31996221313276e-07]
	RefineElem[5: 6.68000000000000e+04, 3.73130000000000e+04, 4.01550000000000e+04, 3.53450000000000e+04, 4.31996221313276e-07]
	RefineElem[5: 6.68010000000000e+04, 4.01550000000000e+04, 3.89270000000000e+04, 3.53450000000000e+04, 4.31996221313276e-07]
	RefineElem[5: 6.68040000000000e+04, 3.73100000000000e+04, 4.01560000000000e+04, 3.53490000000000e+04, 4.31996221313276e-07]
	RefineElem[5: 6.68050000000000e+04, 4.01560000000000e+04, 3.89300000000000e+04, 3.53490000000000e+04, 4.31996221313276e-07]
	RefineElem[5: 6.68080000000000e+04, 3.73190000000000e+04, 4.01570000000000e+04, 3.55170000000000e+04, 4.31996221313276e-07]
	RefineElem[5: 6.68090000000000e+04, 4.01570000000000e+04, 3.89070000000000e+04, 3.55170000000000e+04, 4.31996221313276e-07]
	RefineElem[5: 6.68120000000000e+04, 3.73240000000000e+04, 4.01580000000000e+04, 3.55190000000000e+04, 4.31996221313276e-07]
	RefineElem[5: 6.68130000000000e+04, 4.01580000000000e+04, 3.89090000000000e+04, 3.55190000000000e+04, 4.31996221313276e-07]
	RefineElem[5: 6.68160000000000e+04, 3.73250000000000e+04, 4.01590000000000e+04, 3.55070000000000e+04, 4.31996221313276e-07]
	RefineElem[5: 6.68170000000000e+04, 4.01590000000000e+04, 3.89100000000000e+04, 3.55070000000000e+04, 4.31996221313276e-07]
	RefineElem[5: 6.68200000000000e+04, 3.73230000000000e+04, 4.01600000000000e+04, 3.55060000000000e+04, 4.31996221313276e-07]
	RefineElem[5: 6.68210000000000e+04, 4.01600000000000e+04, 3.89110000000000e+04, 3.55060000000000e+04, 4.31996221313276e-07]
	RefineElem[5: 6.68240000000000e+04, 3.73220000000000e+04, 4.01610000000000e+04, 3.55090000000000e+04, 4.31996221313276e-07]
	RefineElem[5: 6.68250000000000e+04, 4.01610000000000e+04, 3.89120000000000e+04, 3.55090000000000e+04, 4.31996221313276e-07]
	RefineElem[5: 6.68280000000000e+04, 3.73210000000000e+04, 4.01620000000000e+04, 3.55110000000000e+04, 4.31996221313276e-07]
	RefineElem[5: 6.68290000000000e+04, 4.01620000000000e+04, 3.89140000000000e+04, 3.55110000000000e+04, 4.31996221313276e-07]
	RefineElem[5: 6.68320000000000e+04, 3.73200000000000e+04, 4.01630000000000e+04, 3.55130000000000e+04, 4.31996221313276e-07]
	RefineElem[5: 6.68330000000000e+04, 4.01630000000000e+04, 3.89150000000000e+04, 3.55130000000000e+04, 4.31996221313276e-07]
	RefineElem[5: 6.68360000000000e+04, 3.73180000000000e+04, 4.01640000000000e+04, 3.55150000000000e+04, 4.31996221313276e-07]
	RefineElem[5: 6.68370000000000e+04, 4.01640000000000e+04, 3.89160000000000e+04, 3.55150000000000e+04, 4.31996221313276e-07]
	RefineElem[5: 6.68400000000000e+04, 3.73270000000000e+04, 4.01650000000000e+04, 3.56570000000000e+04, 4.31996221313276e-07]
	RefineElem[5: 6.68410000000000e+04, 4.01650000000000e+04, 3.88970000000000e+04, 3.56570000000000e+04, 4.31996221313276e-07]
	RefineElem[5: 6.68440000000000e+04, 3.73320000000000e+04, 4.01660000000000e+04, 3.56590000000000e+04, 4.31996221313276e-07]
	RefineElem[5: 6.68450000000000e+04, 4.01660000000000e+04, 3.88990000000000e+04, 3.56590000000000e+04, 4.31996221313276e-07]
	RefineElem[5: 6.68480000000000e+04, 3.73330000000000e+04, 4.01670000000000e+04, 3.56470000000000e+04, 4.31996221313276e-07]
	RefineElem[5: 6.68490000000000e+04, 4.01670000000000e+04, 3.89000000000000e+04, 3.56470000000000e+04, 4.31996221313276e-07]
	RefineElem[5: 6.68520000000000e+04, 3.73310000000000e+04, 4.01680000000000e+04, 3.56460000000000e+04, 4.31996221313276e-07]
	RefineElem[5: 6.68530000000000e+04, 4.01680000000000e+04, 3.89010000000000e+04, 3.56460000000000e+04, 4.31996221313276e-07]
	RefineElem[5: 6.68560000000000e+04, 3.73300000000000e+04, 4.01690000000000e+04, 3.56490000000000e+04, 4.31996221313276e-07]
	RefineElem[5: 6.68570000000000e+04, 4.01690000000000e+04, 3.89020000000000e+04, 3.56490000000000e+04, 4.31996221313276e-07]
	RefineElem[5: 6.68600000000000e+04, 3.73290000000000e+04, 4.01700000000000e+04, 3.56510000000000e+04, 4.31996221313276e-07]
	RefineElem[5: 6.68610000000000e+04, 4.01700000000000e+04, 3.89040000000000e+04, 3.56510000000000e+04, 4.31996221313276e-07]
	RefineElem[5: 6.68640000000000e+04, 3.73280000000000e+04, 4.01710000000000e+04, 3.56530000000000e+04, 4.31996221313276e-07]
	RefineElem[5: 6.68650000000000e+04, 4.01710000000000e+04, 3.89050000000000e+04, 3.56530000000000e+04, 4.31996221313276e-07]
	RefineElem[5: 6.68680000000000e+04, 3.73260000000000e+04, 4.01720000000000e+04, 3.56550000000000e+04, 4.31996221313276e-07]
	RefineElem[5: 6.68690000000000e+04, 4.01720000000000e+04, 3.89060000000000e+04, 3.56550000000000e+04, 4.31996221313276e-07]
	RefineElem[5: 6.68720000000000e+04, 3.73350000000000e+04, 4.01730000000000e+04, 3.58230000000000e+04, 4.31996221313276e-07]
	RefineElem[5: 6.68730000000000e+04, 4.01730000000000e+04, 3.88880000000000e+04, 3.58230000000000e+04, 4.31996221313276e-07]
	RefineElem[5: 6.68760000000000e+04, 3.73400000000000e+04, 4.01740000000000e+04, 3.58250000000000e+04, 4.31996221313276e-07]
	RefineElem[5: 6.68770000000000e+04, 4.01740000000000e+04, 3.88890000000000e+04, 3.58250000000000e+04, 4.31996221313276e-07]
	RefineElem[5: 6.68800000000000e+04, 3.73410000000000e+04, 4.01750000000000e+04, 3.58130000000000e+04, 4.31996221313276e-07]
	RefineElem[5: 6.68810000000000e+04, 4.01750000000000e+04, 3.88900000000000e+04, 3.58130000000000e+04, 4.31996221313276e-07]
	RefineElem[5: 6.68840000000000e+04, 3.73390000000000e+04, 4.01760000000000e+04, 3.58120000000000e+04, 4.31996221313276e-07]
	RefineElem[5: 6.68850000000000e+04, 4.01760000000000e+04, 3.88910000000000e+04, 3.58120000000000e+04, 4.31996221313276e-07]
	RefineElem[5: 6.68880000000000e+04, 3.73380000000000e+04, 4.01770000000000e+04, 3.58150000000000e+04, 4.31996221313276e-07]
	RefineElem[5: 6.68890000000000e+04, 4.01770000000000e+04, 3.88920000000000e+04, 3.58150000000000e+04, 4.31996221313276e-07]
	RefineElem[5: 6.68920000000000e+04, 3.73370000000000e+04, 4.01780000000000e+04, 3.58170000000000e+04, 4.31996221313276e-07]
	RefineElem[5: 6.68930000000000e+04, 4.01780000000000e+04, 3.88940000000000e+04, 3.58170000000000e+04, 4.31996221313276e-07]
	RefineElem[5: 6.68960000000000e+04, 3.73340000000000e+04, 4.01790000000000e+04, 3.58210000000000e+04, 4.31996221313276e-07]
	RefineElem[5: 6.68970000000000e+04, 4.01790000000000e+04, 3.88960000000000e+04, 3.58210000000000e+04, 4.31996221313276e-07]
	RefineElem[5: 6.69000000000000e+04, 3.73490000000000e+04, 4.01800000000000e+04, 3.59650000000000e+04, 4.31996221313276e-07]
	RefineElem[5: 6.69010000000000e+04, 4.01800000000000e+04, 3.88810000000000e+04, 3.59650000000000e+04, 4.31996221313276e-07]
	RefineElem[5: 6.69040000000000e+04, 3.73470000000000e+04, 4.01810000000000e+04, 3.59510000000000e+04, 4.31996221313276e-07]
	RefineElem[5: 6.69050000000000e+04, 4.01810000000000e+04, 3.88830000000000e+04, 3.59510000000000e+04, 4.31996221313276e-07]
	RefineElem[5: 6.69080000000000e+04, 3.73450000000000e+04, 4.01820000000000e+04, 3.59570000000000e+04, 4.31996221313276e-07]
	RefineElem[5: 6.69090000000000e+04, 4.01820000000000e+04, 3.88850000000000e+04, 3.59570000000000e+04, 4.31996221313276e-07]
	RefineElem[5: 6.69120000000000e+04, 3.73420000000000e+04, 4.01830000000000e+04, 3.59610000000000e+04, 4.31996221313276e-07]
	RefineElem[5: 6.69130000000000e+04, 4.01830000000000e+04, 3.88870000000000e+04, 3.59610000000000e+04, 4.31996221313276e-07]
	RefineElem[5: 6.74630000000000e+04, 4.03180000000000e+04, 4.03260000000000e+04, 2.26670000000000e+04, 4.31996221313276e-07]
	RefineElem[5: 6.88820000000000e+04, 3.72930000000000e+04, 4.09220000000000e+04, 3.48810000000000e+04, 4.31996221313276e-07]
	RefineElem[5: 6.88830000000000e+04, 4.09220000000000e+04, 3.87260000000000e+04, 3.48810000000000e+04, 4.31996221313276e-07]
	RefineElem[5: 7.00750000000000e+04, 2.12810000000000e+04, 4.12460000000000e+04, 2.88840000000000e+04, 4.31996221313276e-07]
	RefineElem[5: 7.00760000000000e+04, 4.12460000000000e+04, 2.88830000000000e+04, 2.88840000000000e+04, 4.31996221313276e-07]
	RefineElem[5: 7.00770000000000e+04, 4.12460000000000e+04, 2.12810000000000e+04, 2.12820000000000e+04, 4.31996221313276e-07]
	RefineElem[5: 7.00780000000000e+04, 2.88830000000000e+04, 4.12460000000000e+04, 2.12820000000000e+04, 4.31996221313276e-07]
	RefineElem[5: 7.02050000000000e+04, 3.72870000000000e+04, 4.12740000000000e+04, 3.48930000000000e+04, 4.31996221313276e-07]
	RefineElem[5: 7.02060000000000e+04, 4.12740000000000e+04, 3.87200000000000e+04, 3.48930000000000e+04, 4.31996221313276e-07]
	RefineElem[5: 7.02730000000000e+04, 2.03560000000000e+04, 4.12900000000000e+04, 2.77800000000000e+04, 4.31996221313276e-07]
	RefineElem[5: 7.02740000000000e+04, 4.12900000000000e+04, 3.93990000000000e+04, 2.77800000000000e+04, 4.31996221313276e-07]
	RefineElem[5: 7.07330000000000e+04, 2.12720000000000e+04, 4.14090000000000e+04, 2.88780000000000e+04, 4.31996221313276e-07]
	RefineElem[5: 7.07340000000000e+04, 4.14090000000000e+04, 2.88760000000000e+04, 2.88780000000000e+04, 4.31996221313276e-07]
	RefineElem[5: 7.07350000000000e+04, 4.14090000000000e+04, 2.12720000000000e+04, 2.12730000000000e+04, 4.31996221313276e-07]
	RefineElem[5: 7.07360000000000e+04, 2.88760000000000e+04, 4.14090000000000e+04, 2.12730000000000e+04, 4.31996221313276e-07]
	RefineElem[5: 7.10860000000000e+04, 4.15010000000000e+04, 3.93540000000000e+04, 2.12740000000000e+04, 4.31996221313276e-07]
	RefineElem[5: 7.10870000000000e+04, 2.88750000000000e+04, 4.15010000000000e+04, 2.12740000000000e+04, 4.31996221313276e-07]
	RefineElem[5: 7.28920000000000e+04, 2.03440000000000e+04, 4.18830000000000e+04, 2.77880000000000e+04, 4.31996221313276e-07]
	RefineElem[5: 7.28930000000000e+04, 4.18830000000000e+04, 3.92870000000000e+04, 2.77880000000000e+04, 4.31996221313276e-07]
	RefineElem[5: 7.31630000000000e+04, 2.03540000000000e+04, 4.19430000000000e+04, 2.77760000000000e+04, 4.31996221313276e-07]
	RefineElem[5: 7.31640000000000e+04, 4.19430000000000e+04, 3.93850000000000e+04, 2.77760000000000e+04, 4.31996221313276e-07]
	RefineElem[5: 7.37470000000000e+04, 2.12800000000000e+04, 4.20630000000000e+04, 2.88860000000000e+04, 4.31996221313276e-07]
	RefineElem[5: 7.37480000000000e+04, 4.20630000000000e+04, 2.88840000000000e+04, 2.88860000000000e+04, 4.31996221313276e-07]
	RefineElem[5: 7.37490000000000e+04, 4.20630000000000e+04, 2.12800000000000e+04, 2.12810000000000e+04, 4.31996221313276e-07]
	RefineElem[5: 7.37500000000000e+04, 2.88840000000000e+04, 4.20630000000000e+04, 2.12810000000000e+04, 4.31996221313276e-07]
	RefineElem[5: 6.75080000000000e+04, 4.03550000000000e+04, 1.94120000000000e+04, 4.03170000000000e+04, 2.52906351682198e-07]
	RefineElem[5: 7.95900000000000e+04, 4.03350000000000e+04, 1.95150000000000e+04, 4.33430000000000e+04, 1.93193263429493e-07]
	RefineElem[5: 6.76170000000000e+04, 2.19780000000000e+04, 4.04540000000000e+04, 2.20080000000000e+04, 1.83543260399187e-07]
	RefineElem[5: 6.76200000000000e+04, 4.04540000000000e+04, 2.18440000000000e+04, 2.19010000000000e+04, 1.57244705647204e-07]
	RefineElem[5: 6.75220000000000e+04, 2.18440000000000e+04, 2.19780000000000e+04, 4.03670000000000e+04, 1.47634841094550e-07]
	RefineElem[5: 6.85090000000000e+04, 4.07860000000000e+04, 2.03440000000000e+04, 4.03870000000000e+04, 1.38013378338406e-07]
	RefineElem[5: 6.75930000000000e+04, 4.03870000000000e+04, 4.03390000000000e+04, 4.04460000000000e+04, 9.82166257027179e-08]
	RefineElem[5: 6.85830000000000e+04, 4.03450000000000e+04, 4.03390000000000e+04, 4.08160000000000e+04, 7.36171960952883e-08]
	RefineElem[5: 6.74730000000000e+04, 4.03360000000000e+04, 2.19010000000000e+04, 2.18440000000000e+04, 7.21695855346821e-08]
	RefineElem[5: 7.13700000000000e+04, 4.15690000000000e+04, 4.03380000000000e+04, 2.26670000000000e+04, 7.16993900287616e-08]
	RefineElem[5: 6.74610000000000e+04, 4.03230000000000e+04, 2.19780000000000e+04, 2.20080000000000e+04, 6.45426111968948e-08]
	RefineElem[5: 6.75090000000000e+04, 4.03560000000000e+04, 4.03550000000000e+04, 2.12810000000000e+04, 6.31957454231243e-08]
	RefineElem[5: 7.13190000000000e+04, 4.15550000000000e+04, 2.26660000000000e+04, 4.15430000000000e+04, 6.10043624667276e-08]
	RefineElem[5: 9.38160000000000e+04, 3.49280000000000e+04, 4.50020000000000e+04, 4.78870000000000e+04, 5.67879431640203e-08]
	RefineElem[5: 6.80360000000000e+04, 4.06170000000000e+04, 4.05090000000000e+04, 3.87080000000000e+04, 5.53290975750798e-08]
	RefineElem[5: 7.95880000000000e+04, 4.33430000000000e+04, 1.95140000000000e+04, 4.03400000000000e+04, 5.47186906788123e-08]
	RefineElem[5: 6.75510000000000e+04, 4.04060000000000e+04, 2.19010000000000e+04, 2.38290000000000e+04, 5.16576046453147e-08]
	RefineElem[5: 7.13180000000000e+04, 4.15550000000000e+04, 4.03180000000000e+04, 2.26670000000000e+04, 5.12333358638221e-08]
	RefineElem[5: 6.74720000000000e+04, 4.03350000000000e+04, 1.95160000000000e+04, 1.95150000000000e+04, 4.91802480966002e-08]
	RefineElem[5: 7.13210000000000e+04, 4.15550000000000e+04, 2.26670000000000e+04, 4.03380000000000e+04, 4.87720355746199e-08]
	RefineElem[5: 7.35010000000000e+04, 4.04540000000000e+04, 4.20060000000000e+04, 2.20080000000000e+04, 4.86030603025839e-08]
	RefineElem[5: 9.31210000000000e+04, 4.76710000000000e+04, 4.49730000000000e+04, 3.47340000000000e+04, 4.70263309585992e-08]
	RefineElem[5: 7.13200000000000e+04, 4.03380000000000e+04, 2.26660000000000e+04, 4.15550000000000e+04, 4.62878944675690e-08]
	RefineElem[5: 8.60790000000000e+04, 4.53530000000000e+04, 2.07660000000000e+04, 4.03630000000000e+04, 4.52132797806560e-08]
	RefineElem[5: 6.74660000000000e+04, 4.03180000000000e+04, 4.03270000000000e+04, 4.03260000000000e+04, 4.30034284238205e-08]
	RefineElem[5: 6.76180000000000e+04, 4.04540000000000e+04, 2.19780000000000e+04, 2.18440000000000e+04, 4.16216848970059e-08]
	RefineElem[5: 9.31110000000000e+04, 4.49740000000000e+04, 4.49730000000000e+04, 4.76690000000000e+04, 4.06930228110056e-08]
	RefineElem[5: 6.76010000000000e+04, 4.03390000000000e+04, 4.04490000000000e+04, 4.04460000000000e+04, 3.80639981907223e-08]
	RefineElem[5: 9.31050000000000e+04, 4.49750000000000e+04, 4.49740000000000e+04, 4.76670000000000e+04, 3.79767204240492e-08]
	RefineElem[5: 8.07530000000000e+04, 4.03140000000000e+04, 4.03130000000000e+04, 4.36670000000000e+04, 3.73374294746727e-08]
	RefineElem[5: 8.06240000000000e+04, 4.03080000000000e+04, 4.03070000000000e+04, 4.36320000000000e+04, 3.71143971356088e-08]
	RefineElem[5: 7.03350000000000e+04, 4.13040000000000e+04, 1.94120000000000e+04, 4.03550000000000e+04, 3.67847852020123e-08]
	RefineElem[5: 8.54040000000000e+04, 4.50000000000000e+04, 4.49990000000000e+04, 4.50040000000000e+04, 3.66738822002576e-08]
	RefineElem[5: 7.27520000000000e+04, 4.03380000000000e+04, 2.27390000000000e+04, 4.18620000000000e+04, 3.64848034784570e-08]
	RefineElem[5: 8.07550000000000e+04, 4.03130000000000e+04, 4.03120000000000e+04, 4.36690000000000e+04, 3.64440767788110e-08]
	RefineElem[5: 8.54080000000000e+04, 4.49990000000000e+04, 4.49980000000000e+04, 4.50060000000000e+04, 3.62922806664566e-08]
	RefineElem[5: 9.38300000000000e+04, 4.78910000000000e+04, 4.50010000000000e+04, 4.50000000000000e+04, 3.61211751732753e-08]
	RefineElem[5: 9.38200000000000e+04, 4.50020000000000e+04, 4.50010000000000e+04, 4.78890000000000e+04, 3.58147203187203e-08]
	RefineElem[5: 8.53720000000000e+04, 4.49880000000000e+04, 4.49760000000000e+04, 4.49750000000000e+04, 3.52678902991171e-08]
	RefineElem[5: 8.07690000000000e+04, 4.36760000000000e+04, 4.03150000000000e+04, 4.03140000000000e+04, 3.49064708496188e-08]
	RefineElem[5: 8.06220000000000e+04, 4.03090000000000e+04, 4.03080000000000e+04, 4.36300000000000e+04, 3.47371253357200e-08]
	RefineElem[5: 8.53420000000000e+04, 4.49740000000000e+04, 4.03090000000000e+04, 4.03100000000000e+04, 3.44535687156742e-08]
	RefineElem[5: 8.06140000000000e+04, 4.03110000000000e+04, 4.03100000000000e+04, 4.36270000000000e+04, 3.43044865427629e-08]
	RefineElem[5: 6.76060000000000e+04, 4.04500000000000e+04, 4.04460000000000e+04, 4.04490000000000e+04, 3.38013134155742e-08]
	RefineElem[5: 8.53620000000000e+04, 4.49770000000000e+04, 4.49760000000000e+04, 4.49860000000000e+04, 3.35995749237036e-08]
	RefineElem[5: 8.07630000000000e+04, 4.03160000000000e+04, 4.03150000000000e+04, 4.36740000000000e+04, 3.34142641352346e-08]
	RefineElem[5: 8.06190000000000e+04, 4.36290000000000e+04, 4.03100000000000e+04, 4.03090000000000e+04, 3.32317260592172e-08]
	RefineElem[5: 8.53450000000000e+04, 4.03080000000000e+04, 4.49750000000000e+04, 4.49760000000000e+04, 3.30989301358709e-08]
	RefineElem[5: 8.53460000000000e+04, 4.49760000000000e+04, 4.03070000000000e+04, 4.03080000000000e+04, 3.22771133034116e-08]
	RefineElem[5: 8.53940000000000e+04, 4.50000000000000e+04, 4.03140000000000e+04, 4.03150000000000e+04, 3.15256494983898e-08]
	RefineElem[5: 8.53440000000000e+04, 4.49750000000000e+04, 4.03080000000000e+04, 4.03090000000000e+04, 3.06974694445109e-08]
	RefineElem[5: 8.53470000000000e+04, 4.49760000000000e+04, 4.49770000000000e+04, 4.03070000000000e+04, 3.02972636518755e-08]
	RefineElem[5: 6.75300000000000e+04, 2.03560000000000e+04, 4.03880000000000e+04, 4.03870000000000e+04, 3.01760899306721e-08]
	RefineElem[5: 8.53920000000000e+04, 4.03160000000000e+04, 4.49980000000000e+04, 4.49990000000000e+04, 2.97200573672944e-08]
	RefineElem[5: 8.53400000000000e+04, 4.03110000000000e+04, 3.47340000000000e+04, 4.49730000000000e+04, 2.90727803788617e-08]
	RefineElem[5: 8.53390000000000e+04, 4.49730000000000e+04, 4.03100000000000e+04, 4.03110000000000e+04, 2.88602148292578e-08]
	RefineElem[5: 8.53990000000000e+04, 4.50020000000000e+04, 4.03120000000000e+04, 4.03130000000000e+04, 2.87703285821401e-08]
	RefineElem[5: 8.06120000000000e+04, 3.47350000000000e+04, 4.03110000000000e+04, 4.36250000000000e+04, 2.87290634336569e-08]
	RefineElem[5: 6.77000000000000e+04, 4.05090000000000e+04, 4.03360000000000e+04, 2.38190000000000e+04, 2.87115333789020e-08]
	RefineElem[5: 8.53430000000000e+04, 4.03090000000000e+04, 4.49740000000000e+04, 4.49750000000000e+04, 2.86171272941825e-08]
	RefineElem[5: 8.53930000000000e+04, 4.03150000000000e+04, 4.49990000000000e+04, 4.50000000000000e+04, 2.83909678045551e-08]
	RefineElem[5: 8.53960000000000e+04, 4.50010000000000e+04, 4.03130000000000e+04, 4.03140000000000e+04, 2.82726779218194e-08]
	RefineElem[5: 8.53950000000000e+04, 4.03140000000000e+04, 4.50000000000000e+04, 4.50010000000000e+04, 2.81267749157648e-08]
	RefineElem[5: 8.53910000000000e+04, 4.49990000000000e+04, 4.03150000000000e+04, 4.03160000000000e+04, 2.80602858789230e-08]
	RefineElem[5: 6.85440000000000e+04, 4.07980000000000e+04, 2.38310000000000e+04, 4.03360000000000e+04, 2.78404729913692e-08]
	RefineElem[5: 7.03480000000000e+04, 2.12760000000000e+04, 4.13050000000000e+04, 4.13060000000000e+04, 2.77361058863523e-08]
	RefineElem[5: 7.34990000000000e+04, 4.20060000000000e+04, 4.04540000000000e+04, 2.19020000000000e+04, 2.73049213670039e-08]
	RefineElem[5: 8.53980000000000e+04, 4.03130000000000e+04, 4.50010000000000e+04, 4.50020000000000e+04, 2.72603876524505e-08]
	RefineElem[5: 8.53410000000000e+04, 4.03100000000000e+04, 4.49730000000000e+04, 4.49740000000000e+04, 2.67981584508442e-08]
	RefineElem[5: 7.03410000000000e+04, 4.03550000000000e+04, 4.13050000000000e+04, 4.13040000000000e+04, 2.62193567757143e-08]
	RefineElem[5: 6.75640000000000e+04, 2.38210000000000e+04, 2.18380000000000e+04, 4.04290000000000e+04, 2.61286072868117e-08]
	RefineElem[5: 6.76400000000000e+04, 4.04810000000000e+04, 2.26670000000000e+04, 4.03260000000000e+04, 2.53208170639498e-08]
	RefineElem[5: 7.34540000000000e+04, 4.19990000000000e+04, 4.03360000000000e+04, 4.03970000000000e+04, 2.52852630437833e-08]
	RefineElem[5: 8.53970000000000e+04, 4.50020000000000e+04, 3.49280000000000e+04, 4.03120000000000e+04, 2.49424347978386e-08]
	RefineElem[5: 6.85770000000000e+04, 4.08160000000000e+04, 4.03390000000000e+04, 4.03870000000000e+04, 2.27295724267808e-08]
	RefineElem[5: 7.27470000000000e+04, 2.30570000000000e+04, 4.03640000000000e+04, 4.18620000000000e+04, 2.20075670313011e-08]
	RefineElem[5: 7.03420000000000e+04, 2.12740000000000e+04, 4.13040000000000e+04, 4.13050000000000e+04, 2.16042497682787e-08]
	RefineElem[5: 6.74570000000000e+04, 4.03110000000000e+04, 3.47350000000000e+04, 3.47340000000000e+04, 2.15013373726190e-08]
	RefineElem[5: 6.78170000000000e+04, 2.11420000000000e+04, 1.95140000000000e+04, 4.05530000000000e+04, 2.09775733633271e-08]
	RefineElem[5: 7.95930000000000e+04, 1.95150000000000e+04, 4.33440000000000e+04, 4.33430000000000e+04, 2.09309332496736e-08]
	RefineElem[5: 8.07610000000000e+04, 4.36710000000000e+04, 4.03120000000000e+04, 3.49510000000000e+04, 2.06944181326597e-08]
	RefineElem[5: 6.76020000000000e+04, 4.04490000000000e+04, 4.03390000000000e+04, 4.03450000000000e+04, 2.06021630099642e-08]
	RefineElem[5: 6.74580000000000e+04, 3.49510000000000e+04, 4.03120000000000e+04, 3.49280000000000e+04, 2.02373523190437e-08]
	RefineElem[5: 7.95870000000000e+04, 4.03400000000000e+04, 4.03170000000000e+04, 4.33430000000000e+04, 1.89165439398013e-08]
	RefineElem[5: 7.56070000000000e+04, 4.24250000000000e+04, 4.03410000000000e+04, 3.49840000000000e+04, 1.81865648271292e-08]
	RefineElem[5: 6.74740000000000e+04, 4.03360000000000e+04, 2.38310000000000e+04, 2.38290000000000e+04, 1.80314704749188e-08]
	RefineElem[5: 8.60800000000000e+04, 4.03630000000000e+04, 4.53520000000000e+04, 4.53530000000000e+04, 1.63144350232472e-08]
	RefineElem[5: 6.76030000000000e+04, 4.03450000000000e+04, 4.04480000000000e+04, 4.04490000000000e+04, 1.49833748328266e-08]
	RefineElem[5: 6.78910000000000e+04, 4.03170000000000e+04, 1.94050000000000e+04, 4.05780000000000e+04, 1.37600814208112e-08]
	RefineElem[5: 7.16110000000000e+04, 2.06000000000000e+04, 4.03880000000000e+04, 4.16210000000000e+04, 1.35995715938922e-08]
	RefineElem[5: 8.60770000000000e+04, 1.95150000000000e+04, 4.53520000000000e+04, 4.03630000000000e+04, 1.32333566186294e-08]
	RefineElem[5: 7.03470000000000e+04, 4.13060000000000e+04, 4.09210000000000e+04, 3.93150000000000e+04, 1.31416906230842e-08]
	RefineElem[5: 7.03340000000000e+04, 1.94120000000000e+04, 4.13030000000000e+04, 4.13020000000000e+04, 1.30541110263740e-08]
	RefineElem[5: 7.13660000000000e+04, 4.15690000000000e+04, 2.27390000000000e+04, 4.03380000000000e+04, 1.29684274663600e-08]
	RefineElem[5: 7.03360000000000e+04, 1.94120000000000e+04, 4.13040000000000e+04, 4.13030000000000e+04, 1.29367749179818e-08]
	RefineElem[5: 6.75650000000000e+04, 4.04290000000000e+04, 2.18380000000000e+04, 4.03660000000000e+04, 1.29146051209189e-08]
	RefineElem[5: 7.13270000000000e+04, 4.15560000000000e+04, 4.15570000000000e+04, 4.03180000000000e+04, 1.25280068550926e-08]
	RefineElem[5: 6.74620000000000e+04, 2.20070000000000e+04, 2.19780000000000e+04, 4.03230000000000e+04, 1.22916668962989e-08]
	RefineElem[5: 7.87880000000000e+04, 4.31610000000000e+04, 4.03270000000000e+04, 4.03280000000000e+04, 1.21654914167777e-08]
	RefineElem[5: 6.78850000000000e+04, 4.03550000000000e+04, 4.03170000000000e+04, 4.05770000000000e+04, 1.21586793868545e-08]
	RefineElem[5: 7.56120000000000e+04, 4.24260000000000e+04, 3.49490000000000e+04, 4.03200000000000e+04, 1.18415751860208e-08]
	RefineElem[5: 7.03380000000000e+04, 2.12730000000000e+04, 4.13030000000000e+04, 4.13040000000000e+04, 1.14431659979896e-08]
	RefineElem[5: 7.95860000000000e+04, 4.33430000000000e+04, 4.03170000000000e+04, 1.94120000000000e+04, 1.12797626621609e-08]
	RefineElem[5: 7.62870000000000e+04, 4.25970000000000e+04, 4.03200000000000e+04, 3.49490000000000e+04, 1.01879851949188e-08]
	RefineElem[5: 6.76460000000000e+04, 2.27400000000000e+04, 2.26670000000000e+04, 4.04810000000000e+04, 9.99420041362724e-09]
	RefineElem[5: 7.03320000000000e+04, 4.13000000000000e+04, 4.13030000000000e+04, 2.12730000000000e+04, 9.60947890509198e-09]
	RefineElem[5: 6.74750000000000e+04, 2.38290000000000e+04, 2.19010000000000e+04, 4.03360000000000e+04, 9.33775314451796e-09]
	RefineElem[5: 9.55630000000000e+04, 4.84550000000000e+04, 4.03570000000000e+04, 2.20070000000000e+04, 8.97759709670766e-09]
	RefineElem[5: 6.76000000000000e+04, 4.04480000000000e+04, 4.03450000000000e+04, 4.03470000000000e+04, 8.93362898061813e-09]
	RefineElem[5: 6.74590000000000e+04, 4.03170000000000e+04, 1.94470000000000e+04, 1.94050000000000e+04, 8.59610815334382e-09]
	RefineElem[5: 6.85760000000000e+04, 4.03870000000000e+04, 2.03440000000000e+04, 4.08160000000000e+04, 8.53112154046244e-09]
	RefineElem[5: 6.75190000000000e+04, 4.03670000000000e+04, 2.20070000000000e+04, 4.03660000000000e+04, 8.49495312483913e-09]
	RefineElem[5: 6.75940000000000e+04, 4.04460000000000e+04, 2.02790000000000e+04, 4.03870000000000e+04, 8.44991928118345e-09]
	RefineElem[5: 6.87260000000000e+04, 4.08650000000000e+04, 4.05090000000000e+04, 4.06170000000000e+04, 8.42317356556638e-09]
	RefineElem[5: 7.96020000000000e+04, 4.33470000000000e+04, 2.07570000000000e+04, 4.33460000000000e+04, 8.29426979542901e-09]
	RefineElem[5: 7.03290000000000e+04, 4.03350000000000e+04, 4.13020000000000e+04, 4.13010000000000e+04, 8.22849858065066e-09]
	RefineElem[5: 6.75710000000000e+04, 4.04300000000000e+04, 2.20080000000000e+04, 2.37190000000000e+04, 8.17194890563846e-09]
	RefineElem[5: 6.77650000000000e+04, 2.27270000000000e+04, 4.05290000000000e+04, 2.26660000000000e+04, 8.15089421207451e-09]
	RefineElem[5: 9.55670000000000e+04, 4.84560000000000e+04, 4.84570000000000e+04, 4.84550000000000e+04, 8.10128127475943e-09]
	RefineElem[5: 7.13240000000000e+04, 4.15430000000000e+04, 4.15560000000000e+04, 4.15550000000000e+04, 8.05818519609685e-09]
	RefineElem[5: 7.95920000000000e+04, 4.33440000000000e+04, 1.95140000000000e+04, 4.33430000000000e+04, 7.93486583035064e-09]
	RefineElem[5: 6.75200000000000e+04, 2.18380000000000e+04, 4.03670000000000e+04, 4.03660000000000e+04, 7.71520960696903e-09]
	RefineElem[5: 7.13140000000000e+04, 4.03280000000000e+04, 4.03270000000000e+04, 4.15530000000000e+04, 7.59220648043110e-09]
	RefineElem[5: 9.55660000000000e+04, 4.84560000000000e+04, 4.03230000000000e+04, 4.17790000000000e+04, 7.57152129843263e-09]
	RefineElem[5: 7.96030000000000e+04, 4.03630000000000e+04, 4.33470000000000e+04, 4.33460000000000e+04, 7.23854768791986e-09]
	RefineElem[5: 6.76190000000000e+04, 2.19010000000000e+04, 2.19020000000000e+04, 4.04540000000000e+04, 7.05586393675009e-09]
	RefineElem[5: 7.03440000000000e+04, 4.03560000000000e+04, 4.13060000000000e+04, 4.13050000000000e+04, 6.89328337004468e-09]
	RefineElem[5: 6.75370000000000e+04, 4.03360000000000e+04, 2.18440000000000e+04, 4.03970000000000e+04, 6.73299872236923e-09]
	RefineElem[5: 7.95940000000000e+04, 4.33440000000000e+04, 4.33450000000000e+04, 1.95140000000000e+04, 6.68361035389972e-09]
	RefineElem[5: 6.85720000000000e+04, 4.08150000000000e+04, 1.95140000000000e+04, 2.11420000000000e+04, 6.67859372697271e-09]
	RefineElem[5: 7.93220000000000e+04, 4.04520000000000e+04, 4.04480000000000e+04, 4.32930000000000e+04, 6.61292408851935e-09]
	RefineElem[5: 9.55650000000000e+04, 2.20070000000000e+04, 4.84560000000000e+04, 4.84550000000000e+04, 6.60635003919692e-09]
	RefineElem[5: 9.55680000000000e+04, 4.84570000000000e+04, 4.84560000000000e+04, 4.17790000000000e+04, 6.46611157294601e-09]
	RefineElem[5: 7.35030000000000e+04, 2.19020000000000e+04, 4.20050000000000e+04, 4.20070000000000e+04, 6.41043739504327e-09]
	RefineElem[5: 7.27510000000000e+04, 4.18620000000000e+04, 4.03640000000000e+04, 4.03380000000000e+04, 6.22726514302083e-09]
	RefineElem[5: 7.13690000000000e+04, 2.26670000000000e+04, 2.27400000000000e+04, 4.15690000000000e+04, 6.16511927931549e-09]
	RefineElem[5: 6.78920000000000e+04, 4.05780000000000e+04, 4.05770000000000e+04, 4.03170000000000e+04, 5.88657409146000e-09]
	RefineElem[5: 6.75140000000000e+04, 2.27320000000000e+04, 4.03380000000000e+04, 4.03640000000000e+04, 5.82879182574324e-09]
	RefineElem[5: 9.31150000000000e+04, 4.76700000000000e+04, 4.76690000000000e+04, 4.49730000000000e+04, 5.48209467540047e-09]
	RefineElem[5: 7.95960000000000e+04, 4.33450000000000e+04, 4.33440000000000e+04, 4.03630000000000e+04, 5.47876582784240e-09]
	RefineElem[5: 9.31120000000000e+04, 4.76690000000000e+04, 4.76680000000000e+04, 4.49740000000000e+04, 5.47476272196188e-09]
	RefineElem[5: 8.54090000000000e+04, 4.50060000000000e+04, 4.50050000000000e+04, 4.49990000000000e+04, 5.33896613240569e-09]
	RefineElem[5: 8.54120000000000e+04, 4.50070000000000e+04, 4.50060000000000e+04, 4.49980000000000e+04, 5.33110081458088e-09]
	RefineElem[5: 8.54050000000000e+04, 4.50050000000000e+04, 4.50040000000000e+04, 4.49990000000000e+04, 5.23302965968046e-09]
	RefineElem[5: 8.54030000000000e+04, 4.50040000000000e+04, 4.00400000000000e+04, 4.50000000000000e+04, 5.22895791268489e-09]
	RefineElem[5: 8.07570000000000e+04, 4.36700000000000e+04, 4.36690000000000e+04, 4.03120000000000e+04, 5.19445011458018e-09]
	RefineElem[5: 8.07560000000000e+04, 4.36690000000000e+04, 4.36680000000000e+04, 4.03130000000000e+04, 5.18916709513711e-09]
	RefineElem[5: 7.34970000000000e+04, 2.19010000000000e+04, 4.04060000000000e+04, 4.20050000000000e+04, 5.18398933645748e-09]
	RefineElem[5: 8.07520000000000e+04, 4.36670000000000e+04, 4.03060000000000e+04, 4.03140000000000e+04, 5.17932430752078e-09]
	RefineElem[5: 8.07540000000000e+04, 4.36680000000000e+04, 4.36670000000000e+04, 4.03130000000000e+04, 5.16780995525530e-09]
	RefineElem[5: 9.38170000000000e+04, 4.78880000000000e+04, 4.78870000000000e+04, 4.50020000000000e+04, 5.12909606314000e-09]
	RefineElem[5: 8.53630000000000e+04, 4.49860000000000e+04, 4.49850000000000e+04, 4.49770000000000e+04, 5.11110375494031e-09]
	RefineElem[5: 8.53660000000000e+04, 4.49870000000000e+04, 4.49860000000000e+04, 4.49760000000000e+04, 5.10622405226422e-09]
	RefineElem[5: 9.38150000000000e+04, 4.78870000000000e+04, 3.49800000000000e+04, 3.49280000000000e+04, 5.08556302581115e-09]
	RefineElem[5: 8.06230000000000e+04, 4.36310000000000e+04, 4.36300000000000e+04, 4.03080000000000e+04, 4.94747749753780e-09]
	RefineElem[5: 8.06210000000000e+04, 4.36300000000000e+04, 4.03050000000000e+04, 4.03090000000000e+04, 4.94370688077112e-09]
	RefineElem[5: 8.06110000000000e+04, 4.36250000000000e+04, 3.48160000000000e+04, 3.47350000000000e+04, 4.89816477494034e-09]
	RefineElem[5: 8.06130000000000e+04, 4.36260000000000e+04, 4.36250000000000e+04, 4.03110000000000e+04, 4.88412855743117e-09]
	RefineElem[5: 7.13260000000000e+04, 4.15570000000000e+04, 4.15470000000000e+04, 4.03180000000000e+04, 4.82760858350805e-09]
	RefineElem[5: 8.53510000000000e+04, 4.49820000000000e+04, 4.36340000000000e+04, 4.36330000000000e+04, 4.79064586142102e-09]
	RefineElem[5: 9.31040000000000e+04, 4.76670000000000e+04, 4.03040000000000e+04, 4.49750000000000e+04, 4.75713026169743e-09]
	RefineElem[5: 9.31080000000000e+04, 4.76680000000000e+04, 4.76670000000000e+04, 4.49740000000000e+04, 4.74563557992545e-09]
	RefineElem[5: 8.54180000000000e+04, 4.50120000000000e+04, 4.50080000000000e+04, 4.50070000000000e+04, 4.69151186965871e-09]
	RefineElem[5: 6.75170000000000e+04, 4.03660000000000e+04, 2.20070000000000e+04, 4.03570000000000e+04, 4.66741689287967e-09]
	RefineElem[5: 8.06170000000000e+04, 4.36290000000000e+04, 4.36280000000000e+04, 4.03100000000000e+04, 4.53493766609278e-09]
	RefineElem[5: 8.06180000000000e+04, 4.03090000000000e+04, 4.03050000000000e+04, 4.36290000000000e+04, 4.53007126772401e-09]
	RefineElem[5: 8.07600000000000e+04, 3.49510000000000e+04, 3.49810000000000e+04, 4.36710000000000e+04, 4.48481230002201e-09]
	RefineElem[5: 8.07590000000000e+04, 4.36710000000000e+04, 4.36700000000000e+04, 4.03120000000000e+04, 4.45447792222025e-09]
	RefineElem[5: 8.06250000000000e+04, 4.36320000000000e+04, 4.36310000000000e+04, 4.03080000000000e+04, 4.45047398273538e-09]
	RefineElem[5: 8.06260000000000e+04, 4.36330000000000e+04, 4.36320000000000e+04, 4.03070000000000e+04, 4.45044438434612e-09]
	RefineElem[5: 9.31200000000000e+04, 3.47340000000000e+04, 3.48060000000000e+04, 4.76710000000000e+04, 4.45023770138761e-09]
	RefineElem[5: 8.07620000000000e+04, 4.36730000000000e+04, 4.36720000000000e+04, 4.03160000000000e+04, 4.44729847135918e-09]
	RefineElem[5: 9.31180000000000e+04, 4.76710000000000e+04, 4.76700000000000e+04, 4.49730000000000e+04, 4.43751777574873e-09]
	RefineElem[5: 7.95980000000000e+04, 4.33460000000000e+04, 4.05530000000000e+04, 4.33450000000000e+04, 4.32676303437773e-09]
	RefineElem[5: 9.55640000000000e+04, 4.84560000000000e+04, 2.20070000000000e+04, 4.03230000000000e+04, 4.30977171333491e-09]
	RefineElem[5: 7.62890000000000e+04, 4.25970000000000e+04, 3.49840000000000e+04, 4.03410000000000e+04, 4.29890040856311e-09]
	RefineElem[5: 9.38270000000000e+04, 4.78910000000000e+04, 4.78900000000000e+04, 4.50010000000000e+04, 4.24795050302258e-09]
	RefineElem[5: 9.38290000000000e+04, 4.50000000000000e+04, 4.00400000000000e+04, 4.78910000000000e+04, 4.23637750856945e-09]
	RefineElem[5: 9.38240000000000e+04, 4.78900000000000e+04, 4.78890000000000e+04, 4.50010000000000e+04, 4.17260140955591e-09]
	RefineElem[5: 9.38210000000000e+04, 4.78890000000000e+04, 4.78880000000000e+04, 4.50020000000000e+04, 4.16619784486300e-09]
	RefineElem[5: 8.06160000000000e+04, 4.36280000000000e+04, 4.36270000000000e+04, 4.03100000000000e+04, 4.15784100157743e-09]
	RefineElem[5: 8.06150000000000e+04, 4.36270000000000e+04, 4.36260000000000e+04, 4.03110000000000e+04, 4.15169000177798e-09]
	RefineElem[5: 6.85450000000000e+04, 4.03360000000000e+04, 4.05090000000000e+04, 4.07980000000000e+04, 4.13904939611507e-09]
	RefineElem[5: 6.98370000000000e+04, 4.11670000000000e+04, 2.30730000000000e+04, 4.07450000000000e+04, 4.12997140852384e-09]
	RefineElem[5: 6.78840000000000e+04, 4.05770000000000e+04, 2.12810000000000e+04, 4.03550000000000e+04, 4.03908343380117e-09]
	RefineElem[5: 6.97740000000000e+04, 4.05880000000000e+04, 2.30490000000000e+04, 4.11480000000000e+04, 4.03193497898716e-09]
	RefineElem[5: 8.53590000000000e+04, 4.49850000000000e+04, 4.49840000000000e+04, 4.49770000000000e+04, 3.95606557061923e-09]
	RefineElem[5: 6.75400000000000e+04, 2.37210000000000e+04, 2.20080000000000e+04, 4.04030000000000e+04, 3.95122117359863e-09]
	RefineElem[5: 8.53710000000000e+04, 4.49750000000000e+04, 4.03040000000000e+04, 4.49880000000000e+04, 3.94146983699169e-09]
	RefineElem[5: 8.53690000000000e+04, 4.49880000000000e+04, 4.49870000000000e+04, 4.49760000000000e+04, 3.93255776826525e-09]
	RefineElem[5: 8.07680000000000e+04, 4.03140000000000e+04, 4.03060000000000e+04, 4.36760000000000e+04, 3.89190413345262e-09]
	RefineElem[5: 8.07670000000000e+04, 4.36760000000000e+04, 4.36750000000000e+04, 4.03150000000000e+04, 3.89112647788715e-09]
	RefineElem[5: 8.53580000000000e+04, 4.49780000000000e+04, 4.49770000000000e+04, 4.49840000000000e+04, 3.83508443380327e-09]
	RefineElem[5: 8.53520000000000e+04, 4.49820000000000e+04, 4.49770000000000e+04, 4.49780000000000e+04, 3.80468769807742e-09]
	RefineElem[5: 8.54000000000000e+04, 4.50030000000000e+04, 4.03160000000000e+04, 4.36720000000000e+04, 3.79786330685112e-09]
	RefineElem[5: 7.24090000000000e+04, 4.17790000000000e+04, 4.03230000000000e+04, 4.04300000000000e+04, 3.78395866536879e-09]
	RefineElem[5: 8.07640000000000e+04, 4.36740000000000e+04, 4.36730000000000e+04, 4.03160000000000e+04, 3.76194263387820e-09]
	RefineElem[5: 8.07650000000000e+04, 4.36750000000000e+04, 4.36740000000000e+04, 4.03150000000000e+04, 3.75912093633221e-09]
	RefineElem[5: 9.55690000000000e+04, 4.17790000000000e+04, 2.31940000000000e+04, 4.84570000000000e+04, 3.72465071358670e-09]
	RefineElem[5: 7.95910000000000e+04, 4.33440000000000e+04, 1.95150000000000e+04, 4.03630000000000e+04, 3.71850765456051e-09]
	RefineElem[5: 7.03250000000000e+04, 4.13010000000000e+04, 1.95160000000000e+04, 4.03350000000000e+04, 3.57600120238323e-09]
	RefineElem[5: 8.54230000000000e+04, 4.50130000000000e+04, 4.03160000000000e+04, 4.50030000000000e+04, 3.56599005162445e-09]
	RefineElem[5: 7.03400000000000e+04, 4.13050000000000e+04, 4.03550000000000e+04, 4.03560000000000e+04, 3.47167248199009e-09]
	RefineElem[5: 6.76450000000000e+04, 4.04810000000000e+04, 2.27370000000000e+04, 2.27400000000000e+04, 3.43931602693907e-09]
	RefineElem[5: 7.87840000000000e+04, 2.26140000000000e+04, 4.03260000000000e+04, 4.31600000000000e+04, 3.43494282792236e-09]
	RefineElem[5: 7.13350000000000e+04, 4.03310000000000e+04, 4.15540000000000e+04, 4.15610000000000e+04, 3.41159185900012e-09]
	RefineElem[5: 6.86600000000000e+04, 2.31930000000000e+04, 4.04300000000000e+04, 4.08430000000000e+04, 3.38984599160077e-09]
	RefineElem[5: 7.16150000000000e+04, 4.16210000000000e+04, 4.03880000000000e+04, 2.03560000000000e+04, 3.19269474805841e-09]
	RefineElem[5: 6.75690000000000e+04, 2.20080000000000e+04, 4.04300000000000e+04, 4.03230000000000e+04, 3.13456514080453e-09]
	RefineElem[5: 6.79910000000000e+04, 4.05320000000000e+04, 4.06020000000000e+04, 2.00940000000000e+04, 3.05908526486359e-09]
	RefineElem[5: 6.85790000000000e+04, 4.08160000000000e+04, 2.02370000000000e+04, 4.03460000000000e+04, 2.92278092786727e-09]
	RefineElem[5: 9.56670000000000e+04, 4.84870000000000e+04, 4.84570000000000e+04, 4.84580000000000e+04, 2.78803563119496e-09]
	RefineElem[5: 7.12980000000000e+04, 4.15460000000000e+04, 4.15430000000000e+04, 4.15450000000000e+04, 2.78540604928525e-09]
	RefineElem[5: 6.77290000000000e+04, 4.05220000000000e+04, 2.08030000000000e+04, 4.03470000000000e+04, 2.60160462009952e-09]
	RefineElem[5: 6.75990000000000e+04, 4.03470000000000e+04, 2.06960000000000e+04, 4.04480000000000e+04, 2.57832805035327e-09]
	RefineElem[5: 7.13320000000000e+04, 4.15590000000000e+04, 4.15540000000000e+04, 4.15470000000000e+04, 2.47967577485208e-09]
	RefineElem[5: 6.87340000000000e+04, 4.08660000000000e+04, 2.39320000000000e+04, 2.18090000000000e+04, 2.40323697725036e-09]
	RefineElem[5: 7.93290000000000e+04, 4.32950000000000e+04, 4.32940000000000e+04, 4.04480000000000e+04, 2.32366309534859e-09]
	RefineElem[5: 6.74870000000000e+04, 4.03420000000000e+04, 3.47590000000000e+04, 3.47870000000000e+04, 2.32083727395478e-09]
	RefineElem[5: 7.96000000000000e+04, 2.07550000000000e+04, 4.05530000000000e+04, 4.33460000000000e+04, 2.27681880081328e-09]
	RefineElem[5: 6.85850000000000e+04, 4.08170000000000e+04, 2.02720000000000e+04, 4.08160000000000e+04, 2.27273785199136e-09]
	RefineElem[5: 7.96010000000000e+04, 4.33470000000000e+04, 4.03630000000000e+04, 2.07660000000000e+04, 2.27202304424063e-09]
	RefineElem[5: 7.13160000000000e+04, 4.15470000000000e+04, 4.15540000000000e+04, 4.15530000000000e+04, 2.21645781147296e-09]
	RefineElem[5: 7.87810000000000e+04, 4.31600000000000e+04, 4.03260000000000e+04, 4.03270000000000e+04, 2.18341375603997e-09]
	RefineElem[5: 7.34980000000000e+04, 4.20050000000000e+04, 2.19020000000000e+04, 2.19010000000000e+04, 2.17670993886535e-09]
	RefineElem[5: 6.75660000000000e+04, 4.03660000000000e+04, 4.03590000000000e+04, 4.04290000000000e+04, 2.16767378402413e-09]
	RefineElem[5: 6.74790000000000e+04, 4.03400000000000e+04, 1.94450000000000e+04, 1.94470000000000e+04, 2.12087378247980e-09]
	RefineElem[5: 7.03460000000000e+04, 4.13060000000000e+04, 2.14000000000000e+04, 2.13890000000000e+04, 2.04187988168004e-09]
	RefineElem[5: 6.77710000000000e+04, 4.05320000000000e+04, 2.32370000000000e+04, 2.32360000000000e+04, 2.01466869783071e-09]
	RefineElem[5: 7.13220000000000e+04, 4.15560000000000e+04, 4.15430000000000e+04, 4.15460000000000e+04, 1.97042917129845e-09]
	RefineElem[5: 7.03270000000000e+04, 4.13010000000000e+04, 1.95170000000000e+04, 4.04050000000000e+04, 1.95312755283623e-09]
	RefineElem[5: 9.38140000000000e+04, 4.36710000000000e+04, 3.49800000000000e+04, 4.78870000000000e+04, 1.88623899271962e-09]
	RefineElem[5: 6.75530000000000e+04, 2.07540000000000e+04, 4.04080000000000e+04, 2.07530000000000e+04, 1.77998365096745e-09]
	RefineElem[5: 7.24120000000000e+04, 4.17800000000000e+04, 4.04300000000000e+04, 2.31930000000000e+04, 1.74524044336638e-09]
	RefineElem[5: 8.54140000000000e+04, 4.50070000000000e+04, 4.36720000000000e+04, 4.36730000000000e+04, 1.72697052924900e-09]
	RefineElem[5: 8.53600000000000e+04, 4.49850000000000e+04, 4.36330000000000e+04, 4.36340000000000e+04, 1.71362129570274e-09]
	RefineElem[5: 8.54110000000000e+04, 4.50060000000000e+04, 4.36730000000000e+04, 4.36740000000000e+04, 1.70794867826333e-09]
	RefineElem[5: 9.38220000000000e+04, 4.36690000000000e+04, 4.78880000000000e+04, 4.78890000000000e+04, 1.70662093036580e-09]
	RefineElem[5: 7.35040000000000e+04, 4.20070000000000e+04, 4.20060000000000e+04, 2.19020000000000e+04, 1.70650116537546e-09]
	RefineElem[5: 9.31170000000000e+04, 4.76700000000000e+04, 4.36260000000000e+04, 4.36270000000000e+04, 1.69304460779737e-09]
	RefineElem[5: 9.31190000000000e+04, 4.76710000000000e+04, 3.48060000000000e+04, 4.36250000000000e+04, 1.67815737290391e-09]
	RefineElem[5: 6.96810000000000e+04, 4.11250000000000e+04, 2.07140000000000e+04, 4.09410000000000e+04, 1.67755721319372e-09]
	RefineElem[5: 6.85820000000000e+04, 4.08160000000000e+04, 4.03460000000000e+04, 4.03450000000000e+04, 1.66926361271870e-09]
	RefineElem[5: 9.31140000000000e+04, 4.76690000000000e+04, 4.36270000000000e+04, 4.36280000000000e+04, 1.66435208177873e-09]
	RefineElem[5: 9.31160000000000e+04, 4.36270000000000e+04, 4.76690000000000e+04, 4.76700000000000e+04, 1.66312075142293e-09]
	RefineElem[5: 7.84630000000000e+04, 4.30820000000000e+04, 2.88750000000000e+04, 4.09290000000000e+04, 1.65775837329422e-09]
	RefineElem[5: 6.87300000000000e+04, 4.08650000000000e+04, 4.08660000000000e+04, 4.07980000000000e+04, 1.63216979573386e-09]
	RefineElem[5: 9.38190000000000e+04, 4.78880000000000e+04, 4.36690000000000e+04, 4.36700000000000e+04, 1.62143376189185e-09]
	RefineElem[5: 9.31100000000000e+04, 4.36290000000000e+04, 4.76670000000000e+04, 4.76680000000000e+04, 1.61345464256901e-09]
	RefineElem[5: 8.53650000000000e+04, 4.49860000000000e+04, 4.36320000000000e+04, 4.36330000000000e+04, 1.60548595132470e-09]
	RefineElem[5: 9.31220000000000e+04, 4.76710000000000e+04, 4.36250000000000e+04, 4.36260000000000e+04, 1.60392141738276e-09]
	RefineElem[5: 9.31130000000000e+04, 4.36280000000000e+04, 4.76680000000000e+04, 4.76690000000000e+04, 1.60287703774851e-09]
	RefineElem[5: 9.72150000000000e+04, 3.47220000000000e+04, 4.90860000000000e+04, 4.03370000000000e+04, 1.59431889136462e-09]
	RefineElem[5: 6.79890000000000e+04, 4.05320000000000e+04, 2.00200000000000e+04, 4.06020000000000e+04, 1.59156735119311e-09]
	RefineElem[5: 9.38260000000000e+04, 4.78900000000000e+04, 4.36670000000000e+04, 4.36680000000000e+04, 1.58894299548941e-09]
	RefineElem[5: 9.31230000000000e+04, 4.36260000000000e+04, 4.76700000000000e+04, 4.76710000000000e+04, 1.57842098183491e-09]
	RefineElem[5: 7.40440000000000e+04, 1.12740000000000e+04, 4.04990000000000e+04, 4.21210000000000e+04, 1.57538567091879e-09]
	RefineElem[5: 9.38180000000000e+04, 4.36700000000000e+04, 4.78870000000000e+04, 4.78880000000000e+04, 1.57044168550520e-09]
	RefineElem[5: 6.94090000000000e+04, 4.10600000000000e+04, 2.03530000000000e+04, 4.03870000000000e+04, 1.56030224705979e-09]
	RefineElem[5: 7.93200000000000e+04, 4.32920000000000e+04, 4.03320000000000e+04, 2.32480000000000e+04, 1.55836714682110e-09]
	RefineElem[5: 9.38130000000000e+04, 4.78870000000000e+04, 4.36700000000000e+04, 4.36710000000000e+04, 1.55653359153731e-09]
	RefineElem[5: 6.76040000000000e+04, 4.04460000000000e+04, 4.04500000000000e+04, 4.04470000000000e+04, 1.55510289567192e-09]
	RefineElem[5: 6.80700000000000e+04, 4.06410000000000e+04, 2.32460000000000e+04, 2.32370000000000e+04, 1.53563104997859e-09]
	RefineElem[5: 7.41770000000000e+04, 4.07860000000000e+04, 2.03480000000000e+04, 4.21470000000000e+04, 1.52819136601581e-09]
	RefineElem[5: 9.38230000000000e+04, 4.78890000000000e+04, 4.36680000000000e+04, 4.36690000000000e+04, 1.52570596165988e-09]
	RefineElem[5: 9.38280000000000e+04, 4.78900000000000e+04, 4.78910000000000e+04, 4.36670000000000e+04, 1.52266200695682e-09]
	RefineElem[5: 6.76100000000000e+04, 4.04480000000000e+04, 4.04520000000000e+04, 4.04510000000000e+04, 1.51959668052294e-09]
	RefineElem[5: 8.54130000000000e+04, 4.36730000000000e+04, 4.50060000000000e+04, 4.50070000000000e+04, 1.51942937684192e-09]
	RefineElem[5: 7.40430000000000e+04, 4.21210000000000e+04, 1.00490000000000e+04, 1.12750000000000e+04, 1.51934815011306e-09]
	RefineElem[5: 8.54010000000000e+04, 4.50040000000000e+04, 4.36750000000000e+04, 4.36760000000000e+04, 1.51861440542641e-09]
	RefineElem[5: 8.06200000000000e+04, 4.03050000000000e+04, 4.36300000000000e+04, 4.03040000000000e+04, 1.50856408624498e-09]
	RefineElem[5: 6.78830000000000e+04, 4.05770000000000e+04, 2.12820000000000e+04, 2.12810000000000e+04, 1.49924373454201e-09]
	RefineElem[5: 8.54150000000000e+04, 4.50070000000000e+04, 4.50080000000000e+04, 4.36720000000000e+04, 1.48967263183548e-09]
	RefineElem[5: 9.38320000000000e+04, 4.78910000000000e+04, 4.00400000000000e+04, 4.03060000000000e+04, 1.48780853019897e-09]
	RefineElem[5: 9.38310000000000e+04, 4.03060000000000e+04, 4.36670000000000e+04, 4.78910000000000e+04, 1.48183783829488e-09]
	RefineElem[5: 6.77240000000000e+04, 3.95100000000000e+04, 3.83210000000000e+04, 4.05200000000000e+04, 1.47845369200284e-09]
	RefineElem[5: 8.54060000000000e+04, 4.36750000000000e+04, 4.50040000000000e+04, 4.50050000000000e+04, 1.46739205999380e-09]
	RefineElem[5: 8.53740000000000e+04, 4.49880000000000e+04, 4.36300000000000e+04, 4.36310000000000e+04, 1.46726942490365e-09]
	RefineElem[5: 8.53670000000000e+04, 4.36320000000000e+04, 4.49860000000000e+04, 4.49870000000000e+04, 1.46276551406655e-09]
	RefineElem[5: 8.01620000000000e+04, 4.35080000000000e+04, 2.31920000000000e+04, 4.35030000000000e+04, 1.46085578570698e-09]
	RefineElem[5: 8.54070000000000e+04, 4.50050000000000e+04, 4.36740000000000e+04, 4.36750000000000e+04, 1.45645030980748e-09]
	RefineElem[5: 8.54020000000000e+04, 4.36760000000000e+04, 4.00400000000000e+04, 4.50040000000000e+04, 1.43561983993957e-09]
	RefineElem[5: 9.38250000000000e+04, 4.36680000000000e+04, 4.78890000000000e+04, 4.78900000000000e+04, 1.42653274305049e-09]
	RefineElem[5: 8.07660000000000e+04, 4.36760000000000e+04, 4.03060000000000e+04, 4.00400000000000e+04, 1.41589844936124e-09]
	RefineElem[5: 8.53730000000000e+04, 4.36310000000000e+04, 4.49870000000000e+04, 4.49880000000000e+04, 1.40712543758047e-09]
	RefineElem[5: 8.53610000000000e+04, 4.36340000000000e+04, 4.49840000000000e+04, 4.49850000000000e+04, 1.40266004100956e-09]
	RefineElem[5: 8.53640000000000e+04, 4.36330000000000e+04, 4.49850000000000e+04, 4.49860000000000e+04, 1.39706454382107e-09]
	RefineElem[5: 7.96130000000000e+04, 4.33510000000000e+04, 4.03530000000000e+04, 2.31870000000000e+04, 1.39517663471373e-09]
	RefineElem[5: 8.54100000000000e+04, 4.36740000000000e+04, 4.50050000000000e+04, 4.50060000000000e+04, 1.39440137321490e-09]
	RefineElem[5: 9.31090000000000e+04, 4.76680000000000e+04, 4.36280000000000e+04, 4.36290000000000e+04, 1.39068813596509e-09]
	RefineElem[5: 7.35020000000000e+04, 4.20070000000000e+04, 4.04030000000000e+04, 4.20060000000000e+04, 1.38907361941665e-09]
	RefineElem[5: 8.53700000000000e+04, 4.49880000000000e+04, 4.03040000000000e+04, 4.36300000000000e+04, 1.38896570080627e-09]
	RefineElem[5: 9.31060000000000e+04, 4.76670000000000e+04, 4.36290000000000e+04, 4.03050000000000e+04, 1.38715357959108e-09]
	RefineElem[5: 6.75000000000000e+04, 4.03470000000000e+04, 4.03450000000000e+04, 4.03460000000000e+04, 1.38048431182914e-09]
	RefineElem[5: 7.95990000000000e+04, 4.33460000000000e+04, 2.07570000000000e+04, 2.07550000000000e+04, 1.35707939985433e-09]
	RefineElem[5: 8.20160000000000e+04, 4.40350000000000e+04, 4.03620000000000e+04, 3.50230000000000e+04, 1.35441891368860e-09]
	RefineElem[5: 7.03240000000000e+04, 4.13010000000000e+04, 4.03340000000000e+04, 1.95170000000000e+04, 1.35119390792666e-09]
	RefineElem[5: 9.31070000000000e+04, 4.03050000000000e+04, 4.03040000000000e+04, 4.76670000000000e+04, 1.33871396271829e-09]
	RefineElem[5: 8.53680000000000e+04, 4.49870000000000e+04, 4.36310000000000e+04, 4.36320000000000e+04, 1.33828415315568e-09]
	RefineElem[5: 7.03570000000000e+04, 4.13080000000000e+04, 1.93030000000000e+04, 2.14200000000000e+04, 1.33161484724157e-09]
	RefineElem[5: 7.84640000000000e+04, 4.09290000000000e+04, 4.04410000000000e+04, 4.30820000000000e+04, 1.32858944263955e-09]
	RefineElem[5: 6.85810000000000e+04, 4.08160000000000e+04, 2.02720000000000e+04, 2.02730000000000e+04, 1.30782518017278e-09]
	RefineElem[5: 6.74600000000000e+04, 3.48770000000000e+04, 3.47380000000000e+04, 4.03220000000000e+04, 1.26476161957544e-09]
	RefineElem[5: 6.85700000000000e+04, 4.08150000000000e+04, 4.03400000000000e+04, 1.95140000000000e+04, 1.25262336703150e-09]
	RefineElem[5: 1.01975000000000e+05, 5.06050000000000e+04, 4.03220000000000e+04, 3.47400000000000e+04, 1.23599050867770e-09]
	RefineElem[5: 6.79990000000000e+04, 4.06050000000000e+04, 2.31470000000000e+04, 2.31450000000000e+04, 1.23374409172414e-09]
	RefineElem[5: 7.16180000000000e+04, 4.08930000000000e+04, 2.05960000000000e+04, 4.16210000000000e+04, 1.21613406835896e-09]
	RefineElem[5: 6.85940000000000e+04, 4.08180000000000e+04, 4.04410000000000e+04, 4.06370000000000e+04, 1.21593739785571e-09]
	RefineElem[5: 7.56080000000000e+04, 4.24260000000000e+04, 3.49300000000000e+04, 3.49490000000000e+04, 1.19865433429369e-09]
	RefineElem[5: 8.60810000000000e+04, 4.53540000000000e+04, 2.07660000000000e+04, 4.53530000000000e+04, 1.19598068514164e-09]
	RefineElem[5: 8.06100000000000e+04, 3.48160000000000e+04, 4.36250000000000e+04, 3.48060000000000e+04, 1.19382141253946e-09]
	RefineElem[5: 7.03450000000000e+04, 2.13890000000000e+04, 4.09210000000000e+04, 4.13060000000000e+04, 1.18524416314179e-09]
	RefineElem[5: 6.75500000000000e+04, 4.04060000000000e+04, 2.18630000000000e+04, 2.18590000000000e+04, 1.15015088729998e-09]
	RefineElem[5: 7.62920000000000e+04, 4.25980000000000e+04, 4.25970000000000e+04, 3.49490000000000e+04, 1.11033002013899e-09]
	RefineElem[5: 8.60820000000000e+04, 4.53550000000000e+04, 4.53540000000000e+04, 4.53530000000000e+04, 1.10735428820225e-09]
	RefineElem[5: 6.76080000000000e+04, 4.04490000000000e+04, 4.04510000000000e+04, 4.04500000000000e+04, 1.08432771803314e-09]
	RefineElem[5: 6.75310000000000e+04, 4.03880000000000e+04, 2.06000000000000e+04, 2.06020000000000e+04, 1.07266862954470e-09]
	RefineElem[5: 7.27480000000000e+04, 4.18620000000000e+04, 2.30580000000000e+04, 2.30570000000000e+04, 1.06264834678189e-09]
	RefineElem[5: 6.98360000000000e+04, 4.11670000000000e+04, 4.03640000000000e+04, 2.30550000000000e+04, 1.05368665753642e-09]
	RefineElem[5: 7.03300000000000e+04, 4.03340000000000e+04, 4.13010000000000e+04, 4.13020000000000e+04, 1.05038585872608e-09]
	RefineElem[5: 6.81670000000000e+04, 4.06660000000000e+04, 3.47870000000000e+04, 3.47670000000000e+04, 1.04494366426280e-09]
	RefineElem[5: 6.78860000000000e+04, 4.05770000000000e+04, 4.05780000000000e+04, 2.12820000000000e+04, 1.03835111888189e-09]
	RefineElem[5: 9.55830000000000e+04, 2.07660000000000e+04, 4.53540000000000e+04, 4.84620000000000e+04, 1.03155887671176e-09]
	RefineElem[5: 7.95950000000000e+04, 4.33450000000000e+04, 4.05530000000000e+04, 1.95140000000000e+04, 1.03107061880108e-09]
	RefineElem[5: 6.92050000000000e+04, 2.63190000000000e+04, 2.44350000000000e+04, 4.09980000000000e+04, 1.01810190716640e-09]
	RefineElem[5: 7.13110000000000e+04, 4.15530000000000e+04, 4.03310000000000e+04, 4.03300000000000e+04, 1.01581597500719e-09]
	RefineElem[5: 6.75390000000000e+04, 4.03970000000000e+04, 2.18380000000000e+04, 2.38210000000000e+04, 1.01208935451653e-09]
	RefineElem[5: 6.79100000000000e+04, 4.05850000000000e+04, 2.32360000000000e+04, 2.32350000000000e+04, 1.01161017715541e-09]
	RefineElem[5: 7.87830000000000e+04, 4.31600000000000e+04, 4.07830000000000e+04, 2.26140000000000e+04, 9.69827785176698e-10]
	RefineElem[5: 8.60830000000000e+04, 4.53560000000000e+04, 4.53550000000000e+04, 4.53530000000000e+04, 9.68820230700179e-10]
	RefineElem[5: 8.56950000000000e+04, 4.51730000000000e+04, 3.47240000000000e+04, 4.03370000000000e+04, 9.68054658604460e-10]
	RefineElem[5: 6.75290000000000e+04, 2.03530000000000e+04, 2.03540000000000e+04, 4.03870000000000e+04, 9.60878420422950e-10]
	RefineElem[5: 7.13300000000000e+04, 4.15580000000000e+04, 4.15470000000000e+04, 4.15570000000000e+04, 9.59987558939601e-10]
	RefineElem[5: 7.96210000000000e+04, 4.33540000000000e+04, 4.03790000000000e+04, 2.44350000000000e+04, 9.39159500135459e-10]
	RefineElem[5: 6.80370000000000e+04, 3.87080000000000e+04, 2.38240000000000e+04, 4.06170000000000e+04, 9.06267471369811e-10]
	RefineElem[5: 7.16670000000000e+04, 2.63260000000000e+04, 4.09970000000000e+04, 4.16370000000000e+04, 9.06092806511492e-10]
	RefineElem[5: 6.75320000000000e+04, 2.06030000000000e+04, 2.03480000000000e+04, 4.03880000000000e+04, 8.83089300683871e-10]
	RefineElem[5: 6.84290000000000e+04, 4.07620000000000e+04, 2.66450000000000e+04, 4.05900000000000e+04, 8.81289956016667e-10]
	RefineElem[5: 6.86450000000000e+04, 3.48700000000000e+04, 4.06080000000000e+04, 4.08400000000000e+04, 8.74716422460559e-10]
	RefineElem[5: 7.03330000000000e+04, 4.13030000000000e+04, 4.13000000000000e+04, 4.13020000000000e+04, 8.72522582644411e-10]
	RefineElem[5: 7.93250000000000e+04, 4.03320000000000e+04, 4.32920000000000e+04, 4.32930000000000e+04, 8.67047581397694e-10]
	RefineElem[5: 1.01964000000000e+05, 5.06000000000000e+04, 4.04320000000000e+04, 3.47320000000000e+04, 8.64236909681837e-10]
	RefineElem[5: 6.77210000000000e+04, 4.05200000000000e+04, 3.83170000000000e+04, 3.95000000000000e+04, 8.49846737901574e-10]
	RefineElem[5: 6.80200000000000e+04, 4.06140000000000e+04, 2.69430000000000e+04, 2.88840000000000e+04, 8.26588924612288e-10]
	RefineElem[5: 7.24170000000000e+04, 4.03530000000000e+04, 4.17790000000000e+04, 4.17800000000000e+04, 8.10804064036077e-10]
	RefineElem[5: 7.56100000000000e+04, 3.49300000000000e+04, 4.24260000000000e+04, 3.49840000000000e+04, 8.01037281815523e-10]
	RefineElem[5: 6.74680000000000e+04, 4.03330000000000e+04, 3.48770000000000e+04, 4.03220000000000e+04, 7.99136110952610e-10]
	RefineElem[5: 1.01971000000000e+05, 3.47470000000000e+04, 4.04320000000000e+04, 5.06030000000000e+04, 7.91111005584356e-10]
	RefineElem[5: 6.98330000000000e+04, 2.27320000000000e+04, 4.03640000000000e+04, 4.11670000000000e+04, 7.90427866461887e-10]
	RefineElem[5: 6.98340000000000e+04, 4.11670000000000e+04, 3.88240000000000e+04, 2.27320000000000e+04, 7.86953508785380e-10]
	RefineElem[5: 6.75360000000000e+04, 4.03970000000000e+04, 2.18440000000000e+04, 2.18380000000000e+04, 7.82880999562751e-10]
	RefineElem[5: 7.84750000000000e+04, 4.30850000000000e+04, 2.83380000000000e+04, 2.83370000000000e+04, 7.58588445512712e-10]
	RefineElem[5: 6.86330000000000e+04, 3.98680000000000e+04, 3.74350000000000e+04, 4.08360000000000e+04, 7.53762426824827e-10]
	RefineElem[5: 7.00210000000000e+04, 4.12330000000000e+04, 4.04810000000000e+04, 2.26710000000000e+04, 7.53719964189452e-10]
	RefineElem[5: 1.01013000000000e+05, 5.02250000000000e+04, 4.25940000000000e+04, 3.49960000000000e+04, 7.45739225488349e-10]
	RefineElem[5: 7.23040000000000e+04, 2.64600000000000e+04, 2.63240000000000e+04, 4.17610000000000e+04, 7.27899930717333e-10]
	RefineElem[5: 6.76110000000000e+04, 4.04520000000000e+04, 2.01510000000000e+04, 4.04510000000000e+04, 7.22513875192489e-10]
	RefineElem[5: 6.76070000000000e+04, 4.04510000000000e+04, 4.04490000000000e+04, 4.04480000000000e+04, 7.05106441613018e-10]
	RefineElem[5: 7.96230000000000e+04, 4.14360000000000e+04, 4.05860000000000e+04, 4.33540000000000e+04, 6.89295373969415e-10]
	RefineElem[5: 6.74650000000000e+04, 2.26140000000000e+04, 2.26090000000000e+04, 4.03260000000000e+04, 6.80986177061352e-10]
	RefineElem[5: 8.53880000000000e+04, 3.49260000000000e+04, 4.49970000000000e+04, 4.20250000000000e+04, 6.78674923223712e-10]
	RefineElem[5: 8.60750000000000e+04, 4.04080000000000e+04, 4.53520000000000e+04, 1.95160000000000e+04, 6.70866674901342e-10]
	RefineElem[5: 1.01005000000000e+05, 4.25950000000000e+04, 4.25940000000000e+04, 5.02230000000000e+04, 6.70386040211113e-10]
	RefineElem[5: 6.80120000000000e+04, 4.06080000000000e+04, 3.48700000000000e+04, 3.47200000000000e+04, 6.66430929821281e-10]
	RefineElem[5: 7.93350000000000e+04, 4.03280000000000e+04, 4.03290000000000e+04, 4.32960000000000e+04, 6.64519875609699e-10]
	RefineElem[5: 6.79970000000000e+04, 4.06050000000000e+04, 2.08040000000000e+04, 4.05220000000000e+04, 6.57429605909951e-10]
	RefineElem[5: 6.85780000000000e+04, 2.02740000000000e+04, 2.02370000000000e+04, 4.08160000000000e+04, 6.53283651865075e-10]
	RefineElem[5: 9.59120000000000e+04, 4.85550000000000e+04, 4.36340000000000e+04, 4.49800000000000e+04, 6.50595025925209e-10]
	RefineElem[5: 6.79770000000000e+04, 3.74430000000000e+04, 3.98410000000000e+04, 4.05960000000000e+04, 6.50277341251276e-10]
	RefineElem[5: 7.35070000000000e+04, 4.20080000000000e+04, 4.20050000000000e+04, 2.18590000000000e+04, 6.48791467902406e-10]
	RefineElem[5: 1.01002000000000e+05, 4.25960000000000e+04, 4.25950000000000e+04, 5.02210000000000e+04, 6.47358840983339e-10]
	RefineElem[5: 6.77690000000000e+04, 3.49120000000000e+04, 3.50150000000000e+04, 4.05300000000000e+04, 6.45857795577386e-10]
	RefineElem[5: 8.54270000000000e+04, 4.36720000000000e+04, 4.50140000000000e+04, 4.50150000000000e+04, 6.45373857669798e-10]
	RefineElem[5: 7.93240000000000e+04, 4.32930000000000e+04, 4.03310000000000e+04, 4.03320000000000e+04, 6.44893610884752e-10]
	RefineElem[5: 6.94260000000000e+04, 2.53930000000000e+04, 4.10710000000000e+04, 2.54620000000000e+04, 6.44775612493547e-10]
	RefineElem[5: 7.35000000000000e+04, 4.20060000000000e+04, 4.04030000000000e+04, 2.20080000000000e+04, 6.41141652701206e-10]
	RefineElem[5: 7.27500000000000e+04, 2.30420000000000e+04, 2.30580000000000e+04, 4.18620000000000e+04, 6.34123343714608e-10]
	RefineElem[5: 7.87860000000000e+04, 4.31600000000000e+04, 4.31610000000000e+04, 2.31440000000000e+04, 6.18905235200366e-10]
	RefineElem[5: 6.75720000000000e+04, 3.47320000000000e+04, 4.04320000000000e+04, 4.03220000000000e+04, 6.12783346690745e-10]
	RefineElem[5: 6.82610000000000e+04, 4.07000000000000e+04, 2.58470000000000e+04, 4.05590000000000e+04, 6.02057449079773e-10]
	RefineElem[5: 7.56110000000000e+04, 4.03200000000000e+04, 4.24250000000000e+04, 4.24260000000000e+04, 5.92744641670014e-10]
	RefineElem[5: 6.85990000000000e+04, 4.05010000000000e+04, 2.82430000000000e+04, 4.08190000000000e+04, 5.87230390427822e-10]
	RefineElem[5: 6.76340000000000e+04, 2.26650000000000e+04, 4.04760000000000e+04, 4.04750000000000e+04, 5.84697391105016e-10]
	RefineElem[5: 6.92710000000000e+04, 2.68570000000000e+04, 2.90230000000000e+04, 4.10110000000000e+04, 5.73108880988686e-10]
	RefineElem[5: 6.87280000000000e+04, 4.08650000000000e+04, 4.06170000000000e+04, 2.39680000000000e+04, 5.71418079453936e-10]
	RefineElem[5: 7.27450000000000e+04, 2.27430000000000e+04, 4.18620000000000e+04, 3.88140000000000e+04, 5.68285775443476e-10]
	RefineElem[5: 6.76090000000000e+04, 4.04510000000000e+04, 2.01510000000000e+04, 4.04500000000000e+04, 5.66459829980106e-10]
	RefineElem[5: 6.88460000000000e+04, 4.09110000000000e+04, 2.31990000000000e+04, 2.31970000000000e+04, 5.66006429362207e-10]
	RefineElem[5: 7.03370000000000e+04, 4.13040000000000e+04, 2.12740000000000e+04, 3.93540000000000e+04, 5.64796903836567e-10]
	RefineElem[5: 6.81710000000000e+04, 4.06680000000000e+04, 3.47790000000000e+04, 4.03420000000000e+04, 5.55805456207953e-10]
	RefineElem[5: 7.48560000000000e+04, 4.22890000000000e+04, 4.05740000000000e+04, 2.91690000000000e+04, 5.49904050274730e-10]
	RefineElem[5: 6.90190000000000e+04, 3.95100000000000e+04, 3.95080000000000e+04, 4.09510000000000e+04, 5.42853288702326e-10]
	RefineElem[5: 7.62860000000000e+04, 4.25970000000000e+04, 4.25960000000000e+04, 4.03200000000000e+04, 5.37591937716125e-10]
	RefineElem[5: 6.78960000000000e+04, 2.18630000000000e+04, 4.04060000000000e+04, 4.05800000000000e+04, 5.37110013360553e-10]
	RefineElem[5: 6.77040000000000e+04, 2.07650000000000e+04, 2.11380000000000e+04, 4.05150000000000e+04, 5.34270382004002e-10]
	RefineElem[5: 7.96040000000000e+04, 2.07660000000000e+04, 4.33480000000000e+04, 4.33470000000000e+04, 5.34264603843586e-10]
	RefineElem[5: 8.54320000000000e+04, 4.50180000000000e+04, 4.50140000000000e+04, 3.49830000000000e+04, 5.26336572084973e-10]
	RefineElem[5: 7.95890000000000e+04, 4.33430000000000e+04, 1.94120000000000e+04, 4.03350000000000e+04, 5.26063706856662e-10]
	RefineElem[5: 6.85050000000000e+04, 4.07860000000000e+04, 4.03880000000000e+04, 2.03480000000000e+04, 5.17350400415048e-10]
	RefineElem[5: 6.79870000000000e+04, 2.01080000000000e+04, 4.06020000000000e+04, 2.01090000000000e+04, 5.17283770086496e-10]
	RefineElem[5: 9.68760000000000e+04, 4.89170000000000e+04, 4.24220000000000e+04, 3.49340000000000e+04, 5.17227411393031e-10]
	RefineElem[5: 6.88740000000000e+04, 3.48700000000000e+04, 4.09200000000000e+04, 3.47200000000000e+04, 5.11587836795022e-10]
	RefineElem[5: 6.85750000000000e+04, 4.08160000000000e+04, 2.03440000000000e+04, 2.03450000000000e+04, 5.10696311326826e-10]
	RefineElem[5: 7.34500000000000e+04, 4.19990000000000e+04, 2.38190000000000e+04, 4.03360000000000e+04, 5.08399251686416e-10]
	RefineElem[5: 9.59160000000000e+04, 4.85590000000000e+04, 4.49890000000000e+04, 4.49780000000000e+04, 5.07379915990095e-10]
	RefineElem[5: 6.78140000000000e+04, 4.05530000000000e+04, 2.07550000000000e+04, 2.07560000000000e+04, 5.03316702483577e-10]
	RefineElem[5: 7.93210000000000e+04, 2.32480000000000e+04, 2.06950000000000e+04, 4.32920000000000e+04, 4.99064488513874e-10]
	RefineElem[5: 7.56060000000000e+04, 4.24250000000000e+04, 4.24240000000000e+04, 4.03410000000000e+04, 4.97218488565149e-10]
	RefineElem[5: 8.07580000000000e+04, 4.36710000000000e+04, 3.49810000000000e+04, 3.49800000000000e+04, 4.95112399588538e-10]
	RefineElem[5: 6.80400000000000e+04, 2.06040000000000e+04, 4.06180000000000e+04, 2.03480000000000e+04, 4.87076771927143e-10]
	RefineElem[5: 7.56050000000000e+04, 4.24240000000000e+04, 4.24250000000000e+04, 4.03200000000000e+04, 4.78869764878767e-10]
	RefineElem[5: 7.26680000000000e+04, 2.39620000000000e+04, 2.18080000000000e+04, 4.18410000000000e+04, 4.75286713709573e-10]
	RefineElem[5: 6.85420000000000e+04, 4.07980000000000e+04, 3.87790000000000e+04, 2.38310000000000e+04, 4.75103870074955e-10]
	RefineElem[5: 7.93320000000000e+04, 4.32960000000000e+04, 4.32950000000000e+04, 4.04480000000000e+04, 4.74678284405496e-10]
	RefineElem[5: 8.20100000000000e+04, 3.50060000000000e+04, 4.03620000000000e+04, 4.40320000000000e+04, 4.69989463966746e-10]
	RefineElem[5: 6.75540000000000e+04, 4.04080000000000e+04, 1.95160000000000e+04, 4.04050000000000e+04, 4.67004606818930e-10]
	RefineElem[5: 7.02520000000000e+04, 4.12820000000000e+04, 2.56460000000000e+04, 2.53910000000000e+04, 4.56819088579269e-10]
	RefineElem[5: 6.77450000000000e+04, 1.12760000000000e+04, 4.05250000000000e+04, 1.00580000000000e+04, 4.54115007797037e-10]
	RefineElem[5: 7.03550000000000e+04, 1.93030000000000e+04, 4.13080000000000e+04, 4.13070000000000e+04, 4.53281881557931e-10]
	RefineElem[5: 6.77280000000000e+04, 4.03470000000000e+04, 4.03460000000000e+04, 4.05220000000000e+04, 4.52767112026127e-10]
	RefineElem[5: 7.93340000000000e+04, 4.32950000000000e+04, 4.32960000000000e+04, 4.03290000000000e+04, 4.46513143040321e-10]
	RefineElem[5: 6.92100000000000e+04, 4.09990000000000e+04, 2.43280000000000e+04, 2.64670000000000e+04, 4.44727708412887e-10]
	RefineElem[5: 9.55800000000000e+04, 4.84620000000000e+04, 4.84610000000000e+04, 4.84570000000000e+04, 4.40440536292186e-10]
	RefineElem[5: 1.00999000000000e+05, 5.02210000000000e+04, 4.24230000000000e+04, 4.24240000000000e+04, 4.40026808821537e-10]
	RefineElem[5: 6.93970000000000e+04, 4.10580000000000e+04, 2.02790000000000e+04, 4.04450000000000e+04, 4.35612101619720e-10]
	RefineElem[5: 6.88800000000000e+04, 4.09210000000000e+04, 2.13900000000000e+04, 2.13830000000000e+04, 4.34899101623889e-10]
	RefineElem[5: 9.68640000000000e+04, 4.24240000000000e+04, 4.24230000000000e+04, 4.89130000000000e+04, 4.30739035430144e-10]
	RefineElem[5: 7.08260000000000e+04, 4.14340000000000e+04, 4.03860000000000e+04, 2.57580000000000e+04, 4.26485834626981e-10]
	RefineElem[5: 9.56910000000000e+04, 4.53580000000000e+04, 2.31950000000000e+04, 4.84920000000000e+04, 4.24346296765242e-10]
	RefineElem[5: 6.87250000000000e+04, 4.05090000000000e+04, 4.08650000000000e+04, 4.07980000000000e+04, 4.23430454481302e-10]
	RefineElem[5: 6.91490000000000e+04, 4.09820000000000e+04, 4.07450000000000e+04, 2.30660000000000e+04, 4.22839057518063e-10]
	RefineElem[5: 7.13230000000000e+04, 4.15560000000000e+04, 4.03180000000000e+04, 4.15550000000000e+04, 4.21595388222133e-10]
	RefineElem[5: 1.01008000000000e+05, 5.02230000000000e+04, 4.24220000000000e+04, 4.24230000000000e+04, 4.19461834127838e-10]
	RefineElem[5: 9.68690000000000e+04, 4.24230000000000e+04, 4.24220000000000e+04, 4.89150000000000e+04, 4.16911734885699e-10]
	RefineElem[5: 7.41520000000000e+04, 2.06100000000000e+04, 4.05310000000000e+04, 4.21420000000000e+04, 4.13595541305088e-10]
	RefineElem[5: 6.75920000000000e+04, 2.02790000000000e+04, 4.04460000000000e+04, 4.04450000000000e+04, 4.13280315026649e-10]
	RefineElem[5: 7.93330000000000e+04, 2.06960000000000e+04, 4.32960000000000e+04, 4.04480000000000e+04, 4.07748747303862e-10]
	RefineElem[5: 6.82230000000000e+04, 4.06920000000000e+04, 3.47870000000000e+04, 3.47980000000000e+04, 4.05349917311685e-10]
	RefineElem[5: 7.12200000000000e+04, 4.15270000000000e+04, 3.50150000000000e+04, 3.49120000000000e+04, 4.02292867636695e-10]
	RefineElem[5: 8.20190000000000e+04, 4.40370000000000e+04, 4.03620000000000e+04, 3.50060000000000e+04, 4.01261046688954e-10]
	RefineElem[5: 7.13340000000000e+04, 4.15610000000000e+04, 2.32480000000000e+04, 4.03320000000000e+04, 3.98777941784583e-10]
	RefineElem[5: 7.84590000000000e+04, 4.30820000000000e+04, 4.05180000000000e+04, 2.88760000000000e+04, 3.96570568966359e-10]
	RefineElem[5: 6.90600000000000e+04, 4.03220000000000e+04, 3.47380000000000e+04, 4.09640000000000e+04, 3.95700879541848e-10]
	RefineElem[5: 6.78900000000000e+04, 1.94050000000000e+04, 1.93530000000000e+04, 4.05780000000000e+04, 3.95571519878904e-10]
	RefineElem[5: 7.93310000000000e+04, 4.32950000000000e+04, 4.03290000000000e+04, 4.03300000000000e+04, 3.93012442712290e-10]
	RefineElem[5: 1.01186000000000e+05, 5.02780000000000e+04, 3.47400000000000e+04, 4.03220000000000e+04, 3.86325725046662e-10]
	RefineElem[5: 6.86100000000000e+04, 4.08200000000000e+04, 4.05900000000000e+04, 2.66270000000000e+04, 3.86153538800853e-10]
	RefineElem[5: 6.74980000000000e+04, 2.02070000000000e+04, 2.02110000000000e+04, 4.03460000000000e+04, 3.85759465324986e-10]
	RefineElem[5: 7.35090000000000e+04, 4.20090000000000e+04, 2.19790000000000e+04, 4.04030000000000e+04, 3.85309979370653e-10]
	RefineElem[5: 6.89260000000000e+04, 2.64370000000000e+04, 4.09330000000000e+04, 3.89640000000000e+04, 3.83766903760101e-10]
	RefineElem[5: 6.80380000000000e+04, 2.18080000000000e+04, 2.39530000000000e+04, 4.06170000000000e+04, 3.80996199162630e-10]
	RefineElem[5: 6.86970000000000e+04, 4.08590000000000e+04, 4.08580000000000e+04, 2.77740000000000e+04, 3.80825767113995e-10]
	RefineElem[5: 8.53760000000000e+04, 4.49800000000000e+04, 4.49780000000000e+04, 4.49890000000000e+04, 3.80497300209598e-10]
	RefineElem[5: 8.03660000000000e+04, 4.35680000000000e+04, 1.16420000000000e+04, 4.35660000000000e+04, 3.77716504585994e-10]
	RefineElem[5: 8.01950000000000e+04, 4.35180000000000e+04, 4.35030000000000e+04, 4.35020000000000e+04, 3.75737534764727e-10]
	RefineElem[5: 6.85060000000000e+04, 4.07860000000000e+04, 2.03470000000000e+04, 2.03440000000000e+04, 3.74296210732858e-10]
	RefineElem[5: 6.77720000000000e+04, 2.32360000000000e+04, 2.07080000000000e+04, 4.05320000000000e+04, 3.71530209162723e-10]
	RefineElem[5: 6.77700000000000e+04, 4.05320000000000e+04, 2.07070000000000e+04, 2.32370000000000e+04, 3.71259680576156e-10]
	RefineElem[5: 6.74670000000000e+04, 2.31460000000000e+04, 4.03280000000000e+04, 2.06960000000000e+04, 3.69310144404748e-10]
	RefineElem[5: 7.84510000000000e+04, 4.30800000000000e+04, 4.03660000000000e+04, 4.03570000000000e+04, 3.67293500926470e-10]
	RefineElem[5: 7.93360000000000e+04, 4.32960000000000e+04, 2.06960000000000e+04, 4.03280000000000e+04, 3.61458954992100e-10]
	RefineElem[5: 9.56880000000000e+04, 4.84920000000000e+04, 4.03240000000000e+04, 4.53570000000000e+04, 3.52295120298459e-10]
	RefineElem[5: 8.01410000000000e+04, 4.10690000000000e+04, 2.31830000000000e+04, 4.35020000000000e+04, 3.42010421917347e-10]
	RefineElem[5: 7.96070000000000e+04, 4.33490000000000e+04, 4.33480000000000e+04, 4.03530000000000e+04, 3.39926064886979e-10]
	RefineElem[5: 6.93100000000000e+04, 3.95140000000000e+04, 3.95120000000000e+04, 4.10320000000000e+04, 3.39448651768759e-10]
	RefineElem[5: 8.01610000000000e+04, 4.35080000000000e+04, 4.07560000000000e+04, 2.07570000000000e+04, 3.38308038779266e-10]
	RefineElem[5: 6.75780000000000e+04, 4.04390000000000e+04, 7.12000000000000e+02, 7.02000000000000e+02, 3.37352553247522e-10]
	RefineElem[5: 7.35050000000000e+04, 4.20050000000000e+04, 4.20080000000000e+04, 4.20070000000000e+04, 3.36056074916271e-10]
	RefineElem[5: 6.75950000000000e+04, 4.04460000000000e+04, 4.04470000000000e+04, 4.04450000000000e+04, 3.35198100097219e-10]
	RefineElem[5: 6.74770000000000e+04, 4.03380000000000e+04, 2.27320000000000e+04, 2.27270000000000e+04, 3.33995546519055e-10]
	RefineElem[5: 6.84700000000000e+04, 2.53870000000000e+04, 2.53190000000000e+04, 4.07790000000000e+04, 3.31421781359237e-10]
	RefineElem[5: 6.89680000000000e+04, 4.09440000000000e+04, 4.07190000000000e+04, 2.15810000000000e+04, 3.29520520386564e-10]
	RefineElem[5: 6.82010000000000e+04, 4.06850000000000e+04, 3.49160000000000e+04, 3.50250000000000e+04, 3.28553640606289e-10]
	RefineElem[5: 6.80100000000000e+04, 3.48350000000000e+04, 4.06080000000000e+04, 3.47190000000000e+04, 3.23483093862714e-10]
	RefineElem[5: 6.92520000000000e+04, 4.10080000000000e+04, 3.47580000000000e+04, 3.47600000000000e+04, 3.19990017866411e-10]
	RefineElem[5: 9.56900000000000e+04, 4.03240000000000e+04, 4.84920000000000e+04, 4.84870000000000e+04, 3.16577508447661e-10]
	RefineElem[5: 6.75550000000000e+04, 4.04050000000000e+04, 2.07530000000000e+04, 4.04080000000000e+04, 3.16497166506736e-10]
	RefineElem[5: 6.92950000000000e+04, 4.10210000000000e+04, 2.15990000000000e+04, 4.07190000000000e+04, 3.14812125820869e-10]
	RefineElem[5: 6.76940000000000e+04, 2.77170000000000e+04, 2.77160000000000e+04, 4.05050000000000e+04, 3.12771013934490e-10]
	RefineElem[5: 6.84860000000000e+04, 4.07830000000000e+04, 2.31450000000000e+04, 2.31470000000000e+04, 3.12528934068196e-10]
	RefineElem[5: 6.87700000000000e+04, 4.08920000000000e+04, 2.52480000000000e+04, 2.53190000000000e+04, 3.09226449040133e-10]
	RefineElem[5: 6.98540000000000e+04, 2.45310000000000e+04, 2.61750000000000e+04, 4.11700000000000e+04, 3.07920742726891e-10]
	RefineElem[5: 8.53860000000000e+04, 4.49960000000000e+04, 2.00270000000000e+04, 2.07090000000000e+04, 3.05474590908597e-10]
	RefineElem[5: 7.93300000000000e+04, 4.03300000000000e+04, 4.32940000000000e+04, 4.32950000000000e+04, 3.05095923282787e-10]
	RefineElem[5: 6.36050000000000e+04, 5.66800000000000e+03, 3.81600000000000e+03, 5.66900000000000e+03, 3.04311742208300e-10]
	RefineElem[5: 6.84580000000000e+04, 3.95060000000000e+04, 3.95050000000000e+04, 4.07710000000000e+04, 3.04024116586655e-10]
	RefineElem[5: 1.01185000000000e+05, 5.02780000000000e+04, 4.04320000000000e+04, 3.47470000000000e+04, 3.01934948940710e-10]
	RefineElem[5: 7.12430000000000e+04, 4.15310000000000e+04, 2.18080000000000e+04, 4.06170000000000e+04, 2.96727698411945e-10]
	RefineElem[5: 7.12960000000000e+04, 4.15450000000000e+04, 4.15430000000000e+04, 4.04750000000000e+04, 2.96342386151771e-10]
	RefineElem[5: 7.95970000000000e+04, 4.03630000000000e+04, 4.33460000000000e+04, 4.33450000000000e+04, 2.94752495187432e-10]
	RefineElem[5: 6.90180000000000e+04, 4.09510000000000e+04, 3.83210000000000e+04, 3.95100000000000e+04, 2.87444893458597e-10]
	RefineElem[5: 9.87670000000000e+04, 4.95680000000000e+04, 3.50230000000000e+04, 4.03620000000000e+04, 2.87104938625905e-10]
	RefineElem[5: 6.92000000000000e+04, 4.03790000000000e+04, 4.09970000000000e+04, 2.44350000000000e+04, 2.87024314191045e-10]
	RefineElem[5: 7.01770000000000e+04, 1.16130000000000e+04, 1.16060000000000e+04, 4.12670000000000e+04, 2.86539628488558e-10]
	RefineElem[5: 6.85950000000000e+04, 4.06370000000000e+04, 2.70500000000000e+04, 4.08180000000000e+04, 2.85961488106720e-10]
	RefineElem[5: 6.86310000000000e+04, 4.08360000000000e+04, 3.74330000000000e+04, 4.05960000000000e+04, 2.84472640567616e-10]
	RefineElem[5: 6.83590000000000e+04, 4.07330000000000e+04, 3.47720000000000e+04, 3.47870000000000e+04, 2.83814148527897e-10]
	RefineElem[5: 6.83540000000000e+04, 3.48140000000000e+04, 4.04330000000000e+04, 4.07290000000000e+04, 2.83149601820777e-10]
	RefineElem[5: 6.76410000000000e+04, 2.26740000000000e+04, 2.26710000000000e+04, 4.04810000000000e+04, 2.83020337704243e-10]
	RefineElem[5: 6.80660000000000e+04, 4.06370000000000e+04, 2.69430000000000e+04, 4.06140000000000e+04, 2.82093436007485e-10]
	RefineElem[5: 6.79040000000000e+04, 4.05830000000000e+04, 2.68800000000000e+04, 4.05180000000000e+04, 2.81847812336670e-10]
	RefineElem[5: 6.76800000000000e+04, 4.05010000000000e+04, 2.87690000000000e+04, 2.82400000000000e+04, 2.80606078229542e-10]
	RefineElem[5: 7.16690000000000e+04, 4.16370000000000e+04, 4.09970000000000e+04, 2.44280000000000e+04, 2.79284860829046e-10]
	RefineElem[5: 6.80580000000000e+04, 3.95200000000000e+04, 3.95160000000000e+04, 4.06290000000000e+04, 2.77271679453833e-10]
	RefineElem[5: 6.76470000000000e+04, 4.04760000000000e+04, 4.04820000000000e+04, 2.31300000000000e+04, 2.74180454982512e-10]
	RefineElem[5: 6.76050000000000e+04, 4.04500000000000e+04, 2.01510000000000e+04, 4.04470000000000e+04, 2.73217397536874e-10]
	RefineElem[5: 6.75330000000000e+04, 4.03880000000000e+04, 2.06020000000000e+04, 2.06030000000000e+04, 2.73164660797527e-10]
	RefineElem[5: 7.62930000000000e+04, 3.49940000000000e+04, 4.25980000000000e+04, 3.49490000000000e+04, 2.71709904873154e-10]
	RefineElem[5: 6.82190000000000e+04, 4.06910000000000e+04, 3.64800000000000e+03, 5.66700000000000e+03, 2.65887909980906e-10]
	RefineElem[5: 6.75100000000000e+04, 2.12810000000000e+04, 2.12800000000000e+04, 4.03560000000000e+04, 2.64991893026430e-10]
	RefineElem[5: 7.10050000000000e+04, 2.12820000000000e+04, 4.05780000000000e+04, 4.14790000000000e+04, 2.64768770211234e-10]
	RefineElem[5: 7.00570000000000e+04, 4.12410000000000e+04, 2.18350000000000e+04, 4.03590000000000e+04, 2.63662430991838e-10]
	RefineElem[5: 6.84170000000000e+04, 4.07610000000000e+04, 2.07600000000000e+04, 4.07580000000000e+04, 2.63277123581042e-10]
	RefineElem[5: 6.78240000000000e+04, 2.53190000000000e+04, 2.52480000000000e+04, 4.05560000000000e+04, 2.61724175544306e-10]
	RefineElem[5: 7.13290000000000e+04, 4.15460000000000e+04, 4.15580000000000e+04, 4.15570000000000e+04, 2.59719868067248e-10]
	RefineElem[5: 7.34670000000000e+04, 2.82500000000000e+04, 2.83680000000000e+04, 4.20010000000000e+04, 2.58788254406614e-10]
	RefineElem[5: 7.02130000000000e+04, 4.12760000000000e+04, 2.88800000000000e+04, 3.92110000000000e+04, 2.58685065061500e-10]
	RefineElem[5: 7.48620000000000e+04, 4.22900000000000e+04, 4.05930000000000e+04, 2.41130000000000e+04, 2.57552211512772e-10]
	RefineElem[5: 6.85120000000000e+04, 4.07870000000000e+04, 3.83100000000000e+04, 3.94670000000000e+04, 2.56980067946202e-10]
	RefineElem[5: 7.22250000000000e+04, 4.17470000000000e+04, 4.16890000000000e+04, 2.81950000000000e+04, 2.54969716900045e-10]
	RefineElem[5: 6.89050000000000e+04, 2.88840000000000e+04, 2.69430000000000e+04, 4.09290000000000e+04, 2.54594927058130e-10]
	RefineElem[5: 6.82370000000000e+04, 2.14150000000000e+04, 2.12790000000000e+04, 4.06930000000000e+04, 2.54076963588388e-10]
	RefineElem[5: 7.03260000000000e+04, 4.04050000000000e+04, 1.95160000000000e+04, 4.13010000000000e+04, 2.51522161249340e-10]
	RefineElem[5: 6.83910000000000e+04, 4.07520000000000e+04, 8.36000000000000e+02, 7.42000000000000e+02, 2.50419713274359e-10]
	RefineElem[5: 9.55760000000000e+04, 4.84600000000000e+04, 4.53540000000000e+04, 4.53550000000000e+04, 2.50368067095924e-10]
	RefineElem[5: 7.28140000000000e+04, 2.39680000000000e+04, 4.18720000000000e+04, 4.08650000000000e+04, 2.46430734139179e-10]
	RefineElem[5: 1.01015000000000e+05, 5.02260000000000e+04, 3.49340000000000e+04, 4.24220000000000e+04, 2.45707543703960e-10]
	RefineElem[5: 7.04500000000000e+04, 4.13340000000000e+04, 2.07140000000000e+04, 2.07180000000000e+04, 2.44373447071444e-10]
	RefineElem[5: 6.87570000000000e+04, 4.08770000000000e+04, 4.05490000000000e+04, 3.47930000000000e+04, 2.44265991368017e-10]
	RefineElem[5: 6.81000000000000e+04, 4.06520000000000e+04, 3.95020000000000e+04, 3.95060000000000e+04, 2.43282442721186e-10]
	RefineElem[5: 6.78950000000000e+04, 2.38280000000000e+04, 4.05800000000000e+04, 4.04060000000000e+04, 2.38817512426961e-10]
	RefineElem[5: 9.59210000000000e+04, 4.85600000000000e+04, 4.36340000000000e+04, 4.85550000000000e+04, 2.38129474641603e-10]
	RefineElem[5: 6.77420000000000e+04, 4.05230000000000e+04, 4.04050000000000e+04, 2.08360000000000e+04, 2.34118411314630e-10]
	RefineElem[5: 6.83220000000000e+04, 4.07160000000000e+04, 4.04270000000000e+04, 4.07150000000000e+04, 2.33332923303576e-10]
	RefineElem[5: 7.63980000000000e+04, 4.26230000000000e+04, 2.45310000000000e+04, 2.45320000000000e+04, 2.31804103284609e-10]
	RefineElem[5: 8.20230000000000e+04, 3.49150000000000e+04, 4.20250000000000e+04, 4.40370000000000e+04, 2.30532243784484e-10]
	RefineElem[5: 2.27180000000000e+04, 2.18080000000000e+04, 2.39520000000000e+04, 2.39530000000000e+04, 2.29839818012598e-10]
	RefineElem[5: 7.03560000000000e+04, 4.13080000000000e+04, 4.13060000000000e+04, 4.13070000000000e+04, 2.27478060798025e-10]
	RefineElem[5: 9.59130000000000e+04, 4.49800000000000e+04, 4.49790000000000e+04, 4.85550000000000e+04, 2.24237419930728e-10]
	RefineElem[5: 6.82150000000000e+04, 4.05670000000000e+04, 3.49200000000000e+04, 4.06890000000000e+04, 2.23824435709507e-10]
	RefineElem[5: 9.52020000000000e+04, 4.83360000000000e+04, 4.50140000000000e+04, 4.36720000000000e+04, 2.23598681058960e-10]
	RefineElem[5: 6.98400000000000e+04, 4.11680000000000e+04, 2.32100000000000e+04, 2.32300000000000e+04, 2.21708093987087e-10]
	RefineElem[5: 6.94100000000000e+04, 4.03870000000000e+04, 2.02790000000000e+04, 4.10600000000000e+04, 2.20419456547668e-10]
	RefineElem[5: 7.87850000000000e+04, 4.31610000000000e+04, 4.31600000000000e+04, 4.03270000000000e+04, 2.19392521565581e-10]
	RefineElem[5: 6.84490000000000e+04, 4.07680000000000e+04, 3.47850000000000e+04, 4.06660000000000e+04, 2.19230929913021e-10]
	RefineElem[5: 6.80650000000000e+04, 4.06140000000000e+04, 2.69490000000000e+04, 4.06370000000000e+04, 2.18393104812429e-10]
	RefineElem[5: 6.86540000000000e+04, 4.08430000000000e+04, 2.37140000000000e+04, 2.31900000000000e+04, 2.16594300054803e-10]
	RefineElem[5: 6.88810000000000e+04, 1.92890000000000e+04, 3.93210000000000e+04, 4.09210000000000e+04, 2.14568322203837e-10]
	RefineElem[5: 6.80560000000000e+04, 4.06290000000000e+04, 3.95160000000000e+04, 3.95140000000000e+04, 2.13916664893264e-10]
	RefineElem[5: 7.00190000000000e+04, 2.27470000000000e+04, 2.27420000000000e+04, 4.12330000000000e+04, 2.12725231843414e-10]
	RefineElem[5: 6.83740000000000e+04, 3.49920000000000e+04, 4.04440000000000e+04, 4.07390000000000e+04, 2.11760184990804e-10]
	RefineElem[5: 7.13120000000000e+04, 4.15530000000000e+04, 4.03270000000000e+04, 4.15470000000000e+04, 2.10797369170268e-10]
	RefineElem[5: 6.85380000000000e+04, 4.07970000000000e+04, 2.37250000000000e+04, 4.04030000000000e+04, 2.10692095326419e-10]
	RefineElem[5: 7.03280000000000e+04, 4.13020000000000e+04, 4.03350000000000e+04, 1.94120000000000e+04, 2.10503062211472e-10]
	RefineElem[5: 7.03390000000000e+04, 4.13040000000000e+04, 3.93540000000000e+04, 2.12730000000000e+04, 2.09921760500914e-10]
	RefineElem[5: 7.35360000000000e+04, 2.77800000000000e+04, 4.05160000000000e+04, 4.20150000000000e+04, 2.09395769701551e-10]
	RefineElem[5: 7.13250000000000e+04, 4.15570000000000e+04, 4.15560000000000e+04, 4.15460000000000e+04, 2.08547920488776e-10]
	RefineElem[5: 6.89030000000000e+04, 4.09290000000000e+04, 2.69430000000000e+04, 4.04410000000000e+04, 2.07099365438446e-10]
	RefineElem[5: 6.77590000000000e+04, 4.05270000000000e+04, 3.48570000000000e+04, 3.47180000000000e+04, 2.06640877874722e-10]
	RefineElem[5: 6.78160000000000e+04, 4.05150000000000e+04, 2.11360000000000e+04, 4.05530000000000e+04, 2.05951465599316e-10]
	RefineElem[5: 7.02080000000000e+04, 3.87200000000000e+04, 4.12740000000000e+04, 3.72920000000000e+04, 2.05837115512278e-10]
	RefineElem[5: 9.68720000000000e+04, 4.89150000000000e+04, 4.25940000000000e+04, 4.25950000000000e+04, 2.05229462540115e-10]
	RefineElem[5: 6.79490000000000e+04, 4.05930000000000e+04, 2.33870000000000e+04, 2.41210000000000e+04, 2.05213742922718e-10]
	RefineElem[5: 7.27490000000000e+04, 4.18620000000000e+04, 2.27340000000000e+04, 2.30420000000000e+04, 2.05136637185809e-10]
	RefineElem[5: 6.77010000000000e+04, 4.05090000000000e+04, 2.38190000000000e+04, 3.87080000000000e+04, 2.04335355286988e-10]
	RefineElem[5: 6.83650000000000e+04, 4.07340000000000e+04, 4.04950000000000e+04, 3.49870000000000e+04, 2.01768647339259e-10]
	RefineElem[5: 6.96840000000000e+04, 2.07210000000000e+04, 4.03650000000000e+04, 4.11250000000000e+04, 1.99757044795609e-10]
	RefineElem[5: 6.84590000000000e+04, 4.07710000000000e+04, 3.95050000000000e+04, 3.95180000000000e+04, 1.98578541780828e-10]
	RefineElem[5: 7.88080000000000e+04, 4.31670000000000e+04, 4.05430000000000e+04, 4.05440000000000e+04, 1.98319170926326e-10]
	RefineElem[5: 8.20010000000000e+04, 4.40250000000000e+04, 4.03210000000000e+04, 4.03540000000000e+04, 1.98199839824923e-10]
	RefineElem[5: 6.76620000000000e+04, 3.49870000000000e+04, 4.04950000000000e+04, 3.74310000000000e+04, 1.97934857137071e-10]
	RefineElem[5: 9.57000000000000e+04, 4.84930000000000e+04, 2.83380000000000e+04, 4.30850000000000e+04, 1.97903289583990e-10]
	RefineElem[5: 8.53480000000000e+04, 4.49810000000000e+04, 4.49800000000000e+04, 4.36340000000000e+04, 1.97540850955780e-10]
	RefineElem[5: 7.35290000000000e+04, 4.07800000000000e+04, 2.77870000000000e+04, 4.20150000000000e+04, 1.96071942115774e-10]
	RefineElem[5: 9.87680000000000e+04, 4.03620000000000e+04, 4.89200000000000e+04, 4.95680000000000e+04, 1.95042935652291e-10]
	RefineElem[5: 9.43920000000000e+04, 4.80780000000000e+04, 4.04400000000000e+04, 4.80840000000000e+04, 1.94791771431371e-10]
	RefineElem[5: 6.87290000000000e+04, 4.08660000000000e+04, 2.18450000000000e+04, 4.07980000000000e+04, 1.94653649816678e-10]
	RefineElem[5: 7.23670000000000e+04, 4.17710000000000e+04, 2.83630000000000e+04, 2.86630000000000e+04, 1.94298970910813e-10]
	RefineElem[5: 9.68650000000000e+04, 4.89130000000000e+04, 4.25950000000000e+04, 4.25960000000000e+04, 1.94031842698243e-10]
	RefineElem[5: 7.93230000000000e+04, 4.32930000000000e+04, 4.32920000000000e+04, 4.04520000000000e+04, 1.93672287266366e-10]
	RefineElem[5: 6.89220000000000e+04, 4.09330000000000e+04, 2.64360000000000e+04, 2.42830000000000e+04, 1.93348851410351e-10]
	RefineElem[5: 8.20110000000000e+04, 4.40320000000000e+04, 4.05890000000000e+04, 3.49750000000000e+04, 1.93131913048946e-10]
	RefineElem[5: 7.41490000000000e+04, 4.21420000000000e+04, 4.06180000000000e+04, 2.06080000000000e+04, 1.91242233181602e-10]
	RefineElem[5: 6.84640000000000e+04, 4.07780000000000e+04, 2.36170000000000e+04, 4.03960000000000e+04, 1.91053952818879e-10]
	RefineElem[5: 7.12920000000000e+04, 4.04750000000000e+04, 4.15430000000000e+04, 2.26650000000000e+04, 1.90685454298476e-10]
	RefineElem[5: 6.90280000000000e+04, 4.09540000000000e+04, 2.33150000000000e+04, 2.33210000000000e+04, 1.90520031954086e-10]
	RefineElem[5: 5.15050000000000e+04, 1.22970000000000e+04, 1.13220000000000e+04, 1.12950000000000e+04, 1.90411028877815e-10]
	RefineElem[5: 8.54210000000000e+04, 4.49980000000000e+04, 4.50130000000000e+04, 4.50070000000000e+04, 1.89849801830020e-10]
	RefineElem[5: 6.78890000000000e+04, 4.05780000000000e+04, 1.93470000000000e+04, 1.93480000000000e+04, 1.88438364237422e-10]
	RefineElem[5: 6.93090000000000e+04, 4.10320000000000e+04, 3.84980000000000e+04, 3.95140000000000e+04, 1.85580497212501e-10]
	RefineElem[5: 7.84610000000000e+04, 4.30820000000000e+04, 4.04410000000000e+04, 4.08180000000000e+04, 1.85534077292989e-10]
	RefineElem[5: 6.75910000000000e+04, 4.04440000000000e+04, 3.49920000000000e+04, 3.74320000000000e+04, 1.85369678076517e-10]
	RefineElem[5: 6.88520000000000e+04, 4.09120000000000e+04, 4.09130000000000e+04, 4.05300000000000e+04, 1.85094356975993e-10]
	RefineElem[5: 6.81010000000000e+04, 3.95060000000000e+04, 3.84910000000000e+04, 4.06520000000000e+04, 1.84706896459764e-10]
	RefineElem[5: 7.24150000000000e+04, 2.31920000000000e+04, 2.31870000000000e+04, 4.17800000000000e+04, 1.82772189236715e-10]
	RefineElem[5: 8.53560000000000e+04, 4.49830000000000e+04, 4.49820000000000e+04, 4.36330000000000e+04, 1.82387195932143e-10]
	RefineElem[5: 8.53500000000000e+04, 4.49820000000000e+04, 4.49810000000000e+04, 4.36340000000000e+04, 1.81114831386628e-10]
	RefineElem[5: 8.25410000000000e+04, 2.17020000000000e+04, 4.05720000000000e+04, 4.41930000000000e+04, 1.80520651235067e-10]
	RefineElem[5: 6.80710000000000e+04, 2.32370000000000e+04, 2.07070000000000e+04, 4.06410000000000e+04, 1.80090685575585e-10]
	RefineElem[5: 5.57450000000000e+04, 2.30410000000000e+04, 2.30420000000000e+04, 2.27340000000000e+04, 1.79438785814643e-10]
	RefineElem[5: 7.03610000000000e+04, 4.13080000000000e+04, 2.14220000000000e+04, 2.14000000000000e+04, 1.78760977293557e-10]
	RefineElem[5: 7.20650000000000e+04, 4.17130000000000e+04, 4.09630000000000e+04, 1.94700000000000e+03, 1.78561967601489e-10]
	RefineElem[5: 6.80670000000000e+04, 4.06410000000000e+04, 2.07000000000000e+04, 2.32460000000000e+04, 1.78035091774903e-10]
	RefineElem[5: 8.53900000000000e+04, 4.20260000000000e+04, 4.20250000000000e+04, 4.49970000000000e+04, 1.77893201146332e-10]
	RefineElem[5: 6.93200000000000e+04, 4.10360000000000e+04, 2.17790000000000e+04, 2.17890000000000e+04, 1.77432867533217e-10]
	RefineElem[5: 9.24270000000000e+04, 4.74820000000000e+04, 4.08740000000000e+04, 4.08750000000000e+04, 1.77046987807349e-10]
	RefineElem[5: 6.75210000000000e+04, 4.03670000000000e+04, 2.18380000000000e+04, 2.18440000000000e+04, 1.76834822775679e-10]
	RefineElem[5: 8.53570000000000e+04, 4.03070000000000e+04, 4.49830000000000e+04, 4.36330000000000e+04, 1.76378013380074e-10]
	RefineElem[5: 6.75810000000000e+04, 4.04420000000000e+04, 2.53200000000000e+04, 2.53970000000000e+04, 1.76255340658560e-10]
	RefineElem[5: 6.95170000000000e+04, 4.10890000000000e+04, 2.58480000000000e+04, 4.07000000000000e+04, 1.75301685130015e-10]
	RefineElem[5: 9.72180000000000e+04, 3.48400000000000e+04, 4.07760000000000e+04, 4.90860000000000e+04, 1.75066014067976e-10]
	RefineElem[5: 2.26780000000000e+04, 2.20080000000000e+04, 2.37210000000000e+04, 2.37190000000000e+04, 1.74784097344872e-10]
	RefineElem[5: 6.94560000000000e+04, 4.10750000000000e+04, 4.04840000000000e+04, 2.30680000000000e+04, 1.74167523971806e-10]
	RefineElem[5: 7.16220000000000e+04, 4.16220000000000e+04, 2.88780000000000e+04, 4.05180000000000e+04, 1.73793085507255e-10]
	RefineElem[5: 6.77670000000000e+04, 4.05300000000000e+04, 3.50250000000000e+04, 3.49160000000000e+04, 1.73730680107327e-10]
	RefineElem[5: 7.00200000000000e+04, 2.26710000000000e+04, 2.27520000000000e+04, 4.12330000000000e+04, 1.73481608293901e-10]
	RefineElem[5: 7.12040000000000e+04, 4.15240000000000e+04, 4.05000000000000e+04, 1.00000000000000e+04, 1.73154631674675e-10]
	RefineElem[5: 6.87270000000000e+04, 4.08650000000000e+04, 2.39470000000000e+04, 2.39440000000000e+04, 1.72020833258182e-10]
	RefineElem[5: 7.03520000000000e+04, 2.12800000000000e+04, 3.94050000000000e+04, 4.13070000000000e+04, 1.71360289318651e-10]
	RefineElem[5: 8.53530000000000e+04, 4.49780000000000e+04, 4.49810000000000e+04, 4.49820000000000e+04, 1.70735140884847e-10]
	RefineElem[5: 7.36850000000000e+04, 2.82420000000000e+04, 2.82370000000000e+04, 4.20510000000000e+04, 1.70311307847116e-10]
	RefineElem[5: 6.84880000000000e+04, 4.07830000000000e+04, 2.31470000000000e+04, 2.25280000000000e+04, 1.69837452652933e-10]
	RefineElem[5: 6.78230000000000e+04, 4.05560000000000e+04, 4.05550000000000e+04, 2.53200000000000e+04, 1.69788888419262e-10]
	RefineElem[5: 6.67470000000000e+04, 3.89550000000000e+04, 4.01410000000000e+04, 3.72970000000000e+04, 1.69177315012325e-10]
	RefineElem[5: 7.27710000000000e+04, 2.06010000000000e+04, 4.18660000000000e+04, 4.16210000000000e+04, 1.68438066577291e-10]
	RefineElem[5: 6.97730000000000e+04, 4.11480000000000e+04, 2.27350000000000e+04, 4.05880000000000e+04, 1.67854619801262e-10]
	RefineElem[5: 7.62880000000000e+04, 4.03410000000000e+04, 4.25960000000000e+04, 4.25970000000000e+04, 1.67562363859572e-10]
	RefineElem[5: 6.83470000000000e+04, 4.07210000000000e+04, 4.05020000000000e+04, 3.48170000000000e+04, 1.67508756725466e-10]
	RefineElem[5: 7.07230000000000e+04, 4.14060000000000e+04, 2.83290000000000e+04, 2.83280000000000e+04, 1.66360535343424e-10]
	RefineElem[5: 7.36970000000000e+04, 4.12760000000000e+04, 2.88810000000000e+04, 4.20520000000000e+04, 1.65916104541849e-10]
	RefineElem[5: 7.27460000000000e+04, 2.27390000000000e+04, 3.88140000000000e+04, 4.18620000000000e+04, 1.65915601372772e-10]
	RefineElem[5: 7.88020000000000e+04, 2.31460000000000e+04, 4.31660000000000e+04, 4.31610000000000e+04, 1.65077883122619e-10]
	RefineElem[5: 9.52150000000000e+04, 4.83410000000000e+04, 3.49830000000000e+04, 4.50140000000000e+04, 1.64801401086652e-10]
	RefineElem[5: 9.17430000000000e+04, 4.05700000000000e+04, 4.05710000000000e+04, 4.72730000000000e+04, 1.64739921622951e-10]
	RefineElem[5: 7.96240000000000e+04, 4.33540000000000e+04, 2.44350000000000e+04, 4.14360000000000e+04, 1.64464130005266e-10]
	RefineElem[5: 9.55720000000000e+04, 4.84590000000000e+04, 4.84580000000000e+04, 4.84570000000000e+04, 1.64014036595223e-10]
	RefineElem[5: 7.16160000000000e+04, 2.03560000000000e+04, 3.92400000000000e+04, 4.16210000000000e+04, 1.63873328323374e-10]
	RefineElem[5: 6.86940000000000e+04, 4.08580000000000e+04, 4.06900000000000e+04, 2.77740000000000e+04, 1.63562031614775e-10]
	RefineElem[5: 6.77970000000000e+04, 4.05420000000000e+04, 2.77170000000000e+04, 4.05050000000000e+04, 1.63532884929191e-10]
	RefineElem[5: 6.92660000000000e+04, 2.68870000000000e+04, 3.92310000000000e+04, 4.10110000000000e+04, 1.63298525539447e-10]
	RefineElem[5: 7.36960000000000e+04, 4.20520000000000e+04, 2.89940000000000e+04, 4.12760000000000e+04, 1.63094563719045e-10]
	RefineElem[5: 7.62900000000000e+04, 4.25970000000000e+04, 4.25980000000000e+04, 3.49840000000000e+04, 1.62741100611624e-10]
	RefineElem[5: 6.80600000000000e+04, 4.06290000000000e+04, 3.95140000000000e+04, 3.84980000000000e+04, 1.62646986168017e-10]
	RefineElem[5: 7.07430000000000e+04, 4.14120000000000e+04, 4.14100000000000e+04, 2.52230000000000e+04, 1.62362370919526e-10]
	RefineElem[5: 8.03610000000000e+04, 4.35660000000000e+04, 1.16440000000000e+04, 4.35670000000000e+04, 1.62258435842206e-10]
	RefineElem[5: 7.84530000000000e+04, 2.32860000000000e+04, 4.30790000000000e+04, 4.30800000000000e+04, 1.59952894319758e-10]
	RefineElem[5: 1.01974000000000e+05, 5.06050000000000e+04, 4.03330000000000e+04, 4.03220000000000e+04, 1.58710474844171e-10]
	RefineElem[5: 8.68360000000000e+04, 4.57450000000000e+04, 4.03650000000000e+04, 2.07210000000000e+04, 1.58085800972254e-10]
	RefineElem[5: 6.84570000000000e+04, 4.07710000000000e+04, 3.84910000000000e+04, 3.95060000000000e+04, 1.58084224064802e-10]
	RefineElem[5: 7.12940000000000e+04, 4.03960000000000e+04, 4.15440000000000e+04, 4.04750000000000e+04, 1.57854179049904e-10]
	RefineElem[5: 6.85880000000000e+04, 4.08170000000000e+04, 2.03450000000000e+04, 3.94560000000000e+04, 1.57751000140967e-10]
	RefineElem[5: 1.01965000000000e+05, 3.48770000000000e+04, 4.03330000000000e+04, 5.06000000000000e+04, 1.56838010977034e-10]
	RefineElem[5: 6.92070000000000e+04, 2.63260000000000e+04, 2.63250000000000e+04, 4.09980000000000e+04, 1.56458929726386e-10]
	RefineElem[5: 6.82250000000000e+04, 3.48230000000000e+04, 3.84880000000000e+04, 4.06920000000000e+04, 1.56445820600394e-10]
	RefineElem[5: 7.63960000000000e+04, 2.44680000000000e+04, 4.03790000000000e+04, 4.26230000000000e+04, 1.55800069690918e-10]
	RefineElem[5: 7.51500000000000e+04, 4.23420000000000e+04, 2.68790000000000e+04, 4.05830000000000e+04, 1.55517405741139e-10]
	RefineElem[5: 6.77470000000000e+04, 4.05250000000000e+04, 1.12940000000000e+04, 1.13070000000000e+04, 1.55324833723175e-10]
	RefineElem[5: 7.22790000000000e+04, 2.17880000000000e+04, 2.17820000000000e+04, 4.17570000000000e+04, 1.55235426891499e-10]
	RefineElem[5: 7.28840000000000e+04, 1.25670000000000e+04, 1.25650000000000e+04, 4.18820000000000e+04, 1.55008907229806e-10]
	RefineElem[5: 8.68310000000000e+04, 2.07320000000000e+04, 4.03650000000000e+04, 4.57420000000000e+04, 1.54877321605675e-10]
	RefineElem[5: 6.86260000000000e+04, 4.04450000000000e+04, 2.01090000000000e+04, 4.08240000000000e+04, 1.54487804212670e-10]
	RefineElem[5: 6.41020000000000e+04, 3.62500000000000e+03, 3.59100000000000e+03, 3.60900000000000e+03, 1.53303038060414e-10]
	RefineElem[5: 6.74700000000000e+04, 1.93670000000000e+04, 4.03340000000000e+04, 1.93640000000000e+04, 1.53047656361827e-10]
	RefineElem[5: 6.87530000000000e+04, 3.47260000000000e+04, 4.08750000000000e+04, 4.08760000000000e+04, 1.53008395654825e-10]
	RefineElem[5: 6.84820000000000e+04, 3.98630000000000e+04, 3.74410000000000e+04, 4.07810000000000e+04, 1.52919719870781e-10]
	RefineElem[5: 8.53550000000000e+04, 4.49830000000000e+04, 4.03070000000000e+04, 4.49770000000000e+04, 1.52478055771732e-10]
	RefineElem[5: 6.82290000000000e+04, 4.06930000000000e+04, 2.12780000000000e+04, 1.92800000000000e+04, 1.52342463548332e-10]
	RefineElem[5: 7.77560000000000e+04, 2.08220000000000e+04, 4.26090000000000e+04, 4.29040000000000e+04, 1.51013601884220e-10]
	RefineElem[5: 6.78540000000000e+04, 4.05690000000000e+04, 4.05700000000000e+04, 3.49240000000000e+04, 1.50414878547264e-10]
	RefineElem[5: 6.82340000000000e+04, 2.12790000000000e+04, 3.93830000000000e+04, 4.06930000000000e+04, 1.50023095852985e-10]
	RefineElem[5: 8.54170000000000e+04, 4.50120000000000e+04, 4.50110000000000e+04, 4.50080000000000e+04, 1.49971302706850e-10]
	RefineElem[5: 7.00160000000000e+04, 4.12330000000000e+04, 2.27370000000000e+04, 4.04810000000000e+04, 1.49434602867297e-10]
	RefineElem[5: 6.92030000000000e+04, 4.09970000000000e+04, 4.09980000000000e+04, 2.44350000000000e+04, 1.47853175977175e-10]
	RefineElem[5: 8.20080000000000e+04, 4.40310000000000e+04, 4.05750000000000e+04, 3.47620000000000e+04, 1.47615700056599e-10]
	RefineElem[5: 9.55810000000000e+04, 2.31940000000000e+04, 4.84620000000000e+04, 4.84570000000000e+04, 1.47286972172230e-10]
	RefineElem[5: 6.05610000000000e+04, 9.97000000000000e+03, 9.95600000000000e+03, 1.01940000000000e+04, 1.47247022272081e-10]
	RefineElem[5: 8.01440000000000e+04, 2.31860000000000e+04, 2.37240000000000e+04, 4.35020000000000e+04, 1.47146513666398e-10]
	RefineElem[5: 6.65530000000000e+04, 4.01020000000000e+04, 2.88740000000000e+04, 2.12760000000000e+04, 1.46881418937496e-10]
	RefineElem[5: 7.06090000000000e+04, 4.13760000000000e+04, 4.11800000000000e+04, 3.49300000000000e+04, 1.46723220369745e-10]
	RefineElem[5: 7.01330000000000e+04, 4.12610000000000e+04, 3.48450000000000e+04, 4.06660000000000e+04, 1.46101110770386e-10]
	RefineElem[5: 5.80050000000000e+04, 2.77970000000000e+04, 2.77900000000000e+04, 3.92800000000000e+04, 1.45761068920818e-10]
	RefineElem[5: 6.75470000000000e+04, 2.08280000000000e+04, 2.08380000000000e+04, 4.04050000000000e+04, 1.45738871484228e-10]
	RefineElem[5: 6.78440000000000e+04, 3.49230000000000e+04, 3.49250000000000e+04, 4.05660000000000e+04, 1.45735103205267e-10]
	RefineElem[5: 6.80510000000000e+04, 4.06260000000000e+04, 5.66900000000000e+03, 3.81600000000000e+03, 1.45159715775767e-10]
	RefineElem[5: 9.52050000000000e+04, 4.50110000000000e+04, 4.50100000000000e+04, 4.83360000000000e+04, 1.44826984635861e-10]
	RefineElem[5: 9.52090000000000e+04, 4.50100000000000e+04, 4.50090000000000e+04, 4.83380000000000e+04, 1.44603694996674e-10]
	RefineElem[5: 9.55700000000000e+04, 4.84580000000000e+04, 4.53550000000000e+04, 4.53560000000000e+04, 1.44496012082358e-10]
	RefineElem[5: 6.89040000000000e+04, 4.09290000000000e+04, 2.88860000000000e+04, 2.88840000000000e+04, 1.44392681260143e-10]
	RefineElem[5: 6.75070000000000e+04, 2.08030000000000e+04, 4.03520000000000e+04, 4.03470000000000e+04, 1.44234709930547e-10]
	RefineElem[5: 7.13330000000000e+04, 4.15470000000000e+04, 4.15580000000000e+04, 4.15590000000000e+04, 1.43759870428967e-10]
	RefineElem[5: 6.86570000000000e+04, 4.08430000000000e+04, 2.37070000000000e+04, 2.37080000000000e+04, 1.43487801475026e-10]
	RefineElem[5: 6.87670000000000e+04, 3.48450000000000e+04, 4.08810000000000e+04, 4.06680000000000e+04, 1.43465921042354e-10]
	RefineElem[5: 7.63140000000000e+04, 4.26100000000000e+04, 4.03610000000000e+04, 2.43890000000000e+04, 1.43341354782922e-10]
	RefineElem[5: 6.83260000000000e+04, 2.32460000000000e+04, 2.25270000000000e+04, 4.07170000000000e+04, 1.42457808536500e-10]
	RefineElem[5: 6.77610000000000e+04, 3.47310000000000e+04, 3.48560000000000e+04, 4.05270000000000e+04, 1.42209829300015e-10]
	RefineElem[5: 6.95460000000000e+04, 4.11010000000000e+04, 2.07480000000000e+04, 2.07470000000000e+04, 1.42079548581236e-10]
	RefineElem[5: 6.90960000000000e+04, 4.09670000000000e+04, 1.95080000000000e+04, 4.08150000000000e+04, 1.41983945401051e-10]
	RefineElem[5: 6.85080000000000e+04, 4.03870000000000e+04, 4.03880000000000e+04, 4.07860000000000e+04, 1.41212891416051e-10]
	RefineElem[5: 7.41140000000000e+04, 2.07000000000000e+04, 4.06420000000000e+04, 4.21320000000000e+04, 1.40907334540480e-10]
	RefineElem[5: 6.79230000000000e+04, 4.05880000000000e+04, 2.30530000000000e+04, 2.30480000000000e+04, 1.39877100936843e-10]
	RefineElem[5: 7.15200000000000e+04, 2.32260000000000e+04, 2.32100000000000e+04, 4.16030000000000e+04, 1.39732771743842e-10]
	RefineElem[5: 7.36860000000000e+04, 4.20510000000000e+04, 4.08190000000000e+04, 2.82430000000000e+04, 1.39525327724296e-10]
	RefineElem[5: 6.81100000000000e+04, 4.06540000000000e+04, 2.87750000000000e+04, 2.70540000000000e+04, 1.38531896449429e-10]
	RefineElem[5: 5.97050000000000e+04, 6.31600000000000e+03, 3.58200000000000e+03, 6.26100000000000e+03, 1.38489959030041e-10]
	RefineElem[5: 8.54220000000000e+04, 4.50030000000000e+04, 4.50120000000000e+04, 4.50130000000000e+04, 1.38163001465277e-10]
	RefineElem[5: 7.12930000000000e+04, 2.26660000000000e+04, 2.26650000000000e+04, 4.15430000000000e+04, 1.37148005834964e-10]
	RefineElem[5: 7.96200000000000e+04, 2.57970000000000e+04, 2.57980000000000e+04, 4.33530000000000e+04, 1.36900691780228e-10]
	RefineElem[5: 6.78880000000000e+04, 1.93530000000000e+04, 1.93540000000000e+04, 4.05780000000000e+04, 1.36080758480762e-10]
	RefineElem[5: 6.98910000000000e+04, 3.49800000000000e+04, 4.11890000000000e+04, 4.11900000000000e+04, 1.34624305179341e-10]
	RefineElem[5: 6.81240000000000e+04, 4.06560000000000e+04, 4.06150000000000e+04, 2.36190000000000e+04, 1.34534278911028e-10]
	RefineElem[5: 7.37900000000000e+04, 1.76200000000000e+03, 6.66000000000000e+02, 4.20720000000000e+04, 1.34310111162233e-10]
	RefineElem[5: 7.41210000000000e+04, 4.21350000000000e+04, 4.06420000000000e+04, 2.06990000000000e+04, 1.34121276837262e-10]
	RefineElem[5: 6.80810000000000e+04, 4.06480000000000e+04, 3.11800000000000e+03, 3.11900000000000e+03, 1.33773012486038e-10]
	RefineElem[5: 6.80690000000000e+04, 2.07000000000000e+04, 4.06410000000000e+04, 2.00940000000000e+04, 1.33619765776693e-10]
	RefineElem[5: 6.67510000000000e+04, 3.89570000000000e+04, 4.01420000000000e+04, 3.72960000000000e+04, 1.32779357708170e-10]
	RefineElem[5: 6.88500000000000e+04, 4.05890000000000e+04, 3.49130000000000e+04, 4.09120000000000e+04, 1.32500784445786e-10]
	RefineElem[5: 6.83170000000000e+04, 2.32360000000000e+04, 4.07150000000000e+04, 2.32350000000000e+04, 1.32264756086650e-10]
	RefineElem[5: 7.41760000000000e+04, 4.21470000000000e+04, 2.03490000000000e+04, 4.07860000000000e+04, 1.31967481215509e-10]
	RefineElem[5: 9.43720000000000e+04, 2.32310000000000e+04, 4.80780000000000e+04, 4.80770000000000e+04, 1.31531806943964e-10]
	RefineElem[5: 7.14070000000000e+04, 4.15810000000000e+04, 4.05050000000000e+04, 2.77160000000000e+04, 1.30912173104619e-10]
	RefineElem[5: 6.95180000000000e+04, 4.10890000000000e+04, 2.81970000000000e+04, 2.81950000000000e+04, 1.30550459904927e-10]
	RefineElem[5: 7.35080000000000e+04, 4.20070000000000e+04, 4.20090000000000e+04, 4.04030000000000e+04, 1.30438567826239e-10]
	RefineElem[5: 8.54160000000000e+04, 4.50110000000000e+04, 4.50120000000000e+04, 4.50030000000000e+04, 1.30286052828899e-10]
	RefineElem[5: 6.80250000000000e+04, 2.36170000000000e+04, 4.06150000000000e+04, 4.03960000000000e+04, 1.29743633506813e-10]
	RefineElem[5: 6.75010000000000e+04, 2.06960000000000e+04, 4.03480000000000e+04, 2.31460000000000e+04, 1.29719882922043e-10]
	RefineElem[5: 6.75740000000000e+04, 4.04330000000000e+04, 3.48140000000000e+04, 3.84960000000000e+04, 1.29677562221223e-10]
	RefineElem[5: 6.75600000000000e+04, 2.24300000000000e+04, 2.24310000000000e+04, 4.04270000000000e+04, 1.29607328746409e-10]
	RefineElem[5: 6.79790000000000e+04, 4.05960000000000e+04, 3.98640000000000e+04, 3.98660000000000e+04, 1.29444638658285e-10]
	RefineElem[5: 6.98040000000000e+04, 4.11600000000000e+04, 4.07070000000000e+04, 2.51260000000000e+04, 1.28282854802365e-10]
	RefineElem[5: 6.83960000000000e+04, 4.07520000000000e+04, 7.12000000000000e+02, 4.06480000000000e+04, 1.28234110447039e-10]
	RefineElem[5: 7.13150000000000e+04, 4.15530000000000e+04, 4.03290000000000e+04, 4.03280000000000e+04, 1.28032618016877e-10]
	RefineElem[5: 6.94040000000000e+04, 4.09000000000000e+04, 2.03570000000000e+04, 4.10590000000000e+04, 1.27533957201281e-10]
	RefineElem[5: 6.75180000000000e+04, 2.20070000000000e+04, 4.03670000000000e+04, 2.19780000000000e+04, 1.27092065421457e-10]
	RefineElem[5: 7.93280000000000e+04, 4.32940000000000e+04, 4.03300000000000e+04, 4.03310000000000e+04, 1.26977574951967e-10]
	RefineElem[5: 6.85430000000000e+04, 3.87790000000000e+04, 4.07980000000000e+04, 2.18450000000000e+04, 1.26956306434146e-10]
	RefineElem[5: 6.75790000000000e+04, 4.04420000000000e+04, 2.53190000000000e+04, 2.53200000000000e+04, 1.26859016544814e-10]
	RefineElem[5: 6.79530000000000e+04, 4.05940000000000e+04, 7.42100000000000e+03, 7.41600000000000e+03, 1.25971184318102e-10]
	RefineElem[5: 5.77500000000000e+04, 1.92800000000000e+04, 2.12780000000000e+04, 3.93760000000000e+04, 1.25575091407856e-10]
	RefineElem[5: 6.86500000000000e+04, 3.47210000000000e+04, 4.05920000000000e+04, 4.08410000000000e+04, 1.25074662672941e-10]
	RefineElem[5: 7.12070000000000e+04, 1.13160000000000e+04, 1.00570000000000e+04, 4.15240000000000e+04, 1.24989117508879e-10]
	RefineElem[5: 7.17320000000000e+04, 4.16510000000000e+04, 9.83000000000000e+02, 3.02600000000000e+03, 1.24186007523213e-10]
	RefineElem[5: 6.97990000000000e+04, 4.11600000000000e+04, 2.82870000000000e+04, 2.82860000000000e+04, 1.23957965871625e-10]
	RefineElem[5: 7.35390000000000e+04, 2.77790000000000e+04, 3.94130000000000e+04, 4.20150000000000e+04, 1.23666844356767e-10]
	RefineElem[5: 6.91370000000000e+04, 4.09790000000000e+04, 1.46740000000000e+04, 1.46260000000000e+04, 1.23372784864273e-10]
	RefineElem[5: 6.86350000000000e+04, 4.08370000000000e+04, 4.06080000000000e+04, 3.48350000000000e+04, 1.23155689564874e-10]
	RefineElem[5: 6.98080000000000e+04, 4.11610000000000e+04, 2.37080000000000e+04, 2.37070000000000e+04, 1.21395323554497e-10]
	RefineElem[5: 6.92060000000000e+04, 4.09980000000000e+04, 4.09970000000000e+04, 2.63260000000000e+04, 1.20962215598322e-10]
	RefineElem[5: 7.33170000000000e+04, 4.19670000000000e+04, 4.05150000000000e+04, 2.11380000000000e+04, 1.20851401876185e-10]
	RefineElem[5: 8.53540000000000e+04, 4.49820000000000e+04, 4.49830000000000e+04, 4.49770000000000e+04, 1.20739460872913e-10]
	RefineElem[5: 6.67090000000000e+04, 3.89670000000000e+04, 4.01310000000000e+04, 3.72930000000000e+04, 1.20394215433631e-10]
	RefineElem[5: 5.57290000000000e+04, 2.27630000000000e+04, 2.27460000000000e+04, 2.27560000000000e+04, 1.18674103403410e-10]
	RefineElem[5: 8.54200000000000e+04, 4.50130000000000e+04, 4.50120000000000e+04, 4.50070000000000e+04, 1.18007565896412e-10]
	RefineElem[5: 7.63800000000000e+04, 9.66300000000000e+03, 4.09450000000000e+04, 4.26210000000000e+04, 1.17371498492604e-10]
	RefineElem[5: 6.94340000000000e+04, 2.56580000000000e+04, 2.55070000000000e+04, 4.10710000000000e+04, 1.17189507727338e-10]
	RefineElem[5: 7.45520000000000e+04, 9.10000000000000e+02, 2.16700000000000e+03, 4.22070000000000e+04, 1.17030006869778e-10]
	RefineElem[5: 7.12110000000000e+04, 1.00010000000000e+04, 4.15250000000000e+04, 1.00000000000000e+04, 1.16992371865739e-10]
	RefineElem[5: 6.82400000000000e+04, 4.06930000000000e+04, 1.92140000000000e+04, 2.14130000000000e+04, 1.16831027438279e-10]
	RefineElem[5: 6.77220000000000e+04, 3.95000000000000e+04, 3.94980000000000e+04, 4.05200000000000e+04, 1.16437640315161e-10]
	RefineElem[5: 6.94550000000000e+04, 3.91680000000000e+04, 4.04840000000000e+04, 4.10750000000000e+04, 1.15807614900450e-10]
	RefineElem[5: 6.79110000000000e+04, 2.32350000000000e+04, 2.07090000000000e+04, 4.05850000000000e+04, 1.15747869929384e-10]
	RefineElem[5: 6.82210000000000e+04, 4.06910000000000e+04, 3.60900000000000e+03, 4.04880000000000e+04, 1.15700997149951e-10]
	RefineElem[5: 6.79070000000000e+04, 4.05850000000000e+04, 2.07080000000000e+04, 2.32360000000000e+04, 1.15567266296011e-10]
	RefineElem[5: 8.54240000000000e+04, 4.50150000000000e+04, 4.50100000000000e+04, 4.50110000000000e+04, 1.15190027488423e-10]
	RefineElem[5: 6.80340000000000e+04, 4.66300000000000e+03, 4.06160000000000e+04, 3.59100000000000e+03, 1.14617835513728e-10]
	RefineElem[5: 7.26660000000000e+04, 4.18410000000000e+04, 4.05260000000000e+04, 2.39580000000000e+04, 1.14195218246136e-10]
	RefineElem[5: 6.83620000000000e+04, 4.07330000000000e+04, 3.83180000000000e+04, 3.48520000000000e+04, 1.13940270467107e-10]
	RefineElem[5: 6.76870000000000e+04, 2.87550000000000e+04, 2.87640000000000e+04, 4.05010000000000e+04, 1.13170238003166e-10]
	RefineElem[5: 7.38570000000000e+04, 4.20940000000000e+04, 2.18460000000000e+04, 2.18480000000000e+04, 1.12216355815352e-10]
	RefineElem[5: 6.74950000000000e+04, 4.03440000000000e+04, 3.49610000000000e+04, 3.49630000000000e+04, 1.11139784867563e-10]
	RefineElem[5: 7.21610000000000e+04, 4.17360000000000e+04, 2.23190000000000e+04, 2.23530000000000e+04, 1.10384309808501e-10]
	RefineElem[5: 6.78190000000000e+04, 4.05540000000000e+04, 2.52420000000000e+04, 2.52460000000000e+04, 1.10046011201559e-10]
	RefineElem[5: 8.60840000000000e+04, 4.53560000000000e+04, 4.53570000000000e+04, 4.03240000000000e+04, 1.09993865365930e-10]
	RefineElem[5: 6.79900000000000e+04, 2.00940000000000e+04, 2.07070000000000e+04, 4.05320000000000e+04, 1.09869417908681e-10]
	RefineElem[5: 7.13280000000000e+04, 4.15580000000000e+04, 4.15460000000000e+04, 4.15520000000000e+04, 1.08810909391103e-10]
	RefineElem[5: 8.54190000000000e+04, 4.50130000000000e+04, 4.49980000000000e+04, 4.03160000000000e+04, 1.08709056485491e-10]
	RefineElem[5: 7.96140000000000e+04, 4.33510000000000e+04, 4.33520000000000e+04, 4.33470000000000e+04, 1.08140715257499e-10]
	RefineElem[5: 6.91550000000000e+04, 4.09830000000000e+04, 2.26650000000000e+04, 4.05290000000000e+04, 1.08124196827931e-10]
	RefineElem[5: 6.78770000000000e+04, 3.48000000000000e+04, 4.05750000000000e+04, 3.47270000000000e+04, 1.07671776014427e-10]
	RefineElem[5: 7.10030000000000e+04, 4.05780000000000e+04, 1.93480000000000e+04, 4.14790000000000e+04, 1.07648176272171e-10]
	RefineElem[5: 8.53490000000000e+04, 4.49800000000000e+04, 4.49810000000000e+04, 4.49780000000000e+04, 1.07423793275803e-10]
	RefineElem[5: 9.63240000000000e+04, 4.86910000000000e+04, 4.05750000000000e+04, 4.40310000000000e+04, 1.06968850356645e-10]
	RefineElem[5: 6.92010000000000e+04, 4.09970000000000e+04, 4.03790000000000e+04, 2.44680000000000e+04, 1.06082142508143e-10]
	RefineElem[5: 8.01540000000000e+04, 4.07570000000000e+04, 4.07560000000000e+04, 4.35060000000000e+04, 1.05842178165974e-10]
	RefineElem[5: 7.27700000000000e+04, 4.18660000000000e+04, 2.06000000000000e+04, 4.16210000000000e+04, 1.05617615452243e-10]
	RefineElem[5: 7.06010000000000e+04, 4.11810000000000e+04, 4.11800000000000e+04, 4.13740000000000e+04, 1.05012801158069e-10]
	RefineElem[5: 6.78250000000000e+04, 4.05560000000000e+04, 2.53200000000000e+04, 2.53190000000000e+04, 1.03576028780429e-10]
	RefineElem[5: 6.99750000000000e+04, 4.12200000000000e+04, 3.83150000000000e+04, 4.07870000000000e+04, 1.03419457666642e-10]
	RefineElem[5: 7.21620000000000e+04, 2.39460000000000e+04, 4.05030000000000e+04, 4.17370000000000e+04, 1.03289997596709e-10]
	RefineElem[5: 7.56010000000000e+04, 4.24210000000000e+04, 9.63600000000000e+03, 9.65400000000000e+03, 1.02577684048168e-10]
	RefineElem[5: 7.86140000000000e+04, 2.87490000000000e+04, 2.87920000000000e+04, 4.31300000000000e+04, 1.02467800788281e-10]
	RefineElem[5: 6.89190000000000e+04, 2.63150000000000e+04, 4.09330000000000e+04, 2.43290000000000e+04, 1.02422710569841e-10]
	RefineElem[5: 8.01590000000000e+04, 4.35080000000000e+04, 2.31870000000000e+04, 2.31920000000000e+04, 1.02358227717484e-10]
	RefineElem[5: 5.78950000000000e+04, 2.53740000000000e+04, 2.53650000000000e+04, 2.53670000000000e+04, 1.01966237018463e-10]
	RefineElem[5: 7.56030000000000e+04, 4.24210000000000e+04, 4.24200000000000e+04, 9.63100000000000e+03, 1.01921372728984e-10]
	RefineElem[5: 6.79960000000000e+04, 4.06050000000000e+04, 2.08020000000000e+04, 2.31470000000000e+04, 1.01457681419822e-10]
	RefineElem[5: 7.05710000000000e+04, 2.38220000000000e+04, 4.13660000000000e+04, 2.17740000000000e+04, 1.01117946428015e-10]
	RefineElem[5: 6.80000000000000e+04, 2.31450000000000e+04, 2.08040000000000e+04, 4.06050000000000e+04, 1.00785611011306e-10]
	RefineElem[5: 6.94850000000000e+04, 4.10810000000000e+04, 2.77850000000000e+04, 4.07800000000000e+04, 1.00244837355954e-10]
	RefineElem[5: 7.82040000000000e+04, 1.16070000000000e+04, 4.15940000000000e+04, 4.30190000000000e+04, 1.00051312217879e-10]
	RefineElem[5: 7.04910000000000e+04, 2.13940000000000e+04, 1.92890000000000e+04, 4.13470000000000e+04, 1.00022291556904e-10]
	RefineElem[5: 7.32840000000000e+04, 4.19630000000000e+04, 4.06930000000000e+04, 1.92830000000000e+04, 1.00017904052970e-10]
	RefineElem[5: 6.92180000000000e+04, 4.09990000000000e+04, 2.64350000000000e+04, 2.63200000000000e+04, 9.99387317813135e-11]
	RefineElem[5: 5.55880000000000e+04, 2.03210000000000e+04, 2.03300000000000e+04, 2.03280000000000e+04, 9.97160499394833e-11]
	RefineElem[5: 9.68510000000000e+04, 4.03600000000000e+04, 4.74460000000000e+04, 4.89090000000000e+04, 9.97017550266536e-11]
	RefineElem[5: 9.56920000000000e+04, 4.84920000000000e+04, 4.53570000000000e+04, 4.53580000000000e+04, 9.96173545566793e-11]
	RefineElem[5: 7.30200000000000e+04, 2.39460000000000e+04, 4.17370000000000e+04, 4.19130000000000e+04, 9.90908754904729e-11]
	RefineElem[5: 6.75680000000000e+04, 4.04290000000000e+04, 4.03590000000000e+04, 2.18360000000000e+04, 9.89695039613326e-11]
	RefineElem[5: 7.63120000000000e+04, 4.26100000000000e+04, 2.45370000000000e+04, 4.03610000000000e+04, 9.89624236049267e-11]
	RefineElem[5: 6.75060000000000e+04, 4.03520000000000e+04, 4.03510000000000e+04, 4.03470000000000e+04, 9.89185828651919e-11]
	RefineElem[5: 6.89400000000000e+04, 2.32260000000000e+04, 2.32250000000000e+04, 4.09410000000000e+04, 9.84522082736762e-11]
	RefineElem[5: 9.56650000000000e+04, 4.84870000000000e+04, 4.84550000000000e+04, 4.84570000000000e+04, 9.84132274777000e-11]
	RefineElem[5: 6.67270000000000e+04, 3.89810000000000e+04, 4.01360000000000e+04, 3.72870000000000e+04, 9.83986349818858e-11]
	RefineElem[5: 6.81730000000000e+04, 3.47870000000000e+04, 3.47710000000000e+04, 4.06680000000000e+04, 9.82908128376852e-11]
	RefineElem[5: 1.01170000000000e+05, 3.47910000000000e+04, 4.40270000000000e+04, 5.02730000000000e+04, 9.81578141433075e-11]
	RefineElem[5: 6.75970000000000e+04, 2.01080000000000e+04, 2.01090000000000e+04, 4.04470000000000e+04, 9.80561345410699e-11]
	RefineElem[5: 6.90420000000000e+04, 4.09610000000000e+04, 4.05310000000000e+04, 2.06100000000000e+04, 9.79978695250840e-11]
	RefineElem[5: 8.68450000000000e+04, 4.57500000000000e+04, 4.03860000000000e+04, 2.57650000000000e+04, 9.77979480910106e-11]
	RefineElem[5: 6.86480000000000e+04, 4.08410000000000e+04, 3.47950000000000e+04, 3.48700000000000e+04, 9.76617972146169e-11]
	RefineElem[5: 7.84620000000000e+04, 4.08180000000000e+04, 2.70490000000000e+04, 4.30820000000000e+04, 9.71846279140138e-11]
	RefineElem[5: 7.08370000000000e+04, 4.08000000000000e+04, 2.43860000000000e+04, 4.14370000000000e+04, 9.69947918565441e-11]
	RefineElem[5: 7.13130000000000e+04, 4.15530000000000e+04, 4.03300000000000e+04, 4.03290000000000e+04, 9.69161941001159e-11]
	RefineElem[5: 6.79850000000000e+04, 4.06020000000000e+04, 2.01080000000000e+04, 2.00940000000000e+04, 9.66889555167623e-11]
	RefineElem[5: 7.01670000000000e+04, 4.12660000000000e+04, 2.07410000000000e+04, 2.07280000000000e+04, 9.66334466748308e-11]
	RefineElem[5: 7.67500000000000e+04, 2.25750000000000e+04, 4.27250000000000e+04, 4.11090000000000e+04, 9.62968522719578e-11]
	RefineElem[5: 9.24260000000000e+04, 4.08750000000000e+04, 3.47260000000000e+04, 4.74820000000000e+04, 9.61701286969181e-11]
	RefineElem[5: 7.35380000000000e+04, 4.20150000000000e+04, 2.81060000000000e+04, 2.77790000000000e+04, 9.61201434633882e-11]
	RefineElem[5: 9.71490000000000e+04, 4.90540000000000e+04, 4.03540000000000e+04, 4.03210000000000e+04, 9.60036780851435e-11]
	RefineElem[5: 9.84930000000000e+04, 4.94920000000000e+04, 4.05920000000000e+04, 4.40250000000000e+04, 9.56061915805839e-11]
	RefineElem[5: 6.75960000000000e+04, 4.04470000000000e+04, 2.01090000000000e+04, 4.04450000000000e+04, 9.53086822685700e-11]
	RefineElem[5: 6.95750000000000e+04, 4.11050000000000e+04, 8.50800000000000e+03, 8.91000000000000e+03, 9.51223718263495e-11]
	RefineElem[5: 6.87800000000000e+04, 3.93380000000000e+04, 2.04230000000000e+04, 4.08940000000000e+04, 9.45791066505681e-11]
	RefineElem[5: 7.22930000000000e+04, 3.90180000000000e+04, 2.63230000000000e+04, 4.17610000000000e+04, 9.42775960203688e-11]
	RefineElem[5: 8.53780000000000e+04, 4.49920000000000e+04, 2.07180000000000e+04, 2.00190000000000e+04, 9.40443090739207e-11]
	RefineElem[5: 4.46020000000000e+04, 2.82380000000000e+04, 2.82420000000000e+04, 2.07580000000000e+04, 9.35767672272669e-11]
	RefineElem[5: 6.74710000000000e+04, 4.03340000000000e+04, 1.93670000000000e+04, 1.95170000000000e+04, 9.35096162883093e-11]
	RefineElem[5: 6.25060000000000e+04, 2.12710000000000e+04, 3.93210000000000e+04, 1.92890000000000e+04, 9.33441028475065e-11]
	RefineElem[5: 6.84270000000000e+04, 4.07620000000000e+04, 2.66140000000000e+04, 2.45410000000000e+04, 9.29137613540030e-11]
	RefineElem[5: 6.94170000000000e+04, 4.10690000000000e+04, 2.31820000000000e+04, 2.31830000000000e+04, 9.29075422433394e-11]
	RefineElem[5: 7.06960000000000e+04, 4.13950000000000e+04, 2.82960000000000e+04, 2.82870000000000e+04, 9.23331633779640e-11]
	RefineElem[5: 9.91700000000000e+04, 3.48300000000000e+04, 4.74830000000000e+04, 4.96770000000000e+04, 9.22018062352128e-11]
	RefineElem[5: 7.40640000000000e+04, 2.30740000000000e+04, 4.21250000000000e+04, 4.11670000000000e+04, 9.17766404163334e-11]
	RefineElem[5: 7.04200000000000e+04, 4.13310000000000e+04, 2.61120000000000e+04, 2.61220000000000e+04, 9.17073602434715e-11]
	RefineElem[5: 5.57360000000000e+04, 2.27830000000000e+04, 2.27780000000000e+04, 2.26780000000000e+04, 9.16113868058027e-11]
	RefineElem[5: 6.78050000000000e+04, 3.47270000000000e+04, 3.47290000000000e+04, 4.05490000000000e+04, 9.14428248550853e-11]
	RefineElem[5: 6.36030000000000e+04, 3.90200000000000e+03, 3.83400000000000e+03, 3.81600000000000e+03, 9.14427675137799e-11]
	RefineElem[5: 6.78980000000000e+04, 4.05800000000000e+04, 3.87930000000000e+04, 2.38270000000000e+04, 9.08359935922519e-11]
	RefineElem[5: 9.45030000000000e+04, 4.81140000000000e+04, 4.03540000000000e+04, 4.07750000000000e+04, 9.03060978653904e-11]
	RefineElem[5: 7.39090000000000e+04, 4.21010000000000e+04, 2.39450000000000e+04, 4.08660000000000e+04, 9.02042216056029e-11]
	RefineElem[5: 6.76430000000000e+04, 2.26390000000000e+04, 2.26720000000000e+04, 4.04810000000000e+04, 9.01052215423620e-11]
	RefineElem[5: 6.75480000000000e+04, 4.04050000000000e+04, 2.08460000000000e+04, 2.08310000000000e+04, 8.97855326764089e-11]
	RefineElem[5: 8.60860000000000e+04, 4.53580000000000e+04, 2.07540000000000e+04, 2.31950000000000e+04, 8.94168392504650e-11]
	RefineElem[5: 7.13310000000000e+04, 4.15520000000000e+04, 4.15590000000000e+04, 4.15580000000000e+04, 8.91842137609461e-11]
	RefineElem[5: 6.77030000000000e+04, 4.05150000000000e+04, 2.07640000000000e+04, 2.07650000000000e+04, 8.90407358860027e-11]
	RefineElem[5: 7.87900000000000e+04, 4.31620000000000e+04, 4.03520000000000e+04, 2.08030000000000e+04, 8.87475000262626e-11]
	RefineElem[5: 7.17800000000000e+04, 4.16610000000000e+04, 1.30410000000000e+04, 1.30530000000000e+04, 8.83233486397946e-11]
	RefineElem[5: 6.95270000000000e+04, 4.07060000000000e+04, 2.00640000000000e+04, 4.10960000000000e+04, 8.82780042594839e-11]
	RefineElem[5: 7.28550000000000e+04, 4.18770000000000e+04, 1.22410000000000e+04, 1.22630000000000e+04, 8.80518285526942e-11]
	RefineElem[5: 6.75420000000000e+04, 2.20150000000000e+04, 2.20120000000000e+04, 4.04030000000000e+04, 8.78292644492523e-11]
	RefineElem[5: 9.84950000000000e+04, 4.94920000000000e+04, 4.81140000000000e+04, 3.47810000000000e+04, 8.75734653865373e-11]
	RefineElem[5: 7.30470000000000e+04, 4.19200000000000e+04, 4.11540000000000e+04, 1.45900000000000e+03, 8.75404371536979e-11]
	RefineElem[5: 7.63970000000000e+04, 4.26230000000000e+04, 2.61770000000000e+04, 2.45310000000000e+04, 8.73209872302126e-11]
	RefineElem[5: 6.94490000000000e+04, 1.00030000000000e+04, 1.00120000000000e+04, 4.10740000000000e+04, 8.70736700476412e-11]
	RefineElem[5: 9.63480000000000e+04, 4.86980000000000e+04, 4.05890000000000e+04, 4.40320000000000e+04, 8.68312166790190e-11]
	RefineElem[5: 6.82100000000000e+04, 4.06880000000000e+04, 4.06840000000000e+04, 3.49450000000000e+04, 8.65231354760640e-11]
	RefineElem[5: 6.79520000000000e+04, 4.05940000000000e+04, 7.39700000000000e+03, 4.05520000000000e+04, 8.58307651113707e-11]
	RefineElem[5: 6.81630000000000e+04, 3.47710000000000e+04, 4.06660000000000e+04, 3.48450000000000e+04, 8.57904061118055e-11]
	RefineElem[5: 9.68750000000000e+04, 3.49340000000000e+04, 3.50040000000000e+04, 4.89170000000000e+04, 8.55932187313334e-11]
	RefineElem[5: 6.74810000000000e+04, 4.03400000000000e+04, 1.95080000000000e+04, 1.95090000000000e+04, 8.55422076779338e-11]
	RefineElem[5: 9.51200000000000e+04, 4.83060000000000e+04, 1.96640000000000e+04, 2.15730000000000e+04, 8.54193913229302e-11]
	RefineElem[5: 1.01009000000000e+05, 5.02240000000000e+04, 5.02230000000000e+04, 4.25940000000000e+04, 8.54120214615765e-11]
	RefineElem[5: 7.21330000000000e+04, 2.37140000000000e+04, 4.08430000000000e+04, 4.17330000000000e+04, 8.52513051666581e-11]
	RefineElem[5: 7.26220000000000e+04, 4.18300000000000e+04, 2.53190000000000e+04, 2.53870000000000e+04, 8.52140719857941e-11]
	RefineElem[5: 7.04890000000000e+04, 4.13470000000000e+04, 4.09210000000000e+04, 2.13830000000000e+04, 8.50638924673251e-11]
	RefineElem[5: 6.74800000000000e+04, 1.94470000000000e+04, 4.03170000000000e+04, 4.03400000000000e+04, 8.47481178738199e-11]
	RefineElem[5: 6.79750000000000e+04, 3.98640000000000e+04, 4.05960000000000e+04, 3.98410000000000e+04, 8.43810263281876e-11]
	RefineElem[5: 1.01006000000000e+05, 5.02230000000000e+04, 5.02220000000000e+04, 4.25950000000000e+04, 8.41586733245427e-11]
	RefineElem[5: 7.41500000000000e+04, 4.21420000000000e+04, 2.06120000000000e+04, 2.06110000000000e+04, 8.40896182951645e-11]
	RefineElem[5: 7.34530000000000e+04, 4.03970000000000e+04, 2.38200000000000e+04, 4.19990000000000e+04, 8.36032430997736e-11]
	RefineElem[5: 6.98920000000000e+04, 4.11890000000000e+04, 4.11880000000000e+04, 4.11910000000000e+04, 8.27091136592259e-11]
	RefineElem[5: 7.04720000000000e+04, 4.13430000000000e+04, 2.82860000000000e+04, 2.82850000000000e+04, 8.25961019071609e-11]
	RefineElem[5: 7.03200000000000e+04, 4.12990000000000e+04, 5.70800000000000e+03, 5.66900000000000e+03, 8.24840405312517e-11]
	RefineElem[5: 7.77450000000000e+04, 5.66900000000000e+03, 4.06260000000000e+04, 4.29010000000000e+04, 8.24684381832503e-11]
	RefineElem[5: 6.81140000000000e+04, 1.13610000000000e+04, 1.00280000000000e+04, 4.06550000000000e+04, 8.24379446759106e-11]
	RefineElem[5: 7.13390000000000e+04, 4.15600000000000e+04, 4.15620000000000e+04, 4.15610000000000e+04, 8.21616083664026e-11]
	RefineElem[5: 6.88780000000000e+04, 4.09210000000000e+04, 2.13890000000000e+04, 2.13900000000000e+04, 8.20940243962004e-11]
	RefineElem[5: 7.27880000000000e+04, 4.18680000000000e+04, 4.05030000000000e+04, 2.17130000000000e+04, 8.19668951983397e-11]
	RefineElem[5: 7.24140000000000e+04, 4.17800000000000e+04, 2.31890000000000e+04, 2.31920000000000e+04, 8.19224220836507e-11]
	RefineElem[5: 8.01460000000000e+04, 4.35030000000000e+04, 2.31850000000000e+04, 4.35020000000000e+04, 8.16009023138720e-11]
	RefineElem[5: 1.01001000000000e+05, 5.02210000000000e+04, 4.03200000000000e+04, 4.25960000000000e+04, 8.15220105514076e-11]
	RefineElem[5: 6.14960000000000e+04, 3.90650000000000e+04, 2.53930000000000e+04, 2.54570000000000e+04, 8.15142952340346e-11]
	RefineElem[5: 9.54190000000000e+04, 3.47770000000000e+04, 4.07300000000000e+04, 4.84090000000000e+04, 8.14310358100017e-11]
	RefineElem[5: 7.48810000000000e+04, 4.22940000000000e+04, 2.08020000000000e+04, 4.05220000000000e+04, 8.13256726254910e-11]
	RefineElem[5: 1.01003000000000e+05, 5.02220000000000e+04, 5.02210000000000e+04, 4.25950000000000e+04, 8.11816070905595e-11]
	RefineElem[5: 7.77350000000000e+04, 4.28980000000000e+04, 4.06260000000000e+04, 5.66700000000000e+03, 8.10830397943063e-11]
	RefineElem[5: 6.98390000000000e+04, 4.11680000000000e+04, 4.06570000000000e+04, 2.32100000000000e+04, 8.10352277343007e-11]
	RefineElem[5: 8.56940000000000e+04, 4.03580000000000e+04, 4.51730000000000e+04, 4.03370000000000e+04, 8.10304381084636e-11]
	RefineElem[5: 7.41970000000000e+04, 4.21490000000000e+04, 9.60400000000000e+03, 4.16180000000000e+04, 8.07803204321088e-11]
	RefineElem[5: 6.81650000000000e+04, 4.06660000000000e+04, 3.47960000000000e+04, 3.48530000000000e+04, 8.04197414401590e-11]
	RefineElem[5: 6.88360000000000e+04, 2.08370000000000e+04, 2.08150000000000e+04, 4.09090000000000e+04, 8.01088077071811e-11]
	RefineElem[5: 7.16170000000000e+04, 4.16210000000000e+04, 2.03550000000000e+04, 4.08930000000000e+04, 7.97824758657342e-11]
	RefineElem[5: 7.88130000000000e+04, 2.76630000000000e+04, 2.76580000000000e+04, 4.31680000000000e+04, 7.96096870354960e-11]
	RefineElem[5: 7.96060000000000e+04, 2.31940000000000e+04, 4.03530000000000e+04, 4.33480000000000e+04, 7.93916559754888e-11]
	RefineElem[5: 6.84930000000000e+04, 2.87760000000000e+04, 2.70500000000000e+04, 4.07840000000000e+04, 7.93129816149136e-11]
	RefineElem[5: 7.87890000000000e+04, 4.31620000000000e+04, 2.31440000000000e+04, 4.31610000000000e+04, 7.91997379385525e-11]
	RefineElem[5: 7.63290000000000e+04, 2.02300000000000e+03, 4.26120000000000e+04, 1.54200000000000e+03, 7.84231149052343e-11]
	RefineElem[5: 6.83230000000000e+04, 4.07160000000000e+04, 4.07170000000000e+04, 4.04270000000000e+04, 7.81737483770259e-11]
	RefineElem[5: 7.32640000000000e+04, 4.12590000000000e+04, 2.81760000000000e+04, 4.19600000000000e+04, 7.77816160572664e-11]
	RefineElem[5: 6.85580000000000e+04, 3.95200000000000e+04, 3.84970000000000e+04, 4.08070000000000e+04, 7.72793184092989e-11]
	RefineElem[5: 6.89720000000000e+04, 2.15740000000000e+04, 1.96640000000000e+04, 4.09440000000000e+04, 7.72478238940502e-11]
	RefineElem[5: 7.06000000000000e+04, 4.11820000000000e+04, 4.11810000000000e+04, 4.13730000000000e+04, 7.65764158850803e-11]
	RefineElem[5: 6.85570000000000e+04, 4.08070000000000e+04, 3.95180000000000e+04, 3.95200000000000e+04, 7.64561216637524e-11]
	RefineElem[5: 6.86320000000000e+04, 4.08360000000000e+04, 3.98660000000000e+04, 3.98680000000000e+04, 7.62939154567755e-11]
	RefineElem[5: 6.77480000000000e+04, 4.04990000000000e+04, 1.00580000000000e+04, 4.05250000000000e+04, 7.60977723732032e-11]
	RefineElem[5: 6.95900000000000e+04, 8.94400000000000e+03, 8.51900000000000e+03, 4.11050000000000e+04, 7.60270304430385e-11]
	RefineElem[5: 7.41480000000000e+04, 2.06080000000000e+04, 2.06120000000000e+04, 4.21420000000000e+04, 7.58067859526661e-11]
	RefineElem[5: 9.45070000000000e+04, 4.03600000000000e+04, 4.81150000000000e+04, 4.40260000000000e+04, 7.57678465858582e-11]
	RefineElem[5: 7.27990000000000e+04, 2.83630000000000e+04, 4.17710000000000e+04, 4.18690000000000e+04, 7.55109979672568e-11]
	RefineElem[5: 9.43950000000000e+04, 2.32350000000000e+04, 4.07150000000000e+04, 4.80840000000000e+04, 7.54215128605416e-11]
	RefineElem[5: 7.38660000000000e+04, 2.18540000000000e+04, 2.18510000000000e+04, 4.20950000000000e+04, 7.54139292558336e-11]
	RefineElem[5: 7.14210000000000e+04, 4.15850000000000e+04, 4.05050000000000e+04, 4.15810000000000e+04, 7.51379628488689e-11]
	RefineElem[5: 7.00480000000000e+04, 4.12380000000000e+04, 3.11900000000000e+03, 3.11800000000000e+03, 7.51150347290269e-11]
	RefineElem[5: 6.81680000000000e+04, 4.06680000000000e+04, 3.47710000000000e+04, 3.48450000000000e+04, 7.50340598469346e-11]
	RefineElem[5: 7.25720000000000e+04, 4.18210000000000e+04, 2.67490000000000e+04, 2.90150000000000e+04, 7.48713437529249e-11]
	RefineElem[5: 8.20200000000000e+04, 4.03620000000000e+04, 4.40370000000000e+04, 4.20250000000000e+04, 7.48188884326031e-11]
	RefineElem[5: 1.01012000000000e+05, 3.49960000000000e+04, 3.49330000000000e+04, 5.02250000000000e+04, 7.46724411124561e-11]
	RefineElem[5: 6.77640000000000e+04, 4.05290000000000e+04, 2.26650000000000e+04, 2.26660000000000e+04, 7.45705227407001e-11]
	RefineElem[5: 9.23320000000000e+04, 4.74580000000000e+04, 2.91770000000000e+04, 4.05740000000000e+04, 7.45115116582511e-11]
	RefineElem[5: 8.25860000000000e+04, 2.66150000000000e+04, 4.07620000000000e+04, 4.42120000000000e+04, 7.44656312586325e-11]
	RefineElem[5: 7.16020000000000e+04, 1.07320000000000e+04, 1.07290000000000e+04, 4.16200000000000e+04, 7.39993440246499e-11]
	RefineElem[5: 7.09190000000000e+04, 4.14540000000000e+04, 1.16470000000000e+04, 1.16450000000000e+04, 7.36840325767503e-11]
	RefineElem[5: 6.86980000000000e+04, 4.08590000000000e+04, 2.77740000000000e+04, 3.94400000000000e+04, 7.35702225995554e-11]
	RefineElem[5: 9.90900000000000e+04, 4.96580000000000e+04, 4.81150000000000e+04, 4.03600000000000e+04, 7.33647490329849e-11]
	RefineElem[5: 6.97580000000000e+04, 4.11390000000000e+04, 2.27460000000000e+04, 2.27630000000000e+04, 7.32784767385953e-11]
	RefineElem[5: 6.91560000000000e+04, 3.88280000000000e+04, 2.27290000000000e+04, 4.09830000000000e+04, 7.31744092973545e-11]
	RefineElem[5: 6.78150000000000e+04, 4.05530000000000e+04, 2.07560000000000e+04, 4.05150000000000e+04, 7.30683957296797e-11]
	RefineElem[5: 6.80520000000000e+04, 5.66700000000000e+03, 4.06260000000000e+04, 3.81600000000000e+03, 7.29731038973481e-11]
	RefineElem[5: 6.86060000000000e+04, 4.08200000000000e+04, 2.46330000000000e+04, 4.05900000000000e+04, 7.27088326753189e-11]
	RefineElem[5: 7.19080000000000e+04, 2.30430000000000e+04, 4.16880000000000e+04, 4.11480000000000e+04, 7.25551992268355e-11]
	RefineElem[5: 7.10520000000000e+04, 4.10740000000000e+04, 1.16420000000000e+04, 4.14930000000000e+04, 7.22454431696754e-11]
	RefineElem[5: 6.74840000000000e+04, 4.03420000000000e+04, 3.47600000000000e+04, 3.47580000000000e+04, 7.22087557916850e-11]
	RefineElem[5: 7.56090000000000e+04, 4.24260000000000e+04, 4.24250000000000e+04, 3.49840000000000e+04, 7.20394762374571e-11]
	RefineElem[5: 6.78040000000000e+04, 3.47930000000000e+04, 4.05490000000000e+04, 3.47290000000000e+04, 7.19839253364135e-11]
	RefineElem[5: 1.02232000000000e+05, 4.07720000000000e+04, 3.48620000000000e+04, 5.06720000000000e+04, 7.18634379023853e-11]
	RefineElem[5: 7.88120000000000e+04, 4.31680000000000e+04, 4.16890000000000e+04, 2.76630000000000e+04, 7.18518121485195e-11]
	RefineElem[5: 6.99010000000000e+04, 4.11930000000000e+04, 4.11880000000000e+04, 4.11870000000000e+04, 7.18159268081904e-11]
	RefineElem[5: 9.84900000000000e+04, 4.94910000000000e+04, 4.81150000000000e+04, 3.49570000000000e+04, 7.18025579317416e-11]
	RefineElem[5: 6.89980000000000e+04, 3.94670000000000e+04, 3.83100000000000e+04, 4.09490000000000e+04, 7.16373343284229e-11]
	RefineElem[5: 9.68770000000000e+04, 4.25940000000000e+04, 4.89180000000000e+04, 3.49960000000000e+04, 7.15784460816713e-11]
	RefineElem[5: 7.35340000000000e+04, 4.20150000000000e+04, 2.77820000000000e+04, 2.81080000000000e+04, 7.15134749667792e-11]
	RefineElem[5: 6.84090000000000e+04, 2.07600000000000e+04, 4.07570000000000e+04, 4.07580000000000e+04, 7.14104916405606e-11]
	RefineElem[5: 6.92130000000000e+04, 3.90340000000000e+04, 2.43280000000000e+04, 4.09990000000000e+04, 7.13833426669508e-11]
	RefineElem[5: 7.55850000000000e+04, 7.41000000000000e+03, 4.24190000000000e+04, 4.03800000000000e+04, 7.07698795995413e-11]
	RefineElem[5: 8.20210000000000e+04, 3.50100000000000e+04, 4.15270000000000e+04, 4.40370000000000e+04, 7.04638835089472e-11]
	RefineElem[5: 6.81700000000000e+04, 3.48440000000000e+04, 3.47800000000000e+04, 4.06680000000000e+04, 7.03952963894033e-11]
	RefineElem[5: 8.01420000000000e+04, 4.35020000000000e+04, 2.31840000000000e+04, 4.10690000000000e+04, 7.03435567661509e-11]
	RefineElem[5: 6.93170000000000e+04, 2.31960000000000e+04, 4.10340000000000e+04, 4.10330000000000e+04, 6.99733827095910e-11]
	RefineElem[5: 8.10360000000000e+04, 2.82810000000000e+04, 4.37740000000000e+04, 4.18320000000000e+04, 6.98397673212862e-11]
	RefineElem[5: 6.96550000000000e+04, 2.33230000000000e+04, 2.33120000000000e+04, 4.11160000000000e+04, 6.97016012724337e-11]
	RefineElem[5: 6.83210000000000e+04, 2.32360000000000e+04, 4.07160000000000e+04, 4.07150000000000e+04, 6.96385135995324e-11]
	RefineElem[5: 6.83200000000000e+04, 4.07160000000000e+04, 2.32360000000000e+04, 2.32370000000000e+04, 6.96237292587258e-11]
	RefineElem[5: 9.68740000000000e+04, 4.89170000000000e+04, 4.89160000000000e+04, 4.24220000000000e+04, 6.95486816919613e-11]
	RefineElem[5: 6.89800000000000e+04, 9.68500000000000e+03, 4.09460000000000e+04, 4.09450000000000e+04, 6.94752011510746e-11]
	RefineElem[5: 6.96170000000000e+04, 3.48510000000000e+04, 3.48280000000000e+04, 4.11100000000000e+04, 6.91661139916962e-11]
	RefineElem[5: 7.30190000000000e+04, 4.19130000000000e+04, 2.17760000000000e+04, 2.39380000000000e+04, 6.91543695289080e-11]
	RefineElem[5: 8.53790000000000e+04, 4.49930000000000e+04, 4.49920000000000e+04, 2.00220000000000e+04, 6.90559312041303e-11]
	RefineElem[5: 7.19990000000000e+04, 1.93040000000000e+04, 4.17040000000000e+04, 4.17030000000000e+04, 6.87739236746023e-11]
	RefineElem[5: 6.75040000000000e+04, 4.03500000000000e+04, 4.03490000000000e+04, 4.03470000000000e+04, 6.85181951461372e-11]
	RefineElem[5: 6.80930000000000e+04, 4.06500000000000e+04, 3.49430000000000e+04, 3.49250000000000e+04, 6.79216677431207e-11]
	RefineElem[5: 7.13370000000000e+04, 4.15610000000000e+04, 4.15540000000000e+04, 4.15590000000000e+04, 6.78748177141163e-11]
	RefineElem[5: 6.85070000000000e+04, 2.03490000000000e+04, 3.94630000000000e+04, 4.07860000000000e+04, 6.78178073397851e-11]
	RefineElem[5: 7.14130000000000e+04, 2.75540000000000e+04, 4.15830000000000e+04, 4.15820000000000e+04, 6.77749990633766e-11]
	RefineElem[5: 7.15520000000000e+04, 4.16090000000000e+04, 2.82490000000000e+04, 2.82470000000000e+04, 6.75661577356889e-11]
	RefineElem[5: 7.18040000000000e+04, 4.16680000000000e+04, 4.09080000000000e+04, 3.47570000000000e+04, 6.75036648631062e-11]
	RefineElem[5: 7.01950000000000e+04, 4.12720000000000e+04, 4.11830000000000e+04, 4.11820000000000e+04, 6.74946047232931e-11]
	RefineElem[5: 6.86810000000000e+04, 4.08470000000000e+04, 4.08460000000000e+04, 2.18270000000000e+04, 6.72760041015983e-11]
	RefineElem[5: 6.74780000000000e+04, 2.27270000000000e+04, 2.26660000000000e+04, 4.03380000000000e+04, 6.72250358700295e-11]
	RefineElem[5: 6.86410000000000e+04, 3.47160000000000e+04, 3.47210000000000e+04, 4.08390000000000e+04, 6.71036542521270e-11]
	RefineElem[5: 6.84260000000000e+04, 4.07620000000000e+04, 2.45420000000000e+04, 2.66310000000000e+04, 6.65868839882140e-11]
	RefineElem[5: 6.52650000000000e+04, 3.89560000000000e+04, 2.63200000000000e+04, 2.64350000000000e+04, 6.64223569283595e-11]
	RefineElem[5: 8.53750000000000e+04, 4.49890000000000e+04, 4.49790000000000e+04, 4.49800000000000e+04, 6.64068691269617e-11]
	RefineElem[5: 7.03510000000000e+04, 4.13070000000000e+04, 4.03560000000000e+04, 2.12800000000000e+04, 6.63961266008618e-11]
	RefineElem[5: 9.91020000000000e+04, 4.72740000000000e+04, 3.50120000000000e+04, 4.96620000000000e+04, 6.59319661188794e-11]
	RefineElem[5: 7.28130000000000e+04, 4.18720000000000e+04, 2.39690000000000e+04, 4.08650000000000e+04, 6.57686627275712e-11]
	RefineElem[5: 9.84880000000000e+04, 4.94910000000000e+04, 4.06500000000000e+04, 4.40260000000000e+04, 6.55944385745117e-11]
	RefineElem[5: 7.88200000000000e+04, 4.31700000000000e+04, 4.31710000000000e+04, 2.81940000000000e+04, 6.54825057407624e-11]
	RefineElem[5: 6.76140000000000e+04, 2.01080000000000e+04, 2.01510000000000e+04, 4.04530000000000e+04, 6.54264720241229e-11]
	RefineElem[5: 6.97610000000000e+04, 2.27450000000000e+04, 2.27500000000000e+04, 4.11390000000000e+04, 6.54103033505389e-11]
	RefineElem[5: 6.94350000000000e+04, 4.10710000000000e+04, 3.90640000000000e+04, 2.53950000000000e+04, 6.52733817274503e-11]
	RefineElem[5: 1.01011000000000e+05, 5.02250000000000e+04, 5.02240000000000e+04, 4.25940000000000e+04, 6.52652849791123e-11]
	RefineElem[5: 9.56850000000000e+04, 4.84910000000000e+04, 2.31960000000000e+04, 4.84900000000000e+04, 6.51868099996818e-11]
	RefineElem[5: 7.96170000000000e+04, 2.07570000000000e+04, 4.33520000000000e+04, 2.31870000000000e+04, 6.47080586023795e-11]
	RefineElem[5: 7.26690000000000e+04, 4.18410000000000e+04, 2.39610000000000e+04, 2.39620000000000e+04, 6.45064016216351e-11]
	RefineElem[5: 6.80530000000000e+04, 4.06270000000000e+04, 2.86890000000000e+04, 2.86770000000000e+04, 6.44214131996445e-11]
	RefineElem[5: 7.12090000000000e+04, 4.15240000000000e+04, 4.05250000000000e+04, 1.13130000000000e+04, 6.43626400003086e-11]
	RefineElem[5: 6.76580000000000e+04, 4.04860000000000e+04, 2.00190000000000e+04, 2.07180000000000e+04, 6.43516296745373e-11]
	RefineElem[5: 7.13100000000000e+04, 4.15520000000000e+04, 4.15460000000000e+04, 4.15510000000000e+04, 6.42991140284857e-11]
	RefineElem[5: 7.84600000000000e+04, 4.30820000000000e+04, 2.88760000000000e+04, 2.88750000000000e+04, 6.42970957191950e-11]
	RefineElem[5: 7.25410000000000e+04, 4.18080000000000e+04, 1.27100000000000e+04, 1.27230000000000e+04, 6.40237988322123e-11]
	RefineElem[5: 6.92680000000000e+04, 2.89990000000000e+04, 2.68870000000000e+04, 4.10110000000000e+04, 6.39735186040162e-11]
	RefineElem[5: 7.11160000000000e+04, 4.15060000000000e+04, 7.54000000000000e+02, 8.37000000000000e+02, 6.38195825813761e-11]
	RefineElem[5: 7.19830000000000e+04, 2.83680000000000e+04, 2.82500000000000e+04, 4.17010000000000e+04, 6.36270772234379e-11]
	RefineElem[5: 9.34810000000000e+04, 4.77850000000000e+04, 4.77830000000000e+04, 2.91760000000000e+04, 6.35658841855958e-11]
	RefineElem[5: 8.03590000000000e+04, 4.05520000000000e+04, 4.35670000000000e+04, 4.05940000000000e+04, 6.32196006888451e-11]
	RefineElem[5: 7.01370000000000e+04, 4.08800000000000e+04, 3.48450000000000e+04, 4.12610000000000e+04, 6.31806069844399e-11]
	RefineElem[5: 9.45040000000000e+04, 4.03540000000000e+04, 4.81140000000000e+04, 4.40250000000000e+04, 6.31083913895714e-11]
	RefineElem[5: 9.71600000000000e+04, 3.48620000000000e+04, 4.07720000000000e+04, 4.90580000000000e+04, 6.30092841204456e-11]
	RefineElem[5: 6.78560000000000e+04, 4.05700000000000e+04, 4.05660000000000e+04, 3.49430000000000e+04, 6.28851173031911e-11]
	RefineElem[5: 6.96520000000000e+04, 4.11160000000000e+04, 2.33130000000000e+04, 2.36080000000000e+04, 6.28371736518648e-11]
	RefineElem[5: 7.03860000000000e+04, 4.13180000000000e+04, 2.31830000000000e+04, 2.31820000000000e+04, 6.26170931529313e-11]
	RefineElem[5: 6.89250000000000e+04, 3.89640000000000e+04, 2.63160000000000e+04, 2.64370000000000e+04, 6.25369088263036e-11]
	RefineElem[5: 7.08030000000000e+04, 4.11870000000000e+04, 4.11860000000000e+04, 4.14290000000000e+04, 6.25198053129551e-11]
	RefineElem[5: 3.95900000000000e+04, 3.94130000000000e+04, 2.03560000000000e+04, 2.77800000000000e+04, 6.23625923155145e-11]
	RefineElem[5: 1.01000000000000e+05, 4.24240000000000e+04, 4.03200000000000e+04, 5.02210000000000e+04, 6.16555446826275e-11]
	RefineElem[5: 7.26290000000000e+04, 4.18320000000000e+04, 2.82600000000000e+04, 2.82800000000000e+04, 6.14197100591706e-11]
	RefineElem[5: 6.85860000000000e+04, 2.03450000000000e+04, 4.08170000000000e+04, 4.08160000000000e+04, 6.13799015584431e-11]
	RefineElem[5: 9.17440000000000e+04, 4.72730000000000e+04, 3.49240000000000e+04, 4.05700000000000e+04, 6.13708180043010e-11]
	RefineElem[5: 9.71540000000000e+04, 4.90560000000000e+04, 4.90550000000000e+04, 4.06760000000000e+04, 6.13649357360118e-11]
	RefineElem[5: 7.12970000000000e+04, 4.15440000000000e+04, 4.15450000000000e+04, 4.04750000000000e+04, 6.13511160689470e-11]
	RefineElem[5: 9.55790000000000e+04, 4.84610000000000e+04, 4.84620000000000e+04, 4.53540000000000e+04, 6.12259855076421e-11]
	RefineElem[5: 6.82220000000000e+04, 4.06920000000000e+04, 3.48750000000000e+04, 3.47870000000000e+04, 6.10910108288588e-11]
	RefineElem[5: 7.45610000000000e+04, 2.77810000000000e+04, 4.06900000000000e+04, 4.22090000000000e+04, 6.10203477792844e-11]
	RefineElem[5: 6.82240000000000e+04, 3.47980000000000e+04, 3.48470000000000e+04, 4.06920000000000e+04, 6.08889898097233e-11]
	RefineElem[5: 6.87770000000000e+04, 2.05900000000000e+04, 2.05910000000000e+04, 4.08930000000000e+04, 6.08857680832151e-11]
	RefineElem[5: 7.01340000000000e+04, 3.48780000000000e+04, 3.83200000000000e+04, 4.12610000000000e+04, 6.08679811413016e-11]
	RefineElem[5: 7.15620000000000e+04, 4.16110000000000e+04, 2.32010000000000e+04, 2.31990000000000e+04, 6.07556410641362e-11]
	RefineElem[5: 7.14240000000000e+04, 4.15850000000000e+04, 2.82980000000000e+04, 4.05480000000000e+04, 6.06769448418068e-11]
	RefineElem[5: 6.77530000000000e+04, 2.17030000000000e+04, 2.17750000000000e+04, 4.05260000000000e+04, 6.04675164864993e-11]
	RefineElem[5: 6.76980000000000e+04, 4.05080000000000e+04, 1.92580000000000e+04, 1.92230000000000e+04, 6.02091111543646e-11]
	RefineElem[5: 9.55820000000000e+04, 4.84620000000000e+04, 2.31940000000000e+04, 2.07660000000000e+04, 5.99424190344920e-11]
	RefineElem[5: 1.01010000000000e+05, 5.02230000000000e+04, 5.02240000000000e+04, 4.24220000000000e+04, 5.97507275050200e-11]
	RefineElem[5: 7.15910000000000e+04, 4.16180000000000e+04, 1.16430000000000e+04, 1.16420000000000e+04, 5.97103743017497e-11]
	RefineElem[5: 6.88790000000000e+04, 4.09210000000000e+04, 2.12750000000000e+04, 3.93150000000000e+04, 5.97064105886237e-11]
	RefineElem[5: 7.77570000000000e+04, 4.29040000000000e+04, 1.95950000000000e+04, 2.08220000000000e+04, 5.97040998667688e-11]
	RefineElem[5: 6.89850000000000e+04, 9.68400000000000e+03, 9.68700000000000e+03, 4.09460000000000e+04, 5.96835859750243e-11]
	RefineElem[5: 6.80880000000000e+04, 8.74000000000000e+02, 4.06480000000000e+04, 1.06700000000000e+03, 5.96658244362687e-11]
	RefineElem[5: 7.16260000000000e+04, 4.06960000000000e+04, 2.68210000000000e+04, 4.16220000000000e+04, 5.95483287807888e-11]
	RefineElem[5: 6.81930000000000e+04, 4.06830000000000e+04, 2.31480000000000e+04, 2.25280000000000e+04, 5.95440368417106e-11]
	RefineElem[5: 7.18130000000000e+04, 4.16710000000000e+04, 3.47760000000000e+04, 4.09080000000000e+04, 5.94790355965271e-11]
	RefineElem[5: 7.30290000000000e+04, 2.80990000000000e+04, 2.77830000000000e+04, 4.19150000000000e+04, 5.92509541681054e-11]
	RefineElem[5: 7.28870000000000e+04, 4.18820000000000e+04, 1.25630000000000e+04, 1.42900000000000e+04, 5.91392881847014e-11]
	RefineElem[5: 9.59270000000000e+04, 4.07270000000000e+04, 4.04330000000000e+04, 4.85620000000000e+04, 5.90954070119612e-11]
	RefineElem[5: 6.85840000000000e+04, 2.02720000000000e+04, 4.08170000000000e+04, 2.03420000000000e+04, 5.89320692754166e-11]
	RefineElem[5: 8.53810000000000e+04, 4.49940000000000e+04, 4.49930000000000e+04, 2.00220000000000e+04, 5.87834136621771e-11]
	RefineElem[5: 8.03550000000000e+04, 4.35660000000000e+04, 1.16420000000000e+04, 4.10740000000000e+04, 5.86563042535557e-11]
	RefineElem[5: 8.94720000000000e+04, 4.65970000000000e+04, 4.50090000000000e+04, 4.50100000000000e+04, 5.84504664256579e-11]
	RefineElem[5: 9.55870000000000e+04, 4.08180000000000e+04, 4.20500000000000e+04, 4.84640000000000e+04, 5.84113493071786e-11]
	RefineElem[5: 6.96410000000000e+04, 4.11140000000000e+04, 3.98390000000000e+04, 3.98410000000000e+04, 5.83225462254632e-11]
	RefineElem[5: 6.94370000000000e+04, 3.59600000000000e+03, 4.10730000000000e+04, 4.36400000000000e+03, 5.83193561261890e-11]
	RefineElem[5: 6.77080000000000e+04, 2.11320000000000e+04, 2.11430000000000e+04, 4.05150000000000e+04, 5.82826763191632e-11]
	RefineElem[5: 7.41680000000000e+04, 4.06180000000000e+04, 4.21420000000000e+04, 4.21450000000000e+04, 5.82514009071235e-11]
	RefineElem[5: 6.76120000000000e+04, 4.04530000000000e+04, 2.01510000000000e+04, 4.04520000000000e+04, 5.81603767329310e-11]
	RefineElem[5: 8.53890000000000e+04, 4.49970000000000e+04, 4.04070000000000e+04, 4.20260000000000e+04, 5.79064218574710e-11]
	RefineElem[5: 7.20720000000000e+04, 4.17200000000000e+04, 4.00800000000000e+03, 3.99700000000000e+03, 5.78871195482725e-11]
	RefineElem[5: 7.87820000000000e+04, 4.31600000000000e+04, 2.31440000000000e+04, 4.07830000000000e+04, 5.77936463554621e-11]
	RefineElem[5: 1.01004000000000e+05, 4.24230000000000e+04, 5.02210000000000e+04, 5.02220000000000e+04, 5.76415054067637e-11]
	RefineElem[5: 6.98880000000000e+04, 4.11810000000000e+04, 4.11820000000000e+04, 4.04040000000000e+04, 5.73898886361148e-11]
	RefineElem[5: 6.99770000000000e+04, 3.95000000000000e+04, 3.83170000000000e+04, 4.12200000000000e+04, 5.72895827178720e-11]
	RefineElem[5: 9.59250000000000e+04, 4.85620000000000e+04, 3.48130000000000e+04, 4.07260000000000e+04, 5.72806208848339e-11]
	RefineElem[5: 7.08290000000000e+04, 4.14350000000000e+04, 2.02080000000000e+04, 2.02020000000000e+04, 5.69628521013298e-11]
	RefineElem[5: 6.80970000000000e+04, 4.06520000000000e+04, 3.84890000000000e+04, 3.84860000000000e+04, 5.69166747026953e-11]
	RefineElem[5: 6.84720000000000e+04, 4.07790000000000e+04, 2.53910000000000e+04, 3.90800000000000e+04, 5.69110479499346e-11]
	RefineElem[5: 7.16510000000000e+04, 3.74370000000000e+04, 4.16290000000000e+04, 4.07810000000000e+04, 5.67365572740860e-11]
	RefineElem[5: 7.13460000000000e+04, 2.25380000000000e+04, 4.15640000000000e+04, 4.15630000000000e+04, 5.65910322539753e-11]
	RefineElem[5: 7.30160000000000e+04, 4.17590000000000e+04, 2.17760000000000e+04, 4.19130000000000e+04, 5.65515473479156e-11]
	RefineElem[5: 8.20020000000000e+04, 4.40250000000000e+04, 4.05920000000000e+04, 3.47230000000000e+04, 5.64066191456633e-11]
	RefineElem[5: 7.17430000000000e+04, 4.16510000000000e+04, 3.02200000000000e+03, 4.09190000000000e+04, 5.62921667359527e-11]
	RefineElem[5: 7.55870000000000e+04, 7.44600000000000e+03, 4.24180000000000e+04, 4.24190000000000e+04, 5.62533018388908e-11]
	RefineElem[5: 8.60880000000000e+04, 4.53530000000000e+04, 4.04080000000000e+04, 4.53580000000000e+04, 5.61869293102426e-11]
	RefineElem[5: 6.77740000000000e+04, 2.00200000000000e+04, 4.05320000000000e+04, 2.07080000000000e+04, 5.61104402073292e-11]
	RefineElem[5: 6.93180000000000e+04, 2.31970000000000e+04, 2.31990000000000e+04, 4.10340000000000e+04, 5.59263557544221e-11]
	RefineElem[5: 6.85130000000000e+04, 3.94670000000000e+04, 3.94650000000000e+04, 4.07870000000000e+04, 5.57181711278445e-11]
	RefineElem[5: 9.68700000000000e+04, 4.89150000000000e+04, 4.89140000000000e+04, 4.24230000000000e+04, 5.56273555835616e-11]
	RefineElem[5: 7.07800000000000e+04, 4.11240000000000e+04, 2.10240000000000e+04, 4.14220000000000e+04, 5.55964882589528e-11]
	RefineElem[5: 6.77570000000000e+04, 4.05260000000000e+04, 2.17750000000000e+04, 2.39630000000000e+04, 5.55630754559450e-11]
	RefineElem[5: 1.00119000000000e+05, 4.99570000000000e+04, 3.48130000000000e+04, 4.85620000000000e+04, 5.55480083287905e-11]
	RefineElem[5: 6.74970000000000e+04, 2.02100000000000e+04, 4.03460000000000e+04, 2.02110000000000e+04, 5.55260558776355e-11]
	RefineElem[5: 7.39950000000000e+04, 4.21140000000000e+04, 7.42900000000000e+03, 8.44500000000000e+03, 5.53027108397720e-11]
	RefineElem[5: 7.01860000000000e+04, 4.11840000000000e+04, 4.11830000000000e+04, 4.12700000000000e+04, 5.52028359726960e-11]
	RefineElem[5: 6.78410000000000e+04, 2.52230000000000e+04, 4.05600000000000e+04, 4.05650000000000e+04, 5.50551755420036e-11]
	RefineElem[5: 6.91530000000000e+04, 4.09830000000000e+04, 4.04760000000000e+04, 2.26650000000000e+04, 5.49863998539870e-11]
	RefineElem[5: 6.79120000000000e+04, 4.05860000000000e+04, 4.03610000000000e+04, 2.45370000000000e+04, 5.49358225613730e-11]
	RefineElem[5: 6.76850000000000e+04, 4.05010000000000e+04, 2.87620000000000e+04, 2.87630000000000e+04, 5.49239495957546e-11]
	RefineElem[5: 6.67430000000000e+04, 3.89520000000000e+04, 4.01400000000000e+04, 3.72980000000000e+04, 5.45259535292396e-11]
	RefineElem[5: 9.68730000000000e+04, 4.89160000000000e+04, 4.89150000000000e+04, 4.24220000000000e+04, 5.45067384733986e-11]
	RefineElem[5: 7.93180000000000e+04, 4.32920000000000e+04, 2.06950000000000e+04, 4.04530000000000e+04, 5.44869788728478e-11]
	RefineElem[5: 7.96110000000000e+04, 4.33510000000000e+04, 4.33500000000000e+04, 4.03530000000000e+04, 5.42041384052715e-11]
	RefineElem[5: 1.01014000000000e+05, 5.02260000000000e+04, 5.02250000000000e+04, 3.49330000000000e+04, 5.40857991010020e-11]
	RefineElem[5: 6.80090000000000e+04, 4.06070000000000e+04, 6.02300000000000e+03, 3.57200000000000e+03, 5.38450273745360e-11]
	RefineElem[5: 8.63800000000000e+04, 2.14040000000000e+04, 1.92120000000000e+04, 4.54630000000000e+04, 5.37637381487847e-11]
	RefineElem[5: 7.15980000000000e+04, 4.16190000000000e+04, 2.82890000000000e+04, 2.07040000000000e+04, 5.37560442092025e-11]
	RefineElem[5: 6.77100000000000e+04, 2.77170000000000e+04, 4.05160000000000e+04, 2.77160000000000e+04, 5.36884037814216e-11]
	RefineElem[5: 7.04540000000000e+04, 3.10000000000000e+03, 3.09100000000000e+03, 4.13350000000000e+04, 5.36302323691234e-11]
	RefineElem[5: 2.25930000000000e+04, 2.25270000000000e+04, 2.32460000000000e+04, 2.32470000000000e+04, 5.35812007511319e-11]
	RefineElem[5: 7.08060000000000e+04, 4.11860000000000e+04, 4.11850000000000e+04, 4.14300000000000e+04, 5.34822691406941e-11]
	RefineElem[5: 9.68670000000000e+04, 4.89140000000000e+04, 4.89130000000000e+04, 4.24230000000000e+04, 5.32685235654016e-11]
	RefineElem[5: 5.55820000000000e+04, 2.02300000000000e+04, 2.02350000000000e+04, 2.02700000000000e+04, 5.31702417326294e-11]
	RefineElem[5: 8.01500000000000e+04, 4.07580000000000e+04, 4.07570000000000e+04, 4.35040000000000e+04, 5.31156221880847e-11]
	RefineElem[5: 9.71560000000000e+04, 4.90560000000000e+04, 4.07720000000000e+04, 4.07730000000000e+04, 5.31111419461012e-11]
	RefineElem[5: 5.95630000000000e+04, 2.33120000000000e+04, 2.33240000000000e+04, 2.33210000000000e+04, 5.30607878451344e-11]
	RefineElem[5: 6.75030000000000e+04, 4.03490000000000e+04, 4.03480000000000e+04, 4.03470000000000e+04, 5.29215404014862e-11]
	RefineElem[5: 8.01580000000000e+04, 4.35080000000000e+04, 4.35070000000000e+04, 4.07560000000000e+04, 5.29026616218528e-11]
	RefineElem[5: 9.68630000000000e+04, 4.89130000000000e+04, 4.03410000000000e+04, 4.24240000000000e+04, 5.29000246050919e-11]
	RefineElem[5: 6.50870000000000e+04, 2.68250000000000e+04, 2.69100000000000e+04, 2.88870000000000e+04, 5.27997446233359e-11]
	RefineElem[5: 7.33380000000000e+04, 4.19710000000000e+04, 2.57580000000000e+04, 2.57620000000000e+04, 5.25097609775394e-11]
	RefineElem[5: 7.16640000000000e+04, 4.16350000000000e+04, 1.70500000000000e+04, 1.70460000000000e+04, 5.24909438159695e-11]
	RefineElem[5: 6.98380000000000e+04, 4.07450000000000e+04, 2.27280000000000e+04, 4.11670000000000e+04, 5.23053414765957e-11]
	RefineElem[5: 8.01600000000000e+04, 2.07570000000000e+04, 2.31870000000000e+04, 4.35080000000000e+04, 5.21784567622488e-11]
	RefineElem[5: 6.92020000000000e+04, 2.44680000000000e+04, 2.44280000000000e+04, 4.09970000000000e+04, 5.21218282022301e-11]
	RefineElem[5: 6.87070000000000e+04, 4.08600000000000e+04, 9.88200000000000e+03, 9.95600000000000e+03, 5.20254066640141e-11]
	RefineElem[5: 8.10560000000000e+04, 4.37800000000000e+04, 4.37740000000000e+04, 4.37750000000000e+04, 5.19738768009801e-11]
	RefineElem[5: 6.87580000000000e+04, 4.08770000000000e+04, 4.08780000000000e+04, 3.47280000000000e+04, 5.19720715417880e-11]
	RefineElem[5: 7.15570000000000e+04, 4.15820000000000e+04, 4.11350000000000e+04, 4.16100000000000e+04, 5.18676792400553e-11]
	RefineElem[5: 7.42270000000000e+04, 4.21530000000000e+04, 2.00250000000000e+04, 4.04860000000000e+04, 5.18398599961164e-11]
	RefineElem[5: 6.75380000000000e+04, 2.38210000000000e+04, 3.87460000000000e+04, 4.03970000000000e+04, 5.18114445752675e-11]
	RefineElem[5: 6.27120000000000e+04, 2.45940000000000e+04, 2.45890000000000e+04, 2.45810000000000e+04, 5.18076493243781e-11]
	RefineElem[5: 6.96390000000000e+04, 4.11140000000000e+04, 3.74410000000000e+04, 3.98630000000000e+04, 5.17257478019139e-11]
	RefineElem[5: 8.20180000000000e+04, 3.49680000000000e+04, 4.40360000000000e+04, 3.50230000000000e+04, 5.13440411254564e-11]
	RefineElem[5: 6.98950000000000e+04, 4.11920000000000e+04, 4.11820000000000e+04, 4.11830000000000e+04, 5.12608941584854e-11]
	RefineElem[5: 7.21890000000000e+04, 4.17420000000000e+04, 2.51840000000000e+04, 2.51400000000000e+04, 5.12374909169124e-11]
	RefineElem[5: 7.96080000000000e+04, 4.33480000000000e+04, 4.33490000000000e+04, 4.33470000000000e+04, 5.09540640467052e-11]
	RefineElem[5: 6.92460000000000e+04, 2.77780000000000e+04, 2.77150000000000e+04, 4.10070000000000e+04, 5.04262704804456e-11]
	RefineElem[5: 7.63940000000000e+04, 4.26230000000000e+04, 4.03790000000000e+04, 4.26080000000000e+04, 5.02843168251229e-11]
	RefineElem[5: 7.15450000000000e+04, 4.16080000000000e+04, 2.13850000000000e+04, 1.92580000000000e+04, 5.01817714189161e-11]
	RefineElem[5: 2.18690000000000e+04, 2.02300000000000e+04, 2.02020000000000e+04, 2.02080000000000e+04, 5.01752041998563e-11]
	RefineElem[5: 7.03150000000000e+04, 2.24910000000000e+04, 2.24850000000000e+04, 4.12980000000000e+04, 5.01327670138592e-11]
	RefineElem[5: 8.08580000000000e+04, 4.37080000000000e+04, 4.08210000000000e+04, 5.90700000000000e+03, 4.96760332238107e-11]
	RefineElem[5: 6.83580000000000e+04, 4.07330000000000e+04, 3.48670000000000e+04, 3.47720000000000e+04, 4.96195025248005e-11]
	RefineElem[5: 6.32060000000000e+04, 9.97500000000000e+03, 9.97000000000000e+03, 1.02040000000000e+04, 4.95313316421738e-11]
	RefineElem[5: 6.78500000000000e+04, 3.49220000000000e+04, 4.05670000000000e+04, 4.05680000000000e+04, 4.94378843176976e-11]
	RefineElem[5: 6.92920000000000e+04, 4.10210000000000e+04, 1.95220000000000e+04, 2.15850000000000e+04, 4.93736061585646e-11]
	RefineElem[5: 6.82090000000000e+04, 4.06870000000000e+04, 4.06880000000000e+04, 3.49200000000000e+04, 4.92394179949965e-11]
	RefineElem[5: 4.11270000000000e+04, 2.82970000000000e+04, 2.82950000000000e+04, 2.07010000000000e+04, 4.91024592379084e-11]
	RefineElem[5: 7.15170000000000e+04, 4.16020000000000e+04, 4.16030000000000e+04, 2.32100000000000e+04, 4.90444464983651e-11]
	RefineElem[5: 8.60850000000000e+04, 4.53570000000000e+04, 4.53560000000000e+04, 4.53530000000000e+04, 4.88087736670691e-11]
	RefineElem[5: 6.81950000000000e+04, 3.49450000000000e+04, 4.06840000000000e+04, 3.49210000000000e+04, 4.86897408908411e-11]
	RefineElem[5: 7.96150000000000e+04, 4.33520000000000e+04, 2.07570000000000e+04, 4.33470000000000e+04, 4.85421214893364e-11]
	RefineElem[5: 6.88430000000000e+04, 4.09110000000000e+04, 2.07510000000000e+04, 2.31990000000000e+04, 4.84360359231669e-11]
	RefineElem[5: 6.88470000000000e+04, 2.31970000000000e+04, 2.07520000000000e+04, 4.09110000000000e+04, 4.84241226847747e-11]
	RefineElem[5: 7.12120000000000e+04, 4.15250000000000e+04, 4.15240000000000e+04, 1.00000000000000e+04, 4.82496931867781e-11]
	RefineElem[5: 7.12900000000000e+04, 4.15420000000000e+04, 2.55200000000000e+04, 2.56390000000000e+04, 4.80290846807696e-11]
	RefineElem[5: 7.88000000000000e+04, 4.31650000000000e+04, 4.03490000000000e+04, 4.03500000000000e+04, 4.76486179142218e-11]
	RefineElem[5: 7.54650000000000e+04, 2.33360000000000e+04, 4.11160000000000e+04, 4.23870000000000e+04, 4.75766437819225e-11]
	RefineElem[5: 9.55920000000000e+04, 4.84660000000000e+04, 4.04620000000000e+04, 4.84650000000000e+04, 4.75364155722552e-11]
	RefineElem[5: 1.01007000000000e+05, 4.24230000000000e+04, 5.02220000000000e+04, 5.02230000000000e+04, 4.74587820898599e-11]
	RefineElem[5: 7.14290000000000e+04, 4.15870000000000e+04, 2.75850000000000e+04, 4.15860000000000e+04, 4.74300119826219e-11]
	RefineElem[5: 6.86230000000000e+04, 4.08240000000000e+04, 2.01090000000000e+04, 2.00230000000000e+04, 4.73584849105147e-11]
	RefineElem[5: 6.75890000000000e+04, 4.04430000000000e+04, 2.12790000000000e+04, 2.14150000000000e+04, 4.71949577834912e-11]
	RefineElem[5: 6.83600000000000e+04, 3.47870000000000e+04, 3.48750000000000e+04, 4.07330000000000e+04, 4.71154044150277e-11]
	RefineElem[5: 6.83060000000000e+04, 2.02720000000000e+04, 4.07140000000000e+04, 2.02780000000000e+04, 4.71003654663451e-11]
	RefineElem[5: 6.85920000000000e+04, 2.03370000000000e+04, 2.03410000000000e+04, 4.08170000000000e+04, 4.70498964767947e-11]
	RefineElem[5: 7.05470000000000e+04, 4.04760000000000e+04, 2.31260000000000e+04, 4.13620000000000e+04, 4.70478033995054e-11]
	RefineElem[5: 1.01968000000000e+05, 5.06000000000000e+04, 5.06010000000000e+04, 4.04320000000000e+04, 4.69609534460871e-11]
	RefineElem[5: 6.98430000000000e+04, 4.11690000000000e+04, 3.49640000000000e+04, 3.49630000000000e+04, 4.69532009431179e-11]
	RefineElem[5: 7.88040000000000e+04, 4.03480000000000e+04, 4.03490000000000e+04, 4.31660000000000e+04, 4.69362850433396e-11]
	RefineElem[5: 6.79680000000000e+04, 2.33180000000000e+04, 2.32000000000000e+04, 4.05950000000000e+04, 4.67467522639901e-11]
	RefineElem[5: 6.79020000000000e+04, 2.18570000000000e+04, 2.18640000000000e+04, 4.05800000000000e+04, 4.66826830861672e-11]
	RefineElem[5: 7.37200000000000e+04, 2.30530000000000e+04, 4.20560000000000e+04, 4.20570000000000e+04, 4.66733982505273e-11]
	RefineElem[5: 6.92690000000000e+04, 4.10110000000000e+04, 2.90020000000000e+04, 2.89990000000000e+04, 4.66375478470913e-11]
	RefineElem[5: 6.83990000000000e+04, 4.07520000000000e+04, 4.06480000000000e+04, 8.73000000000000e+02, 4.65075038028820e-11]
	RefineElem[5: 7.35110000000000e+04, 4.20080000000000e+04, 4.20100000000000e+04, 4.20070000000000e+04, 4.64822690554424e-11]
	RefineElem[5: 7.15320000000000e+04, 4.16060000000000e+04, 4.88100000000000e+03, 6.03000000000000e+03, 4.62623060341445e-11]
	RefineElem[5: 7.94870000000000e+04, 4.33220000000000e+04, 2.65700000000000e+03, 4.33180000000000e+04, 4.59560722699680e-11]
	RefineElem[5: 6.77460000000000e+04, 4.05250000000000e+04, 1.12760000000000e+04, 1.12940000000000e+04, 4.58710131966366e-11]
	RefineElem[5: 9.49850000000000e+04, 4.82690000000000e+04, 4.04090000000000e+04, 4.16020000000000e+04, 4.58410745753516e-11]
	RefineElem[5: 7.28580000000000e+04, 2.39540000000000e+04, 4.18780000000000e+04, 4.06170000000000e+04, 4.51260351603051e-11]
	RefineElem[5: 7.43110000000000e+04, 3.72910000000000e+04, 3.72900000000000e+04, 4.21650000000000e+04, 4.51157073411927e-11]
	RefineElem[5: 6.82060000000000e+04, 3.49180000000000e+04, 4.06860000000000e+04, 4.06870000000000e+04, 4.51028964603536e-11]
	RefineElem[5: 6.81570000000000e+04, 2.83430000000000e+04, 2.83350000000000e+04, 4.06630000000000e+04, 4.50114000506302e-11]
	RefineElem[5: 6.83710000000000e+04, 4.07390000000000e+04, 4.03440000000000e+04, 3.49600000000000e+04, 4.48884507395736e-11]
	RefineElem[5: 6.82200000000000e+04, 4.04880000000000e+04, 3.64800000000000e+03, 4.06910000000000e+04, 4.48722902207170e-11]
	RefineElem[5: 6.99270000000000e+04, 1.22630000000000e+04, 1.22410000000000e+04, 4.11990000000000e+04, 4.47362795659518e-11]
	RefineElem[5: 8.01470000000000e+04, 2.31920000000000e+04, 2.31880000000000e+04, 4.35030000000000e+04, 4.46942720436038e-11]
	RefineElem[5: 7.27150000000000e+04, 4.18550000000000e+04, 2.32030000000000e+04, 2.32010000000000e+04, 4.45203840706940e-11]
	RefineElem[5: 7.40650000000000e+04, 4.21250000000000e+04, 2.05970000000000e+04, 2.05960000000000e+04, 4.44063343192440e-11]
	RefineElem[5: 7.12810000000000e+04, 4.15420000000000e+04, 2.54020000000000e+04, 4.15410000000000e+04, 4.43125785839642e-11]
	RefineElem[5: 7.15470000000000e+04, 4.16080000000000e+04, 1.92890000000000e+04, 2.13940000000000e+04, 4.42502431467122e-11]
	RefineElem[5: 7.53060000000000e+04, 4.13860000000000e+04, 4.03980000000000e+04, 4.23600000000000e+04, 4.41706252246542e-11]
	RefineElem[5: 6.92620000000000e+04, 4.09290000000000e+04, 4.10110000000000e+04, 2.88860000000000e+04, 4.41170225104276e-11]
	RefineElem[5: 7.84710000000000e+04, 4.30810000000000e+04, 4.30850000000000e+04, 2.83460000000000e+04, 4.40488718994182e-11]
	RefineElem[5: 6.65510000000000e+04, 4.01020000000000e+04, 3.93150000000000e+04, 2.12750000000000e+04, 4.40154091923087e-11]
	RefineElem[5: 6.77780000000000e+04, 2.50540000000000e+04, 4.05340000000000e+04, 2.50520000000000e+04, 4.38849209133586e-11]
	RefineElem[5: 9.84940000000000e+04, 4.05920000000000e+04, 4.94920000000000e+04, 3.48010000000000e+04, 4.38844533684375e-11]
	RefineElem[5: 6.86210000000000e+04, 2.36220000000000e+04, 4.08220000000000e+04, 2.36340000000000e+04, 4.38744808313933e-11]
	RefineElem[5: 6.03930000000000e+04, 5.60700000000000e+03, 5.62000000000000e+03, 5.62400000000000e+03, 4.38654951248620e-11]
	RefineElem[5: 7.25290000000000e+04, 4.18060000000000e+04, 2.05960000000000e+04, 2.05980000000000e+04, 4.37462249808330e-11]
	RefineElem[5: 1.00896000000000e+05, 5.01920000000000e+04, 3.49960000000000e+04, 4.89190000000000e+04, 4.36695159464525e-11]
	RefineElem[5: 6.94810000000000e+04, 4.10810000000000e+04, 2.77170000000000e+04, 4.05420000000000e+04, 4.34150649725680e-11]
	RefineElem[5: 6.42200000000000e+04, 3.62600000000000e+03, 3.61400000000000e+03, 4.33800000000000e+03, 4.34001410669263e-11]
	RefineElem[5: 9.24310000000000e+04, 4.74830000000000e+04, 4.74820000000000e+04, 3.47240000000000e+04, 4.33568738354066e-11]
	RefineElem[5: 6.84150000000000e+04, 4.07600000000000e+04, 2.07620000000000e+04, 4.07610000000000e+04, 4.32594854283617e-11]
	RefineElem[5: 6.79980000000000e+04, 2.08020000000000e+04, 4.06050000000000e+04, 4.05220000000000e+04, 4.32110734197269e-11]
	RefineElem[5: 6.92500000000000e+04, 4.10080000000000e+04, 3.48210000000000e+04, 3.47580000000000e+04, 4.31983074260484e-11]
	RefineElem[5: 7.29000000000000e+04, 4.18840000000000e+04, 2.32040000000000e+04, 2.32030000000000e+04, 4.29101784431127e-11]
	RefineElem[5: 7.06350000000000e+04, 4.13840000000000e+04, 3.47700000000000e+04, 3.47550000000000e+04, 4.28363990543288e-11]
	RefineElem[5: 9.63490000000000e+04, 4.86990000000000e+04, 4.03190000000000e+04, 4.86980000000000e+04, 4.27801862375194e-11]
	RefineElem[5: 6.94050000000000e+04, 4.10600000000000e+04, 2.03570000000000e+04, 3.92000000000000e+04, 4.27574328798455e-11]
	RefineElem[5: 6.95540000000000e+04, 4.11030000000000e+04, 3.62600000000000e+03, 3.64900000000000e+03, 4.27455582235280e-11]
	RefineElem[5: 7.13050000000000e+04, 4.15450000000000e+04, 4.15500000000000e+04, 4.15460000000000e+04, 4.27357958079931e-11]
	RefineElem[5: 7.18800000000000e+04, 4.16840000000000e+04, 1.16200000000000e+04, 1.16160000000000e+04, 4.26539323158366e-11]
	RefineElem[5: 7.25270000000000e+04, 4.18060000000000e+04, 2.30710000000000e+04, 4.07450000000000e+04, 4.26534391834633e-11]
	RefineElem[5: 7.96570000000000e+04, 2.82440000000000e+04, 4.07930000000000e+04, 4.33660000000000e+04, 4.24624294716077e-11]
	RefineElem[5: 6.92530000000000e+04, 3.47600000000000e+04, 3.48460000000000e+04, 4.10080000000000e+04, 4.23661917608139e-11]
	RefineElem[5: 5.27760000000000e+04, 2.85160000000000e+04, 2.74070000000000e+04, 2.85910000000000e+04, 4.23425107327255e-11]
	RefineElem[5: 1.01166000000000e+05, 5.02710000000000e+04, 4.40270000000000e+04, 4.40280000000000e+04, 4.22639514547827e-11]
	RefineElem[5: 7.21590000000000e+04, 4.17360000000000e+04, 2.23350000000000e+04, 2.23460000000000e+04, 4.21822770371373e-11]
	RefineElem[5: 7.03100000000000e+04, 2.50560000000000e+04, 2.57530000000000e+04, 4.12970000000000e+04, 4.21137678751432e-11]
	RefineElem[5: 7.63360000000000e+04, 7.00000000000000e+02, 1.54700000000000e+03, 4.26120000000000e+04, 4.20894380668662e-11]
	RefineElem[5: 7.96260000000000e+04, 4.33550000000000e+04, 4.33540000000000e+04, 4.05860000000000e+04, 4.20689493873867e-11]
	RefineElem[5: 9.55850000000000e+04, 4.84640000000000e+04, 4.84630000000000e+04, 2.70490000000000e+04, 4.19449518119107e-11]
	RefineElem[5: 9.57160000000000e+04, 4.53640000000000e+04, 2.82450000000000e+04, 4.84970000000000e+04, 4.18868827304648e-11]
	RefineElem[5: 6.77630000000000e+04, 4.05290000000000e+04, 2.27270000000000e+04, 2.27300000000000e+04, 4.17454823602859e-11]
	RefineElem[5: 7.24160000000000e+04, 4.17800000000000e+04, 2.31870000000000e+04, 4.03530000000000e+04, 4.17102325677561e-11]
	RefineElem[5: 7.04480000000000e+04, 4.13340000000000e+04, 2.32310000000000e+04, 4.11680000000000e+04, 4.16825087467521e-11]
	RefineElem[5: 6.76920000000000e+04, 4.05030000000000e+04, 2.39410000000000e+04, 2.17670000000000e+04, 4.14903440874537e-11]
	RefineElem[5: 6.11520000000000e+04, 1.92200000000000e+04, 1.92580000000000e+04, 2.13990000000000e+04, 4.14369975981354e-11]
	RefineElem[5: 7.23990000000000e+04, 4.17760000000000e+04, 2.31520000000000e+04, 2.31510000000000e+04, 4.13685479930948e-11]
	RefineElem[5: 7.10000000000000e+04, 4.14790000000000e+04, 2.12840000000000e+04, 3.94280000000000e+04, 4.13624608502138e-11]
	RefineElem[5: 7.20410000000000e+04, 4.17100000000000e+04, 2.59820000000000e+04, 2.49290000000000e+04, 4.12986279065828e-11]
	RefineElem[5: 7.93450000000000e+04, 4.32980000000000e+04, 4.10820000000000e+04, 4.00800000000000e+03, 4.12929108184090e-11]
	RefineElem[5: 7.96050000000000e+04, 4.33480000000000e+04, 2.07660000000000e+04, 2.31940000000000e+04, 4.12709571053009e-11]
	RefineElem[5: 6.75410000000000e+04, 4.04030000000000e+04, 2.37250000000000e+04, 2.37210000000000e+04, 4.12690667334025e-11]
	RefineElem[5: 9.55730000000000e+04, 4.53550000000000e+04, 4.84580000000000e+04, 4.84590000000000e+04, 4.11606309720549e-11]
	RefineElem[5: 7.63890000000000e+04, 2.10670000000000e+04, 4.06390000000000e+04, 4.26220000000000e+04, 4.11490698230356e-11]
	RefineElem[5: 9.55710000000000e+04, 4.53560000000000e+04, 4.03240000000000e+04, 4.84580000000000e+04, 4.11011311849102e-11]
	RefineElem[5: 6.74880000000000e+04, 4.03430000000000e+04, 4.03420000000000e+04, 3.47760000000000e+04, 4.10599654444107e-11]
	RefineElem[5: 5.55830000000000e+04, 2.02700000000000e+04, 2.02690000000000e+04, 2.02300000000000e+04, 4.10274254940822e-11]
	RefineElem[5: 2.24980000000000e+04, 2.26390000000000e+04, 2.26320000000000e+04, 2.26770000000000e+04, 4.10199744706582e-11]
	RefineElem[5: 6.79270000000000e+04, 4.05890000000000e+04, 3.49140000000000e+04, 3.49130000000000e+04, 4.08158351183513e-11]
	RefineElem[5: 7.17070000000000e+04, 1.28160000000000e+04, 4.16470000000000e+04, 1.27850000000000e+04, 4.07736116690244e-11]
	RefineElem[5: 6.88670000000000e+04, 4.09180000000000e+04, 2.52800000000000e+04, 2.54070000000000e+04, 4.07297186360610e-11]
	RefineElem[5: 7.26110000000000e+04, 4.18290000000000e+04, 2.31510000000000e+04, 2.31500000000000e+04, 4.06625640175228e-11]
	RefineElem[5: 6.84670000000000e+04, 4.04420000000000e+04, 4.07790000000000e+04, 2.53190000000000e+04, 4.05759183120307e-11]
	RefineElem[5: 7.35150000000000e+04, 4.20120000000000e+04, 4.20080000000000e+04, 2.19080000000000e+04, 4.04905014823906e-11]
	RefineElem[5: 7.40380000000000e+04, 1.00230000000000e+04, 1.00290000000000e+04, 4.21210000000000e+04, 4.03992720041110e-11]
	RefineElem[5: 6.85690000000000e+04, 4.08150000000000e+04, 2.11410000000000e+04, 2.11330000000000e+04, 4.03810505756691e-11]
	RefineElem[5: 7.87510000000000e+04, 4.31560000000000e+04, 2.02300000000000e+04, 2.02690000000000e+04, 4.03739400983704e-11]
	RefineElem[5: 6.81300000000000e+04, 4.06580000000000e+04, 2.86200000000000e+04, 2.83600000000000e+04, 4.03157142089425e-11]
	RefineElem[5: 6.82410000000000e+04, 4.06940000000000e+04, 2.07530000000000e+04, 1.96840000000000e+04, 4.02739740971208e-11]
	RefineElem[5: 6.91110000000000e+04, 4.04880000000000e+04, 4.09740000000000e+04, 3.62600000000000e+03, 4.02728356364496e-11]
	RefineElem[5: 7.10660000000000e+04, 4.14950000000000e+04, 6.80400000000000e+03, 6.79400000000000e+03, 3.99385036714218e-11]
	RefineElem[5: 8.68400000000000e+04, 2.57760000000000e+04, 4.03860000000000e+04, 4.57470000000000e+04, 3.99332262273871e-11]
	RefineElem[5: 7.18320000000000e+04, 2.44300000000000e+03, 2.51700000000000e+03, 4.16720000000000e+04, 3.98668167146449e-11]
	RefineElem[5: 6.88550000000000e+04, 4.09140000000000e+04, 4.09130000000000e+04, 3.49130000000000e+04, 3.98169786961033e-11]
	RefineElem[5: 6.28010000000000e+04, 2.47490000000000e+04, 2.57970000000000e+04, 2.58980000000000e+04, 3.98166896172072e-11]
	RefineElem[5: 7.17420000000000e+04, 4.09190000000000e+04, 4.12990000000000e+04, 4.16510000000000e+04, 3.97946204474564e-11]
	RefineElem[5: 6.37760000000000e+04, 2.75860000000000e+04, 2.75950000000000e+04, 2.76650000000000e+04, 3.97522426381577e-11]
	RefineElem[5: 2.18860000000000e+04, 2.02750000000000e+04, 2.02350000000000e+04, 2.02370000000000e+04, 3.97368615798578e-11]
	RefineElem[5: 7.30500000000000e+04, 4.19210000000000e+04, 2.82360000000000e+04, 2.87730000000000e+04, 3.97166674910381e-11]
	RefineElem[5: 7.36690000000000e+04, 2.88870000000000e+04, 3.92040000000000e+04, 4.20470000000000e+04, 3.96245543760409e-11]
	RefineElem[5: 7.48870000000000e+04, 4.22970000000000e+04, 4.06830000000000e+04, 2.31470000000000e+04, 3.95661143521931e-11]
	RefineElem[5: 7.12450000000000e+04, 4.15310000000000e+04, 4.06170000000000e+04, 2.38240000000000e+04, 3.93978549412214e-11]
	RefineElem[5: 3.57180000000000e+04, 3.48730000000000e+04, 3.85000000000000e+04, 3.84960000000000e+04, 3.92977741458274e-11]
	RefineElem[5: 6.83640000000000e+04, 3.49790000000000e+04, 4.03440000000000e+04, 4.07340000000000e+04, 3.92734443640830e-11]
	RefineElem[5: 6.98740000000000e+04, 2.31300000000000e+04, 4.04820000000000e+04, 4.11780000000000e+04, 3.91146571820922e-11]
	RefineElem[5: 9.43900000000000e+04, 2.07180000000000e+04, 4.49920000000000e+04, 4.80830000000000e+04, 3.90773938952220e-11]
	RefineElem[5: 6.97710000000000e+04, 4.11480000000000e+04, 2.30410000000000e+04, 2.27340000000000e+04, 3.90096360742140e-11]
	RefineElem[5: 6.76590000000000e+04, 2.07140000000000e+04, 2.07170000000000e+04, 4.04860000000000e+04, 3.86296476863844e-11]
	RefineElem[5: 6.92410000000000e+04, 4.10060000000000e+04, 1.97290000000000e+04, 4.05230000000000e+04, 3.86118527068785e-11]
	RefineElem[5: 7.37860000000000e+04, 4.20700000000000e+04, 1.31070000000000e+04, 1.31230000000000e+04, 3.85691090560668e-11]
	RefineElem[5: 9.63470000000000e+04, 4.40320000000000e+04, 4.40330000000000e+04, 4.86980000000000e+04, 3.85673123643112e-11]
	RefineElem[5: 7.05760000000000e+04, 4.13660000000000e+04, 4.04290000000000e+04, 2.18390000000000e+04, 3.83970550924784e-11]
	RefineElem[5: 7.05460000000000e+04, 4.13620000000000e+04, 4.04750000000000e+04, 4.04760000000000e+04, 3.83486196109499e-11]
	RefineElem[5: 6.89530000000000e+04, 8.56400000000000e+03, 4.09430000000000e+04, 7.44500000000000e+03, 3.82926273372955e-11]
	RefineElem[5: 6.76960000000000e+04, 4.05080000000000e+04, 1.92240000000000e+04, 4.05070000000000e+04, 3.82870441854639e-11]
	RefineElem[5: 6.76810000000000e+04, 2.82400000000000e+04, 2.82410000000000e+04, 4.05010000000000e+04, 3.82491847456022e-11]
	RefineElem[5: 5.92660000000000e+04, 2.61380000000000e+04, 2.48790000000000e+04, 2.48770000000000e+04, 3.82312277332488e-11]
	RefineElem[5: 4.76510000000000e+04, 3.89780000000000e+04, 3.72860000000000e+04, 3.48910000000000e+04, 3.82183144150716e-11]
	RefineElem[5: 7.84520000000000e+04, 4.03660000000000e+04, 4.30800000000000e+04, 4.30790000000000e+04, 3.80074175340664e-11]
	RefineElem[5: 2.30500000000000e+03, 3.90700000000000e+03, 3.90200000000000e+03, 5.74700000000000e+03, 3.79879509511661e-11]
	RefineElem[5: 7.12210000000000e+04, 3.50150000000000e+04, 4.15270000000000e+04, 3.50100000000000e+04, 3.76405713489864e-11]
	RefineElem[5: 6.99900000000000e+04, 4.12260000000000e+04, 2.21150000000000e+04, 2.20860000000000e+04, 3.76053508519535e-11]
	RefineElem[5: 6.84810000000000e+04, 4.07810000000000e+04, 3.98610000000000e+04, 3.98630000000000e+04, 3.75661462619381e-11]
	RefineElem[5: 6.87320000000000e+04, 4.08660000000000e+04, 4.08650000000000e+04, 2.39440000000000e+04, 3.75355644463024e-11]
	RefineElem[5: 6.91500000000000e+04, 2.30660000000000e+04, 2.30670000000000e+04, 4.09820000000000e+04, 3.75049414975050e-11]
	RefineElem[5: 6.92380000000000e+04, 2.08600000000000e+04, 1.97270000000000e+04, 4.10060000000000e+04, 3.74184002099311e-11]
	RefineElem[5: 7.32390000000000e+04, 2.82960000000000e+04, 2.75730000000000e+04, 4.19560000000000e+04, 3.72942844851792e-11]
	RefineElem[5: 7.87970000000000e+04, 4.31640000000000e+04, 4.03500000000000e+04, 4.03510000000000e+04, 3.72427342155183e-11]
	RefineElem[5: 6.25600000000000e+04, 2.00870000000000e+04, 2.01060000000000e+04, 2.00750000000000e+04, 3.71904218483604e-11]
	RefineElem[5: 6.77250000000000e+04, 2.01450000000000e+04, 4.05220000000000e+04, 4.03460000000000e+04, 3.71754405447096e-11]
	RefineElem[5: 6.89010000000000e+04, 4.09280000000000e+04, 4.09250000000000e+04, 2.11750000000000e+04, 3.70574232955370e-11]
	RefineElem[5: 7.29180000000000e+04, 2.72730000000000e+04, 2.86140000000000e+04, 4.18930000000000e+04, 3.68046943446009e-11]
	RefineElem[5: 7.27810000000000e+04, 2.17930000000000e+04, 4.18680000000000e+04, 2.17240000000000e+04, 3.67655159468534e-11]
	RefineElem[5: 9.71500000000000e+04, 4.90540000000000e+04, 4.07730000000000e+04, 4.07740000000000e+04, 3.66087820017902e-11]
	RefineElem[5: 7.74120000000000e+04, 2.43770000000000e+04, 2.43580000000000e+04, 4.28280000000000e+04, 3.65453908438684e-11]
	RefineElem[5: 7.17940000000000e+04, 3.48440000000000e+04, 4.08810000000000e+04, 4.16640000000000e+04, 3.63379938087954e-11]
	RefineElem[5: 6.80080000000000e+04, 3.57200000000000e+03, 5.98700000000000e+03, 4.06070000000000e+04, 3.62552518968821e-11]
	RefineElem[5: 1.00893000000000e+05, 3.50110000000000e+04, 5.01920000000000e+04, 4.89060000000000e+04, 3.61955793884834e-11]
	RefineElem[5: 6.77850000000000e+04, 4.05400000000000e+04, 1.16060000000000e+04, 1.02010000000000e+04, 3.60519206212288e-11]
	RefineElem[5: 6.88760000000000e+04, 4.09200000000000e+04, 3.48700000000000e+04, 3.48400000000000e+04, 3.58977114058942e-11]
	RefineElem[5: 7.04660000000000e+04, 3.50210000000000e+04, 3.50080000000000e+04, 4.13420000000000e+04, 3.58119981403725e-11]
	RefineElem[5: 7.01850000000000e+04, 3.49310000000000e+04, 4.11840000000000e+04, 4.12690000000000e+04, 3.58025043356311e-11]
	RefineElem[5: 7.27170000000000e+04, 4.06940000000000e+04, 4.13900000000000e+04, 4.18550000000000e+04, 3.56992584585843e-11]
	RefineElem[5: 7.96280000000000e+04, 4.33560000000000e+04, 4.33550000000000e+04, 4.33530000000000e+04, 3.54711159743709e-11]
	RefineElem[5: 7.24510000000000e+04, 4.17880000000000e+04, 2.79090000000000e+04, 2.81120000000000e+04, 3.54631506064256e-11]
	RefineElem[5: 9.50510000000000e+04, 2.82760000000000e+04, 2.82600000000000e+04, 4.82870000000000e+04, 3.53230221227643e-11]
	RefineElem[5: 5.92030000000000e+04, 2.22160000000000e+04, 2.22190000000000e+04, 2.23260000000000e+04, 3.52656290903840e-11]
	RefineElem[5: 9.83230000000000e+04, 4.94420000000000e+04, 2.06780000000000e+04, 2.05300000000000e+04, 3.52399654819214e-11]
	RefineElem[5: 1.01963000000000e+05, 3.47320000000000e+04, 3.48120000000000e+04, 5.06000000000000e+04, 3.51984117556541e-11]
	RefineElem[5: 6.94730000000000e+04, 1.78200000000000e+03, 4.10800000000000e+04, 6.80000000000000e+02, 3.51928455168229e-11]
	RefineElem[5: 9.54160000000000e+04, 4.84080000000000e+04, 4.07210000000000e+04, 3.47500000000000e+04, 3.51832405966837e-11]
	RefineElem[5: 9.63460000000000e+04, 4.86980000000000e+04, 4.03190000000000e+04, 4.40260000000000e+04, 3.51186297008802e-11]
	RefineElem[5: 6.18880000000000e+04, 3.58800000000000e+03, 3.59800000000000e+03, 3.59700000000000e+03, 3.50768047297862e-11]
	RefineElem[5: 9.55750000000000e+04, 4.53550000000000e+04, 4.84590000000000e+04, 4.84600000000000e+04, 3.50519938788435e-11]
	RefineElem[5: 9.55770000000000e+04, 4.84600000000000e+04, 4.84610000000000e+04, 4.53540000000000e+04, 3.49842563349679e-11]
	RefineElem[5: 8.25730000000000e+04, 2.15690000000000e+04, 4.10210000000000e+04, 4.42100000000000e+04, 3.49656008888190e-11]
	RefineElem[5: 7.16130000000000e+04, 3.92400000000000e+04, 2.03610000000000e+04, 4.16210000000000e+04, 3.48554858871573e-11]
	RefineElem[5: 6.77730000000000e+04, 2.07080000000000e+04, 2.00270000000000e+04, 2.00200000000000e+04, 3.48465166814117e-11]
	RefineElem[5: 7.09010000000000e+04, 2.24490000000000e+04, 2.24070000000000e+04, 4.14480000000000e+04, 3.48126552152236e-11]
	RefineElem[5: 6.92640000000000e+04, 3.92310000000000e+04, 2.88860000000000e+04, 4.10110000000000e+04, 3.47854564876758e-11]
	RefineElem[5: 6.80190000000000e+04, 4.06140000000000e+04, 2.69010000000000e+04, 2.69490000000000e+04, 3.47722046165435e-11]
	RefineElem[5: 1.01016000000000e+05, 5.02240000000000e+04, 5.02250000000000e+04, 5.02260000000000e+04, 3.47408989782006e-11]
	RefineElem[5: 7.12370000000000e+04, 4.15290000000000e+04, 2.57920000000000e+04, 2.57910000000000e+04, 3.46125854146126e-11]
	RefineElem[5: 6.84500000000000e+04, 4.06660000000000e+04, 3.47670000000000e+04, 4.07680000000000e+04, 3.46089832391802e-11]
	RefineElem[5: 7.08050000000000e+04, 4.14300000000000e+04, 4.11800000000000e+04, 4.11810000000000e+04, 3.45575499321842e-11]
	RefineElem[5: 5.72810000000000e+04, 9.64900000000000e+03, 9.65200000000000e+03, 9.68000000000000e+03, 3.44777114482793e-11]
	RefineElem[5: 7.20380000000000e+04, 2.49300000000000e+04, 2.49180000000000e+04, 4.17100000000000e+04, 3.44534727571258e-11]
	RefineElem[5: 6.93070000000000e+04, 4.10320000000000e+04, 3.95120000000000e+04, 4.06520000000000e+04, 3.44389579114090e-11]
	RefineElem[5: 7.14060000000000e+04, 4.12580000000000e+04, 4.15810000000000e+04, 2.77150000000000e+04, 3.44143926694710e-11]
	RefineElem[5: 7.36160000000000e+04, 4.20350000000000e+04, 2.30660000000000e+04, 4.07450000000000e+04, 3.44086961778445e-11]
	RefineElem[5: 7.18360000000000e+04, 1.23440000000000e+04, 1.23470000000000e+04, 4.16730000000000e+04, 3.43493404436748e-11]
	RefineElem[5: 7.00150000000000e+04, 2.27370000000000e+04, 4.12330000000000e+04, 3.88090000000000e+04, 3.43492028425824e-11]
	RefineElem[5: 6.88440000000000e+04, 2.07510000000000e+04, 4.09110000000000e+04, 4.06940000000000e+04, 3.42482611962991e-11]
	RefineElem[5: 8.01790000000000e+04, 2.82420000000000e+04, 4.19220000000000e+04, 4.35130000000000e+04, 3.42282638086363e-11]
	RefineElem[5: 6.83130000000000e+04, 2.02690000000000e+04, 2.02700000000000e+04, 4.07140000000000e+04, 3.41628866210687e-11]
	RefineElem[5: 6.64370000000000e+04, 4.00800000000000e+04, 2.77790000000000e+04, 2.03610000000000e+04, 3.41226203486307e-11]
	RefineElem[5: 9.35250000000000e+04, 4.77960000000000e+04, 4.77940000000000e+04, 2.41200000000000e+04, 3.40326551957485e-11]
	RefineElem[5: 6.99910000000000e+04, 2.20860000000000e+04, 2.20880000000000e+04, 4.12260000000000e+04, 3.39559470076617e-11]
	RefineElem[5: 7.34470000000000e+04, 4.19980000000000e+04, 4.09670000000000e+04, 2.11320000000000e+04, 3.39403775584141e-11]
	RefineElem[5: 7.83660000000000e+04, 4.30600000000000e+04, 4.06950000000000e+04, 1.83400000000000e+03, 3.39237754292223e-11]
	RefineElem[5: 4.76670000000000e+04, 3.89490000000000e+04, 3.72990000000000e+04, 3.50340000000000e+04, 3.38911909061119e-11]
	RefineElem[5: 4.98350000000000e+04, 3.84990000000000e+04, 3.84910000000000e+04, 3.84930000000000e+04, 3.38643408533913e-11]
	RefineElem[5: 6.95290000000000e+04, 2.53210000000000e+04, 4.10970000000000e+04, 4.05550000000000e+04, 3.38356781970613e-11]
	RefineElem[5: 7.74460000000000e+04, 2.86810000000000e+04, 2.76810000000000e+04, 4.28340000000000e+04, 3.37715621265871e-11]
	RefineElem[5: 9.17490000000000e+04, 4.72730000000000e+04, 4.72740000000000e+04, 3.49260000000000e+04, 3.37292723476386e-11]
	RefineElem[5: 7.08120000000000e+04, 4.14320000000000e+04, 4.11850000000000e+04, 3.49850000000000e+04, 3.36405149943183e-11]
	RefineElem[5: 6.76160000000000e+04, 4.04530000000000e+04, 2.06950000000000e+04, 2.07040000000000e+04, 3.35396379707719e-11]
	RefineElem[5: 7.04490000000000e+04, 2.32300000000000e+04, 4.13340000000000e+04, 4.11680000000000e+04, 3.34782169136942e-11]
	RefineElem[5: 7.08320000000000e+04, 4.14360000000000e+04, 4.03610000000000e+04, 4.05860000000000e+04, 3.34454313564071e-11]
	RefineElem[5: 7.25790000000000e+04, 4.18210000000000e+04, 2.68210000000000e+04, 4.06960000000000e+04, 3.33087241690506e-11]
	RefineElem[5: 6.87750000000000e+04, 2.05980000000000e+04, 4.08930000000000e+04, 2.05910000000000e+04, 3.32897705398952e-11]
	RefineElem[5: 8.20050000000000e+04, 4.40260000000000e+04, 4.06500000000000e+04, 3.49270000000000e+04, 3.32857841249063e-11]
	RefineElem[5: 7.08240000000000e+04, 2.82760000000000e+04, 2.82750000000000e+04, 4.14340000000000e+04, 3.32745836512150e-11]
	RefineElem[5: 6.99080000000000e+04, 4.11830000000000e+04, 4.11840000000000e+04, 4.11940000000000e+04, 3.32324863709900e-11]
	RefineElem[5: 9.72540000000000e+04, 4.90970000000000e+04, 4.57560000000000e+04, 4.90950000000000e+04, 3.32306226379800e-11]
	RefineElem[5: 7.72290000000000e+04, 4.27920000000000e+04, 2.29140000000000e+04, 2.29250000000000e+04, 3.32080057378410e-11]
	RefineElem[5: 7.63840000000000e+04, 4.26210000000000e+04, 4.24210000000000e+04, 9.67600000000000e+03, 3.31867792892045e-11]
	RefineElem[5: 6.76440000000000e+04, 4.04810000000000e+04, 4.03260000000000e+04, 2.26390000000000e+04, 3.30215627983829e-11]
	RefineElem[5: 9.55900000000000e+04, 4.84660000000000e+04, 4.84640000000000e+04, 2.82440000000000e+04, 3.29939355343539e-11]
	RefineElem[5: 7.35530000000000e+04, 4.05020000000000e+04, 4.20200000000000e+04, 3.48170000000000e+04, 3.29686476398663e-11]
	RefineElem[5: 6.98830000000000e+04, 2.29820000000000e+04, 2.31330000000000e+04, 4.11790000000000e+04, 3.29229229525704e-11]
	RefineElem[5: 7.37940000000000e+04, 4.20720000000000e+04, 6.75000000000000e+02, 1.76100000000000e+03, 3.28805054142682e-11]
	RefineElem[5: 8.66080000000000e+04, 4.55710000000000e+04, 2.67600000000000e+04, 2.89900000000000e+04, 3.28782624304410e-11]
	RefineElem[5: 6.77790000000000e+04, 4.05340000000000e+04, 2.50480000000000e+04, 2.57620000000000e+04, 3.28604449166610e-11]
	RefineElem[5: 7.88060000000000e+04, 4.31670000000000e+04, 4.05420000000000e+04, 4.05430000000000e+04, 3.28105591915999e-11]
	RefineElem[5: 7.35130000000000e+04, 4.20100000000000e+04, 4.20110000000000e+04, 4.20090000000000e+04, 3.28018733243842e-11]
	RefineElem[5: 7.94690000000000e+04, 2.66600000000000e+03, 4.33170000000000e+04, 4.33180000000000e+04, 3.27803670893702e-11]
	RefineElem[5: 6.82530000000000e+04, 2.10690000000000e+04, 4.06970000000000e+04, 4.06980000000000e+04, 3.27370292206585e-11]
	RefineElem[5: 8.27020000000000e+04, 4.42390000000000e+04, 6.89200000000000e+03, 6.88500000000000e+03, 3.26552967077792e-11]
	RefineElem[5: 9.43910000000000e+04, 4.80840000000000e+04, 2.24360000000000e+04, 4.80780000000000e+04, 3.25886632119650e-11]
	RefineElem[5: 8.99820000000000e+04, 2.41520000000000e+04, 4.24020000000000e+04, 4.67410000000000e+04, 3.25499180895722e-11]
	RefineElem[5: 6.76910000000000e+04, 2.17670000000000e+04, 3.94520000000000e+04, 4.05030000000000e+04, 3.25461050521698e-11]
	RefineElem[5: 7.32190000000000e+04, 4.19520000000000e+04, 2.56560000000000e+04, 4.10710000000000e+04, 3.25421493018344e-11]
	RefineElem[5: 6.78760000000000e+04, 4.05750000000000e+04, 3.47250000000000e+04, 3.47270000000000e+04, 3.25420637015061e-11]
	RefineElem[5: 5.22690000000000e+04, 2.19610000000000e+04, 2.19560000000000e+04, 2.19290000000000e+04, 3.24583865922177e-11]
	RefineElem[5: 7.82020000000000e+04, 4.30190000000000e+04, 9.68700000000000e+03, 9.68400000000000e+03, 3.24562685992627e-11]
	RefineElem[5: 7.55950000000000e+04, 4.05940000000000e+04, 9.62900000000000e+03, 4.24200000000000e+04, 3.24542305902578e-11]
	RefineElem[5: 3.57280000000000e+04, 3.48230000000000e+04, 3.84900000000000e+04, 3.84880000000000e+04, 3.24180487555005e-11]
	RefineElem[5: 6.84060000000000e+04, 4.07560000000000e+04, 2.07610000000000e+04, 2.07580000000000e+04, 3.24093626354137e-11]
	RefineElem[5: 6.94770000000000e+04, 7.02000000000000e+02, 7.12000000000000e+02, 4.10800000000000e+04, 3.23769963729003e-11]
	RefineElem[5: 7.83280000000000e+04, 4.30540000000000e+04, 4.09300000000000e+04, 5.70800000000000e+03, 3.22652176939545e-11]
	RefineElem[5: 7.04680000000000e+04, 3.49660000000000e+04, 4.03440000000000e+04, 4.13420000000000e+04, 3.22491065383132e-11]
	RefineElem[5: 6.51850000000000e+04, 2.64390000000000e+04, 2.64370000000000e+04, 2.63160000000000e+04, 3.22395356179796e-11]
	RefineElem[5: 7.17870000000000e+04, 4.16630000000000e+04, 4.08810000000000e+04, 3.48450000000000e+04, 3.21634904154037e-11]
	RefineElem[5: 6.91840000000000e+04, 2.29170000000000e+04, 2.28630000000000e+04, 4.09900000000000e+04, 3.21204239635152e-11]
	RefineElem[5: 7.05730000000000e+04, 4.13660000000000e+04, 2.38220000000000e+04, 2.38230000000000e+04, 3.20773235606449e-11]
	RefineElem[5: 6.92670000000000e+04, 2.90230000000000e+04, 2.90240000000000e+04, 4.10110000000000e+04, 3.18409900051670e-11]
	RefineElem[5: 1.01970000000000e+05, 5.06020000000000e+04, 5.06030000000000e+04, 4.04320000000000e+04, 3.18049009617976e-11]
	RefineElem[5: 8.68340000000000e+04, 4.57440000000000e+04, 4.57430000000000e+04, 4.03650000000000e+04, 3.17753013019746e-11]
	RefineElem[5: 9.63230000000000e+04, 4.86910000000000e+04, 4.03210000000000e+04, 4.40250000000000e+04, 3.17580577061957e-11]
	RefineElem[5: 9.83240000000000e+04, 4.04970000000000e+04, 2.06750000000000e+04, 4.94420000000000e+04, 3.17563113509066e-11]
	RefineElem[5: 9.55480000000000e+04, 4.84490000000000e+04, 4.04940000000000e+04, 4.23720000000000e+04, 3.17473439355196e-11]
	RefineElem[5: 7.21650000000000e+04, 4.17380000000000e+04, 2.57850000000000e+04, 2.57720000000000e+04, 3.16769173806311e-11]
	RefineElem[5: 7.19860000000000e+04, 4.17010000000000e+04, 4.06580000000000e+04, 2.83600000000000e+04, 3.16185705147332e-11]
	RefineElem[5: 6.92430000000000e+04, 3.93850000000000e+04, 4.10070000000000e+04, 2.77760000000000e+04, 3.15903942799191e-11]
	RefineElem[5: 6.80920000000000e+04, 3.49270000000000e+04, 4.06500000000000e+04, 3.49250000000000e+04, 3.15611048804385e-11]
	RefineElem[5: 7.30370000000000e+04, 4.19160000000000e+04, 2.79590000000000e+04, 2.80950000000000e+04, 3.15460988872074e-11]
	RefineElem[5: 6.84430000000000e+04, 3.47700000000000e+04, 4.07680000000000e+04, 3.47550000000000e+04, 3.15437346805474e-11]
	RefineElem[5: 6.92150000000000e+04, 4.09990000000000e+04, 2.64450000000000e+04, 2.64340000000000e+04, 3.14937676885275e-11]
	RefineElem[5: 7.01810000000000e+04, 1.67650000000000e+04, 1.67620000000000e+04, 4.12680000000000e+04, 3.14394654187593e-11]
	RefineElem[5: 7.20480000000000e+04, 2.45910000000000e+04, 2.45810000000000e+04, 4.17120000000000e+04, 3.12965003698419e-11]
	RefineElem[5: 6.75280000000000e+04, 2.03560000000000e+04, 4.03870000000000e+04, 2.03540000000000e+04, 3.12400305122452e-11]
	RefineElem[5: 6.27890000000000e+04, 2.55070000000000e+04, 2.56580000000000e+04, 2.56610000000000e+04, 3.12312793356317e-11]
	RefineElem[5: 7.39260000000000e+04, 2.14190000000000e+04, 4.21030000000000e+04, 1.93030000000000e+04, 3.11940340237625e-11]
	RefineElem[5: 7.22950000000000e+04, 4.17610000000000e+04, 2.63230000000000e+04, 2.43030000000000e+04, 3.11608715599107e-11]
	RefineElem[5: 7.41460000000000e+04, 4.21410000000000e+04, 3.90700000000000e+03, 5.77100000000000e+03, 3.11383609226371e-11]
	RefineElem[5: 6.14750000000000e+04, 2.54100000000000e+04, 2.52790000000000e+04, 2.54120000000000e+04, 3.10959260502754e-11]
	RefineElem[5: 6.79540000000000e+04, 7.41600000000000e+03, 7.39700000000000e+03, 4.05940000000000e+04, 3.10706412300115e-11]
	RefineElem[5: 6.77360000000000e+04, 1.97260000000000e+04, 2.07530000000000e+04, 4.05230000000000e+04, 3.10201307378884e-11]
	RefineElem[5: 7.19700000000000e+04, 3.59100000000000e+03, 4.16980000000000e+04, 4.64100000000000e+03, 3.10103690121229e-11]
	RefineElem[5: 7.27860000000000e+04, 4.18680000000000e+04, 2.17880000000000e+04, 4.17570000000000e+04, 3.09925078805818e-11]
	RefineElem[5: 6.79630000000000e+04, 2.33020000000000e+04, 4.05950000000000e+04, 2.32020000000000e+04, 3.09272810382197e-11]
	RefineElem[5: 8.20140000000000e+04, 4.40340000000000e+04, 4.40330000000000e+04, 4.03620000000000e+04, 3.08318727612124e-11]
	RefineElem[5: 9.56720000000000e+04, 4.84880000000000e+04, 2.32520000000000e+04, 2.32690000000000e+04, 3.08171131981219e-11]
	RefineElem[5: 7.12710000000000e+04, 2.61220000000000e+04, 2.61090000000000e+04, 4.15360000000000e+04, 3.07993021060087e-11]
	RefineElem[5: 6.82180000000000e+04, 5.66700000000000e+03, 3.81600000000000e+03, 4.06910000000000e+04, 3.07212370962215e-11]
	RefineElem[5: 1.83560000000000e+04, 1.67620000000000e+04, 1.67610000000000e+04, 1.67520000000000e+04, 3.07177140844744e-11]
	RefineElem[5: 6.50980000000000e+04, 2.88720000000000e+04, 2.90160000000000e+04, 2.90170000000000e+04, 3.06887751707659e-11]
	RefineElem[5: 9.57130000000000e+04, 4.84970000000000e+04, 4.04620000000000e+04, 4.53630000000000e+04, 3.06191425646920e-11]
	RefineElem[5: 6.67310000000000e+04, 3.89450000000000e+04, 4.01370000000000e+04, 3.73010000000000e+04, 3.05131484724033e-11]
	RefineElem[5: 7.15370000000000e+04, 3.93260000000000e+04, 4.16070000000000e+04, 2.12700000000000e+04, 3.05114334450738e-11]
	RefineElem[5: 7.41510000000000e+04, 4.21420000000000e+04, 2.06110000000000e+04, 2.06090000000000e+04, 3.04683101384485e-11]
	RefineElem[5: 9.63220000000000e+04, 4.40250000000000e+04, 3.47250000000000e+04, 4.86910000000000e+04, 3.03942779630733e-11]
	RefineElem[5: 8.00440000000000e+04, 4.34810000000000e+04, 5.93600000000000e+03, 5.91200000000000e+03, 3.03828227893527e-11]
	RefineElem[5: 7.06460000000000e+04, 4.13850000000000e+04, 2.06420000000000e+04, 3.91460000000000e+04, 3.03464234011989e-11]
	RefineElem[5: 7.35180000000000e+04, 4.20120000000000e+04, 2.19080000000000e+04, 2.19430000000000e+04, 3.03216228244789e-11]
	RefineElem[5: 7.10900000000000e+04, 2.82920000000000e+04, 2.07020000000000e+04, 4.15020000000000e+04, 3.03050310289149e-11]
	RefineElem[5: 2.50230000000000e+04, 2.44890000000000e+04, 2.45330000000000e+04, 2.45260000000000e+04, 3.02804640213862e-11]
	RefineElem[5: 7.87940000000000e+04, 4.31630000000000e+04, 4.03510000000000e+04, 4.03520000000000e+04, 3.02480529062115e-11]
	RefineElem[5: 5.77800000000000e+04, 2.21150000000000e+04, 2.21100000000000e+04, 2.20860000000000e+04, 3.02159121681697e-11]
	RefineElem[5: 6.82300000000000e+04, 4.06930000000000e+04, 2.14110000000000e+04, 2.14140000000000e+04, 3.01763087582679e-11]
	RefineElem[5: 7.15430000000000e+04, 2.13920000000000e+04, 2.13870000000000e+04, 4.16080000000000e+04, 3.01432179104766e-11]
	RefineElem[5: 6.84980000000000e+04, 4.07840000000000e+04, 2.70540000000000e+04, 2.87750000000000e+04, 3.01092568764337e-11]
	RefineElem[5: 7.08400000000000e+04, 4.14360000000000e+04, 4.14380000000000e+04, 4.14370000000000e+04, 3.00904481701451e-11]
	RefineElem[5: 9.50210000000000e+04, 4.82790000000000e+04, 4.16030000000000e+04, 4.16020000000000e+04, 2.99514183520847e-11]
	RefineElem[5: 9.49910000000000e+04, 4.82700000000000e+04, 4.57420000000000e+04, 4.57430000000000e+04, 2.99489710387126e-11]
	RefineElem[5: 8.45930000000000e+04, 4.65700000000000e+03, 6.14100000000000e+03, 4.47480000000000e+04, 2.99464909982165e-11]
	RefineElem[5: 5.87820000000000e+04, 2.38000000000000e+04, 2.37850000000000e+04, 2.37920000000000e+04, 2.99346721425775e-11]
	RefineElem[5: 6.64780000000000e+04, 3.92890000000000e+04, 4.00880000000000e+04, 2.03490000000000e+04, 2.99133593429263e-11]
	RefineElem[5: 7.84570000000000e+04, 4.05180000000000e+04, 4.30810000000000e+04, 4.05830000000000e+04, 2.98553296005250e-11]
	RefineElem[5: 7.03500000000000e+04, 4.03560000000000e+04, 4.13070000000000e+04, 4.13060000000000e+04, 2.98529207232922e-11]
	RefineElem[5: 7.38000000000000e+04, 1.94600000000000e+03, 4.09630000000000e+04, 4.20720000000000e+04, 2.98319878375415e-11]
	RefineElem[5: 6.82420000000000e+04, 2.07520000000000e+04, 2.07530000000000e+04, 4.06940000000000e+04, 2.97186819719253e-11]
	RefineElem[5: 6.64790000000000e+04, 4.00880000000000e+04, 2.77870000000000e+04, 2.03470000000000e+04, 2.96390772860047e-11]
	RefineElem[5: 6.84600000000000e+04, 4.07740000000000e+04, 4.07750000000000e+04, 4.03540000000000e+04, 2.96097002951848e-11]
	RefineElem[5: 6.91320000000000e+04, 1.46140000000000e+04, 4.09790000000000e+04, 1.46320000000000e+04, 2.95704480857897e-11]
	RefineElem[5: 9.72170000000000e+04, 4.07760000000000e+04, 4.07750000000000e+04, 4.90860000000000e+04, 2.94798426736559e-11]
	RefineElem[5: 6.14910000000000e+04, 2.54570000000000e+04, 2.53750000000000e+04, 2.53940000000000e+04, 2.93876356626729e-11]
	RefineElem[5: 8.01930000000000e+04, 4.35180000000000e+04, 4.07590000000000e+04, 4.07580000000000e+04, 2.93823896078903e-11]
	RefineElem[5: 6.80410000000000e+04, 2.03480000000000e+04, 2.06060000000000e+04, 2.06040000000000e+04, 2.93418290313146e-11]
	RefineElem[5: 6.86430000000000e+04, 4.08400000000000e+04, 4.08390000000000e+04, 3.47210000000000e+04, 2.92972513622526e-11]
	RefineElem[5: 6.14060000000000e+04, 2.43810000000000e+04, 2.43750000000000e+04, 2.43580000000000e+04, 2.92578459514936e-11]
	RefineElem[5: 7.43050000000000e+04, 1.46360000000000e+04, 1.46350000000000e+04, 4.21640000000000e+04, 2.91595925291075e-11]
	RefineElem[5: 7.08340000000000e+04, 4.14370000000000e+04, 4.03610000000000e+04, 4.14360000000000e+04, 2.91224882582159e-11]
	RefineElem[5: 6.80620000000000e+04, 2.69430000000000e+04, 4.06370000000000e+04, 4.04410000000000e+04, 2.89887258146435e-11]
	RefineElem[5: 6.75830000000000e+04, 2.14170000000000e+04, 2.14190000000000e+04, 4.04430000000000e+04, 2.89104289215338e-11]
	RefineElem[5: 9.34730000000000e+04, 4.77830000000000e+04, 4.22890000000000e+04, 2.91720000000000e+04, 2.89046447305495e-11]
	RefineElem[5: 1.01160000000000e+05, 5.02690000000000e+04, 4.40280000000000e+04, 4.40290000000000e+04, 2.88880690468868e-11]
	RefineElem[5: 6.88480000000000e+04, 3.50150000000000e+04, 3.49710000000000e+04, 4.09120000000000e+04, 2.88871179786483e-11]
	RefineElem[5: 7.86660000000000e+04, 4.31440000000000e+04, 4.31430000000000e+04, 2.86810000000000e+04, 2.88500185125764e-11]
	RefineElem[5: 7.21880000000000e+04, 2.51400000000000e+04, 2.51410000000000e+04, 4.17420000000000e+04, 2.88379586352572e-11]
	RefineElem[5: 6.34540000000000e+04, 2.42820000000000e+04, 2.43150000000000e+04, 2.64720000000000e+04, 2.87143938870854e-11]
	RefineElem[5: 6.74990000000000e+04, 2.02370000000000e+04, 2.02070000000000e+04, 4.03460000000000e+04, 2.86858233696134e-11]
	RefineElem[5: 7.33270000000000e+04, 4.13100000000000e+04, 2.77940000000000e+04, 4.19680000000000e+04, 2.86796376379263e-11]
	RefineElem[5: 7.48970000000000e+04, 2.31480000000000e+04, 4.06830000000000e+04, 4.23000000000000e+04, 2.86336035040852e-11]
	RefineElem[5: 7.15550000000000e+04, 4.16100000000000e+04, 2.86760000000000e+04, 2.74750000000000e+04, 2.85757158745273e-11]
	RefineElem[5: 8.01910000000000e+04, 4.35180000000000e+04, 4.03250000000000e+04, 4.35030000000000e+04, 2.85654129929881e-11]
	RefineElem[5: 8.01570000000000e+04, 4.35060000000000e+04, 4.35070000000000e+04, 4.35030000000000e+04, 2.85481357151805e-11]
	RefineElem[5: 9.50220000000000e+04, 4.57430000000000e+04, 4.57440000000000e+04, 4.82790000000000e+04, 2.85410524572513e-11]
	RefineElem[5: 6.58550000000000e+04, 2.27370000000000e+04, 1.67760000000000e+04, 1.67740000000000e+04, 2.85366333985490e-11]
	RefineElem[5: 6.83790000000000e+04, 4.07360000000000e+04, 4.03440000000000e+04, 4.07440000000000e+04, 2.84807638301708e-11]
	RefineElem[5: 5.57770000000000e+04, 3.87560000000000e+04, 2.18530000000000e+04, 2.18670000000000e+04, 2.80628704648685e-11]
	RefineElem[5: 9.63210000000000e+04, 4.05750000000000e+04, 4.86910000000000e+04, 3.47250000000000e+04, 2.80165986315572e-11]
	RefineElem[5: 9.50150000000000e+04, 4.82770000000000e+04, 4.57440000000000e+04, 4.57450000000000e+04, 2.80013063915287e-11]
	RefineElem[5: 6.89380000000000e+04, 2.07210000000000e+04, 4.09410000000000e+04, 2.32250000000000e+04, 2.79756279509707e-11]
	RefineElem[5: 6.36490000000000e+04, 1.13590000000000e+04, 1.13520000000000e+04, 1.00280000000000e+04, 2.79327866655193e-11]
	RefineElem[5: 7.14530000000000e+04, 4.15890000000000e+04, 4.13650000000000e+04, 2.27690000000000e+04, 2.78868518286565e-11]
	RefineElem[5: 7.36330000000000e+04, 3.49130000000000e+04, 4.20380000000000e+04, 4.09140000000000e+04, 2.78542812481200e-11]
	RefineElem[5: 9.45060000000000e+04, 4.07760000000000e+04, 3.47810000000000e+04, 4.81140000000000e+04, 2.78425936061716e-11]
	RefineElem[5: 7.23780000000000e+04, 2.17230000000000e+04, 4.17730000000000e+04, 2.17940000000000e+04, 2.78112239970780e-11]
	RefineElem[5: 9.63260000000000e+04, 4.86920000000000e+04, 4.03210000000000e+04, 4.86910000000000e+04, 2.78008479773461e-11]
	RefineElem[5: 7.88050000000000e+04, 4.31660000000000e+04, 2.31460000000000e+04, 4.03480000000000e+04, 2.77864938563928e-11]
	RefineElem[5: 4.11280000000000e+04, 2.06980000000000e+04, 2.82970000000000e+04, 2.07010000000000e+04, 2.77763284466545e-11]
	RefineElem[5: 7.39160000000000e+04, 4.21020000000000e+04, 1.97550000000000e+04, 1.97310000000000e+04, 2.77402980720209e-11]
	RefineElem[5: 7.55860000000000e+04, 4.03780000000000e+04, 4.24190000000000e+04, 4.24180000000000e+04, 2.77370298860490e-11]
	RefineElem[5: 6.87920000000000e+04, 4.08970000000000e+04, 4.08960000000000e+04, 2.05840000000000e+04, 2.77293516174818e-11]
	RefineElem[5: 6.89390000000000e+04, 4.09410000000000e+04, 2.07190000000000e+04, 2.32260000000000e+04, 2.77244764124354e-11]
	RefineElem[5: 7.93630000000000e+04, 5.34000000000000e+03, 4.10820000000000e+04, 4.33010000000000e+04, 2.76688740238160e-11]
	RefineElem[5: 6.89570000000000e+04, 8.56200000000000e+03, 7.42900000000000e+03, 4.09430000000000e+04, 2.76678314360116e-11]
	RefineElem[5: 7.96120000000000e+04, 4.33500000000000e+04, 4.33510000000000e+04, 4.33470000000000e+04, 2.76440068229760e-11]
	RefineElem[5: 1.01969000000000e+05, 5.06010000000000e+04, 5.06020000000000e+04, 4.04320000000000e+04, 2.76417811871728e-11]
	RefineElem[5: 7.09980000000000e+04, 4.14790000000000e+04, 1.93450000000000e+04, 2.12830000000000e+04, 2.75518910256299e-11]
	RefineElem[5: 7.03840000000000e+04, 2.07620000000000e+04, 2.07590000000000e+04, 4.13180000000000e+04, 2.74842790947873e-11]
	RefineElem[5: 7.25190000000000e+04, 1.99020000000000e+04, 1.98900000000000e+04, 4.18030000000000e+04, 2.74111914519629e-11]
	RefineElem[5: 7.02560000000000e+04, 4.12820000000000e+04, 4.04420000000000e+04, 3.90950000000000e+04, 2.73926003119445e-11]
	RefineElem[5: 1.03597000000000e+05, 4.90580000000000e+04, 5.10690000000000e+04, 3.47830000000000e+04, 2.73835460767983e-11]
	RefineElem[5: 7.16240000000000e+04, 2.68210000000000e+04, 2.88730000000000e+04, 2.88770000000000e+04, 2.73702786814644e-11]
	RefineElem[5: 6.76130000000000e+04, 4.04530000000000e+04, 2.07050000000000e+04, 2.01080000000000e+04, 2.73316124330998e-11]
	RefineElem[5: 7.15190000000000e+04, 4.16030000000000e+04, 2.32250000000000e+04, 2.32260000000000e+04, 2.73169614710001e-11]
	RefineElem[5: 4.76400000000000e+04, 3.72910000000000e+04, 3.48800000000000e+04, 3.87260000000000e+04, 2.72468272393113e-11]
	RefineElem[5: 7.14280000000000e+04, 2.75850000000000e+04, 4.15870000000000e+04, 2.75730000000000e+04, 2.72195280267967e-11]
	RefineElem[5: 9.34690000000000e+04, 2.91670000000000e+04, 2.91680000000000e+04, 4.77830000000000e+04, 2.71881409354914e-11]
	RefineElem[5: 3.58420000000000e+04, 3.50220000000000e+04, 3.74310000000000e+04, 3.74440000000000e+04, 2.71873236674590e-11]
	RefineElem[5: 7.08900000000000e+04, 4.14450000000000e+04, 7.43100000000000e+03, 8.68500000000000e+03, 2.70610624014797e-11]
	RefineElem[5: 7.55500000000000e+04, 7.44200000000000e+03, 4.11340000000000e+04, 4.24130000000000e+04, 2.70464099922088e-11]
	RefineElem[5: 7.04850000000000e+04, 2.39640000000000e+04, 2.17750000000000e+04, 4.13460000000000e+04, 2.70434930254178e-11]
	RefineElem[5: 9.67900000000000e+03, 1.01940000000000e+04, 1.02000000000000e+04, 9.97000000000000e+03, 2.70382699703486e-11]
	RefineElem[5: 7.48800000000000e+04, 2.01400000000000e+04, 4.22940000000000e+04, 4.05220000000000e+04, 2.69491326638492e-11]
	RefineElem[5: 6.92090000000000e+04, 2.64670000000000e+04, 2.64450000000000e+04, 4.09990000000000e+04, 2.69183906657347e-11]
	RefineElem[5: 9.49890000000000e+04, 4.82690000000000e+04, 4.17560000000000e+04, 2.32110000000000e+04, 2.68816213473674e-11]
	RefineElem[5: 7.07740000000000e+04, 2.10620000000000e+04, 4.11210000000000e+04, 4.14220000000000e+04, 2.67999259460675e-11]
	RefineElem[5: 7.27780000000000e+04, 4.18670000000000e+04, 9.87900000000000e+03, 9.88300000000000e+03, 2.67868904753919e-11]
	RefineElem[5: 7.28330000000000e+04, 2.39550000000000e+04, 4.18750000000000e+04, 4.06170000000000e+04, 2.66476138089258e-11]
	RefineElem[5: 7.14190000000000e+04, 2.82880000000000e+04, 2.82980000000000e+04, 4.15850000000000e+04, 2.66394161328119e-11]
	RefineElem[5: 1.01982000000000e+05, 5.06090000000000e+04, 4.03330000000000e+04, 5.06050000000000e+04, 2.66250481690644e-11]
	RefineElem[5: 7.38040000000000e+04, 1.49580000000000e+04, 1.49180000000000e+04, 4.20730000000000e+04, 2.65871807346083e-11]
	RefineElem[5: 7.96090000000000e+04, 4.33500000000000e+04, 4.33490000000000e+04, 4.03530000000000e+04, 2.65711063815063e-11]
	RefineElem[5: 7.83380000000000e+04, 4.30570000000000e+04, 4.09190000000000e+04, 3.09400000000000e+03, 2.65685687281990e-11]
	RefineElem[5: 6.83270000000000e+04, 4.07170000000000e+04, 2.32370000000000e+04, 2.32460000000000e+04, 2.65442630690109e-11]
	RefineElem[5: 6.94270000000000e+04, 3.88480000000000e+04, 2.55080000000000e+04, 4.10710000000000e+04, 2.65043584720521e-11]
	RefineElem[5: 8.60890000000000e+04, 4.53580000000000e+04, 4.53570000000000e+04, 4.53530000000000e+04, 2.64936476637464e-11]
	RefineElem[5: 6.95440000000000e+04, 4.11010000000000e+04, 2.32050000000000e+04, 2.32060000000000e+04, 2.62862653273147e-11]
	RefineElem[5: 7.05050000000000e+04, 3.48570000000000e+04, 4.05270000000000e+04, 4.13510000000000e+04, 2.61905865071705e-11]
	RefineElem[5: 6.67260000000000e+04, 4.01360000000000e+04, 3.72860000000000e+04, 3.72870000000000e+04, 2.61487419667928e-11]
	RefineElem[5: 7.88010000000000e+04, 4.31660000000000e+04, 4.31650000000000e+04, 4.31610000000000e+04, 2.61165777945890e-11]
	RefineElem[5: 5.92590000000000e+04, 2.46880000000000e+04, 2.66190000000000e+04, 2.46740000000000e+04, 2.60687674188777e-11]
	RefineElem[5: 6.92940000000000e+04, 4.10210000000000e+04, 2.15680000000000e+04, 1.95210000000000e+04, 2.60569283721852e-11]
	RefineElem[5: 7.19090000000000e+04, 4.16880000000000e+04, 2.06040000000000e+04, 2.06060000000000e+04, 2.60400056543819e-11]
	RefineElem[5: 6.79280000000000e+04, 2.66370000000000e+04, 4.05900000000000e+04, 2.66250000000000e+04, 2.60217700696595e-11]
	RefineElem[5: 7.35760000000000e+04, 4.20270000000000e+04, 8.50100000000000e+03, 7.44500000000000e+03, 2.60152542102392e-11]
	RefineElem[5: 7.41420000000000e+04, 4.21400000000000e+04, 2.14190000000000e+04, 2.14170000000000e+04, 2.59573066981674e-11]
	RefineElem[5: 8.54300000000000e+04, 4.50170000000000e+04, 4.50160000000000e+04, 4.50140000000000e+04, 2.59393322776157e-11]
	RefineElem[5: 6.77510000000000e+04, 4.05250000000000e+04, 1.13140000000000e+04, 1.13170000000000e+04, 2.59375732717682e-11]
	RefineElem[5: 7.31420000000000e+04, 1.00010000000000e+04, 1.00000000000000e+04, 4.19400000000000e+04, 2.59239866885095e-11]
	RefineElem[5: 7.58020000000000e+04, 4.24660000000000e+04, 4.08630000000000e+04, 2.31480000000000e+04, 2.59135122088171e-11]
	RefineElem[5: 7.12790000000000e+04, 4.09800000000000e+04, 4.15400000000000e+04, 4.15410000000000e+04, 2.58166251243075e-11]
	RefineElem[5: 7.38720000000000e+04, 2.18490000000000e+04, 4.20950000000000e+04, 4.20960000000000e+04, 2.58074865618595e-11]
	RefineElem[5: 7.31370000000000e+04, 9.97500000000000e+03, 4.19400000000000e+04, 1.00000000000000e+04, 2.57656391449450e-11]
	RefineElem[5: 7.15030000000000e+04, 4.16000000000000e+04, 2.58900000000000e+04, 2.58800000000000e+04, 2.57585079282763e-11]
	RefineElem[5: 7.31110000000000e+04, 2.67100000000000e+03, 2.70200000000000e+03, 4.19370000000000e+04, 2.57530294375710e-11]
	RefineElem[5: 9.56870000000000e+04, 4.84910000000000e+04, 4.84870000000000e+04, 2.31950000000000e+04, 2.57499975970779e-11]
	RefineElem[5: 5.60070000000000e+04, 2.77970000000000e+04, 2.77950000000000e+04, 2.77900000000000e+04, 2.57496760261983e-11]
	RefineElem[5: 6.67550000000000e+04, 3.89590000000000e+04, 4.01430000000000e+04, 3.72940000000000e+04, 2.57437687968679e-11]
	RefineElem[5: 7.29270000000000e+04, 4.18980000000000e+04, 4.14480000000000e+04, 2.23080000000000e+04, 2.56362033135299e-11]
	RefineElem[5: 6.76360000000000e+04, 4.04760000000000e+04, 2.31290000000000e+04, 2.31260000000000e+04, 2.55920053627100e-11]
	RefineElem[5: 8.20150000000000e+04, 4.40350000000000e+04, 4.40340000000000e+04, 4.03620000000000e+04, 2.55871701255420e-11]
	RefineElem[5: 7.41400000000000e+04, 4.21400000000000e+04, 2.39330000000000e+04, 2.18090000000000e+04, 2.55392982377458e-11]
	RefineElem[5: 7.12850000000000e+04, 2.56280000000000e+04, 2.54380000000000e+04, 4.15420000000000e+04, 2.54778290033609e-11]
	RefineElem[5: 9.90960000000000e+04, 3.49570000000000e+04, 4.81150000000000e+04, 4.96610000000000e+04, 2.54702026400838e-11]
	RefineElem[5: 6.74960000000000e+04, 3.49630000000000e+04, 3.49640000000000e+04, 4.03440000000000e+04, 2.54673588489674e-11]
	RefineElem[5: 8.08480000000000e+04, 5.90900000000000e+03, 4.08210000000000e+04, 4.37050000000000e+04, 2.53470826215370e-11]
	RefineElem[5: 6.75860000000000e+04, 4.04430000000000e+04, 1.93030000000000e+04, 2.12850000000000e+04, 2.53144857798886e-11]
	RefineElem[5: 1.01020000000000e+04, 1.13030000000000e+04, 1.12950000000000e+04, 1.00570000000000e+04, 2.52743259121820e-11]
	RefineElem[5: 7.96390000000000e+04, 4.33590000000000e+04, 2.58000000000000e+04, 4.09420000000000e+04, 2.52649727619722e-11]
	RefineElem[5: 6.76900000000000e+04, 4.05030000000000e+04, 2.39460000000000e+04, 2.39410000000000e+04, 2.52559966812852e-11]
	RefineElem[5: 7.04900000000000e+04, 2.13830000000000e+04, 2.13840000000000e+04, 4.13470000000000e+04, 2.52381305624239e-11]
	RefineElem[5: 6.95880000000000e+04, 4.09710000000000e+04, 8.94900000000000e+03, 4.11050000000000e+04, 2.52324109368255e-11]
	RefineElem[5: 7.79730000000000e+04, 4.06640000000000e+04, 2.48570000000000e+04, 4.29440000000000e+04, 2.52110913306334e-11]
	RefineElem[5: 7.12800000000000e+04, 4.15410000000000e+04, 2.54000000000000e+04, 4.09800000000000e+04, 2.51098217502409e-11]
	RefineElem[5: 9.70440000000000e+04, 4.86530000000000e+04, 4.03820000000000e+04, 4.90080000000000e+04, 2.51039472817110e-11]
	RefineElem[5: 6.86990000000000e+04, 2.79470000000000e+04, 3.91080000000000e+04, 4.08590000000000e+04, 2.50833752848407e-11]
	RefineElem[5: 9.63640000000000e+04, 4.87040000000000e+04, 4.40360000000000e+04, 3.49680000000000e+04, 2.50721050144976e-11]
	RefineElem[5: 6.96780000000000e+04, 4.11240000000000e+04, 1.97790000000000e+04, 2.10480000000000e+04, 2.50719595286351e-11]
	RefineElem[5: 8.25810000000000e+04, 4.10130000000000e+04, 2.15530000000000e+04, 4.42110000000000e+04, 2.50716505589026e-11]
	RefineElem[5: 7.16520000000000e+04, 4.16290000000000e+04, 3.74350000000000e+04, 3.98680000000000e+04, 2.50581347394296e-11]
	RefineElem[5: 9.91830000000000e+04, 4.40290000000000e+04, 4.40300000000000e+04, 4.96810000000000e+04, 2.50335141781518e-11]
	RefineElem[5: 6.79080000000000e+04, 4.05850000000000e+04, 2.07090000000000e+04, 2.00270000000000e+04, 2.50237975442561e-11]
	RefineElem[5: 6.88270000000000e+04, 4.09080000000000e+04, 3.47760000000000e+04, 4.03420000000000e+04, 2.50059658230758e-11]
	RefineElem[5: 6.84740000000000e+04, 2.77170000000000e+04, 4.07800000000000e+04, 4.05160000000000e+04, 2.50018655331125e-11]
	RefineElem[5: 6.98940000000000e+04, 4.11920000000000e+04, 4.11910000000000e+04, 4.11880000000000e+04, 2.49974421501660e-11]
	RefineElem[5: 6.79700000000000e+04, 4.05950000000000e+04, 2.35870000000000e+04, 2.35650000000000e+04, 2.49577747411809e-11]
	RefineElem[5: 6.93150000000000e+04, 2.31980000000000e+04, 4.10340000000000e+04, 2.31990000000000e+04, 2.49348962363094e-11]
	RefineElem[5: 1.01973000000000e+05, 5.06040000000000e+04, 3.48390000000000e+04, 3.47470000000000e+04, 2.48935052924825e-11]
	RefineElem[5: 7.39270000000000e+04, 4.21030000000000e+04, 2.39320000000000e+04, 2.39450000000000e+04, 2.48906070901407e-11]
	RefineElem[5: 7.40410000000000e+04, 1.00490000000000e+04, 4.21210000000000e+04, 1.03100000000000e+04, 2.48862009490827e-11]
	RefineElem[5: 6.42870000000000e+04, 2.81060000000000e+04, 3.94260000000000e+04, 2.77790000000000e+04, 2.48789317998001e-11]
	RefineElem[5: 6.83820000000000e+04, 4.07440000000000e+04, 4.03440000000000e+04, 4.07410000000000e+04, 2.48760206382526e-11]
	RefineElem[5: 6.95220000000000e+04, 2.00050000000000e+04, 4.10960000000000e+04, 2.00700000000000e+04, 2.48736316619355e-11]
	RefineElem[5: 7.85890000000000e+04, 2.07890000000000e+04, 4.09270000000000e+04, 4.31230000000000e+04, 2.48685449288186e-11]
	RefineElem[5: 6.76860000000000e+04, 4.05010000000000e+04, 2.82410000000000e+04, 2.82430000000000e+04, 2.47808871053005e-11]
	RefineElem[5: 8.03670000000000e+04, 4.35660000000000e+04, 4.05520000000000e+04, 4.35680000000000e+04, 2.47797260799766e-11]
	RefineElem[5: 8.03650000000000e+04, 4.35680000000000e+04, 9.60200000000000e+03, 1.16420000000000e+04, 2.47370203372137e-11]
	RefineElem[5: 7.22180000000000e+04, 4.17460000000000e+04, 1.63110000000000e+04, 1.53680000000000e+04, 2.46768347158391e-11]
	RefineElem[5: 7.03540000000000e+04, 2.12850000000000e+04, 1.93030000000000e+04, 4.13070000000000e+04, 2.46108085562697e-11]
	RefineElem[5: 7.38790000000000e+04, 4.20970000000000e+04, 2.32170000000000e+04, 2.32140000000000e+04, 2.45923058094990e-11]
	RefineElem[5: 7.96310000000000e+04, 2.58100000000000e+04, 4.33570000000000e+04, 4.33560000000000e+04, 2.45265004201654e-11]
	RefineElem[5: 6.87660000000000e+04, 4.08800000000000e+04, 3.83180000000000e+04, 4.07330000000000e+04, 2.44912020529148e-11]
	RefineElem[5: 7.17850000000000e+04, 3.48750000000000e+04, 4.06920000000000e+04, 4.16620000000000e+04, 2.44683394808391e-11]
	RefineElem[5: 1.01972000000000e+05, 5.06030000000000e+04, 5.06040000000000e+04, 3.47470000000000e+04, 2.44644566794125e-11]
	RefineElem[5: 7.26610000000000e+04, 2.38180000000000e+04, 4.18400000000000e+04, 3.87210000000000e+04, 2.44541304587392e-11]
	RefineElem[5: 7.18060000000000e+04, 3.85010000000000e+04, 3.85000000000000e+04, 4.16690000000000e+04, 2.44323726573595e-11]
	RefineElem[5: 8.60960000000000e+04, 4.53630000000000e+04, 4.53620000000000e+04, 4.53590000000000e+04, 2.44170842460012e-11]
	RefineElem[5: 8.46510000000000e+04, 4.47540000000000e+04, 1.22460000000000e+04, 1.13180000000000e+04, 2.44043872010663e-11]
	RefineElem[5: 6.98890000000000e+04, 4.11870000000000e+04, 4.11880000000000e+04, 4.03890000000000e+04, 2.44022255885610e-11]
	RefineElem[5: 7.96220000000000e+04, 4.03790000000000e+04, 4.33540000000000e+04, 4.26080000000000e+04, 2.43550584232196e-11]
	RefineElem[5: 6.91740000000000e+04, 4.09880000000000e+04, 4.07450000000000e+04, 4.09820000000000e+04, 2.43146233356595e-11]
	RefineElem[5: 7.06040000000000e+04, 4.13740000000000e+04, 4.11860000000000e+04, 4.11870000000000e+04, 2.42914609623093e-11]
	RefineElem[5: 7.39810000000000e+04, 1.70950000000000e+04, 1.70940000000000e+04, 4.21130000000000e+04, 2.42885337838014e-11]
	RefineElem[5: 7.10690000000000e+04, 6.88500000000000e+03, 6.89200000000000e+03, 4.14950000000000e+04, 2.42817816519304e-11]
	RefineElem[5: 6.83560000000000e+04, 4.07290000000000e+04, 4.07300000000000e+04, 3.48140000000000e+04, 2.42448688851113e-11]
	RefineElem[5: 6.75520000000000e+04, 2.38290000000000e+04, 2.38280000000000e+04, 4.04060000000000e+04, 2.42436423964303e-11]
	RefineElem[5: 9.41430000000000e+04, 4.04450000000000e+04, 4.79970000000000e+04, 2.02800000000000e+04, 2.42348917346439e-11]
	RefineElem[5: 6.16390000000000e+04, 2.54030000000000e+04, 3.90890000000000e+04, 2.56450000000000e+04, 2.42112047058293e-11]
	RefineElem[5: 7.77190000000000e+04, 4.06580000000000e+04, 2.82620000000000e+04, 4.28930000000000e+04, 2.41404773821349e-11]
	RefineElem[5: 6.92160000000000e+04, 4.09990000000000e+04, 2.64340000000000e+04, 2.64350000000000e+04, 2.40266255575982e-11]
	RefineElem[5: 6.96420000000000e+04, 3.98410000000000e+04, 3.74430000000000e+04, 4.11140000000000e+04, 2.40202825364688e-11]
	RefineElem[5: 7.37030000000000e+04, 4.20540000000000e+04, 1.52440000000000e+04, 1.51880000000000e+04, 2.39653189253754e-11]
	RefineElem[5: 9.63450000000000e+04, 4.40260000000000e+04, 3.49140000000000e+04, 4.86980000000000e+04, 2.39446623701774e-11]
	RefineElem[5: 7.32650000000000e+04, 4.19600000000000e+04, 4.12580000000000e+04, 4.12590000000000e+04, 2.38741006796239e-11]
	RefineElem[5: 7.48490000000000e+04, 2.50450000000000e+04, 4.09320000000000e+04, 4.22880000000000e+04, 2.38488805307932e-11]
	RefineElem[5: 7.14220000000000e+04, 4.15810000000000e+04, 4.15840000000000e+04, 4.15850000000000e+04, 2.38473052044750e-11]
	RefineElem[5: 7.20510000000000e+04, 2.45780000000000e+04, 2.62540000000000e+04, 4.17120000000000e+04, 2.38448165627022e-11]
	RefineElem[5: 7.88030000000000e+04, 4.31650000000000e+04, 4.31660000000000e+04, 4.03490000000000e+04, 2.38382856309439e-11]
	RefineElem[5: 8.60760000000000e+04, 4.53520000000000e+04, 1.95150000000000e+04, 1.95160000000000e+04, 2.38100852502854e-11]
	RefineElem[5: 8.94760000000000e+04, 4.65980000000000e+04, 3.49380000000000e+04, 3.49860000000000e+04, 2.38027283385908e-11]
	RefineElem[5: 9.68000000000000e+03, 1.02000000000000e+04, 1.02040000000000e+04, 9.97000000000000e+03, 2.37804671819823e-11]
	RefineElem[5: 6.77910000000000e+04, 4.05410000000000e+04, 3.58000000000000e+03, 3.59100000000000e+03, 2.37361624129164e-11]
	RefineElem[5: 7.19980000000000e+04, 1.93640000000000e+04, 4.03340000000000e+04, 4.17030000000000e+04, 2.37184590644724e-11]
	RefineElem[5: 2.39320000000000e+04, 2.30580000000000e+04, 2.30420000000000e+04, 2.06070000000000e+04, 2.37061412679781e-11]
	RefineElem[5: 6.89960000000000e+04, 3.95080000000000e+04, 3.94660000000000e+04, 4.09490000000000e+04, 2.36983157525076e-11]
	RefineElem[5: 6.81490000000000e+04, 4.06610000000000e+04, 4.06600000000000e+04, 2.68710000000000e+04, 2.36836922934526e-11]
	RefineElem[5: 8.54280000000000e+04, 4.50160000000000e+04, 4.50150000000000e+04, 4.50140000000000e+04, 2.36396498041635e-11]
	RefineElem[5: 7.87920000000000e+04, 4.31630000000000e+04, 4.31620000000000e+04, 4.31610000000000e+04, 2.34593512857804e-11]
	RefineElem[5: 6.67150000000000e+04, 3.89740000000000e+04, 4.01330000000000e+04, 3.72890000000000e+04, 2.34578485573071e-11]
	RefineElem[5: 7.35460000000000e+04, 4.20180000000000e+04, 1.27630000000000e+04, 1.27930000000000e+04, 2.34254378742631e-11]
	RefineElem[5: 6.90550000000000e+04, 4.04390000000000e+04, 7.02000000000000e+02, 4.09630000000000e+04, 2.33946613272801e-11]
	RefineElem[5: 3.58440000000000e+04, 3.74340000000000e+04, 3.74320000000000e+04, 3.50180000000000e+04, 2.33251143658060e-11]
	RefineElem[5: 2.39310000000000e+04, 2.06030000000000e+04, 2.06020000000000e+04, 2.30570000000000e+04, 2.33176870450533e-11]
	RefineElem[5: 6.92610000000000e+04, 2.90020000000000e+04, 4.10110000000000e+04, 2.90240000000000e+04, 2.33022079344736e-11]
	RefineElem[5: 6.89140000000000e+04, 2.50460000000000e+04, 2.51300000000000e+04, 4.09320000000000e+04, 2.32428414646263e-11]
	RefineElem[5: 7.36290000000000e+04, 9.96300000000000e+03, 9.97500000000000e+03, 4.20370000000000e+04, 2.32125524668303e-11]
	RefineElem[5: 7.63770000000000e+04, 4.26210000000000e+04, 4.09450000000000e+04, 4.04280000000000e+04, 2.31771606777004e-11]
	RefineElem[5: 4.46030000000000e+04, 2.07610000000000e+04, 2.82380000000000e+04, 2.07580000000000e+04, 2.31097267741913e-11]
	RefineElem[5: 7.06070000000000e+04, 4.13760000000000e+04, 4.13750000000000e+04, 4.11800000000000e+04, 2.30675143754731e-11]
	RefineElem[5: 6.11860000000000e+04, 2.07890000000000e+04, 1.96450000000000e+04, 2.11810000000000e+04, 2.30562282966159e-11]
	RefineElem[5: 6.83690000000000e+04, 4.07360000000000e+04, 4.07350000000000e+04, 4.03440000000000e+04, 2.30196705982563e-11]
	RefineElem[5: 6.38240000000000e+04, 4.68400000000000e+03, 3.58800000000000e+03, 3.59700000000000e+03, 2.30069124654568e-11]
	RefineElem[5: 6.84450000000000e+04, 3.47510000000000e+04, 3.47530000000000e+04, 4.07680000000000e+04, 2.29736796473615e-11]
	RefineElem[5: 7.88180000000000e+04, 4.31700000000000e+04, 2.81940000000000e+04, 4.16890000000000e+04, 2.29614136387344e-11]
	RefineElem[5: 6.98960000000000e+04, 4.11830000000000e+04, 4.11910000000000e+04, 4.11920000000000e+04, 2.29310051516656e-11]
	RefineElem[5: 6.98000000000000e+04, 2.82860000000000e+04, 2.57520000000000e+04, 4.11600000000000e+04, 2.29289817726053e-11]
	RefineElem[5: 6.67420000000000e+04, 4.01400000000000e+04, 3.72990000000000e+04, 3.72980000000000e+04, 2.29213458877089e-11]
	RefineElem[5: 6.97980000000000e+04, 4.11600000000000e+04, 2.57510000000000e+04, 2.82870000000000e+04, 2.29162532550331e-11]
	RefineElem[5: 7.32750000000000e+04, 4.19620000000000e+04, 2.80230000000000e+04, 3.93670000000000e+04, 2.29074737039779e-11]
	RefineElem[5: 7.21850000000000e+04, 4.05550000000000e+04, 4.17420000000000e+04, 4.04770000000000e+04, 2.28632039980651e-11]
	RefineElem[5: 7.41570000000000e+04, 4.21430000000000e+04, 4.05310000000000e+04, 4.14420000000000e+04, 2.28528502390665e-11]
	RefineElem[5: 7.12020000000000e+04, 2.68880000000000e+04, 2.68580000000000e+04, 4.15220000000000e+04, 2.27740070199137e-11]
	RefineElem[5: 7.40510000000000e+04, 4.19670000000000e+04, 2.11440000000000e+04, 4.21220000000000e+04, 2.27591819130660e-11]
	RefineElem[5: 7.46100000000000e+04, 4.22190000000000e+04, 4.12880000000000e+04, 3.50560000000000e+04, 2.27563940533855e-11]
	RefineElem[5: 6.95830000000000e+04, 8.92700000000000e+03, 4.09720000000000e+04, 4.11050000000000e+04, 2.27461990653687e-11]
	RefineElem[5: 4.98110000000000e+04, 3.84730000000000e+04, 3.95320000000000e+04, 3.95300000000000e+04, 2.27178935257819e-11]
	RefineElem[5: 9.72270000000000e+04, 4.90880000000000e+04, 4.90870000000000e+04, 4.07730000000000e+04, 2.26592225872116e-11]
	RefineElem[5: 7.43130000000000e+04, 4.21660000000000e+04, 4.21650000000000e+04, 3.48850000000000e+04, 2.26277116140233e-11]
	RefineElem[5: 9.72210000000000e+04, 4.90870000000000e+04, 4.03370000000000e+04, 4.90860000000000e+04, 2.26064220384373e-11]
	RefineElem[5: 7.05940000000000e+04, 4.13720000000000e+04, 3.62600000000000e+03, 3.63400000000000e+03, 2.25854356478717e-11]
	RefineElem[5: 7.15390000000000e+04, 2.12710000000000e+04, 1.92890000000000e+04, 4.16070000000000e+04, 2.25564521565404e-11]
	RefineElem[5: 7.25340000000000e+04, 4.18070000000000e+04, 2.05980000000000e+04, 2.05910000000000e+04, 2.25514495886944e-11]
	RefineElem[5: 8.69320000000000e+04, 4.58120000000000e+04, 4.04550000000000e+04, 4.09100000000000e+04, 2.25306029881442e-11]
	RefineElem[5: 7.36600000000000e+04, 2.21260000000000e+04, 2.20190000000000e+04, 4.20460000000000e+04, 2.25016250858469e-11]
	RefineElem[5: 7.29460000000000e+04, 4.19000000000000e+04, 2.06050000000000e+04, 2.06040000000000e+04, 2.24805696164567e-11]
	RefineElem[5: 4.76520000000000e+04, 3.89810000000000e+04, 3.72870000000000e+04, 3.48930000000000e+04, 2.24513508407102e-11]
	RefineElem[5: 6.94380000000000e+04, 5.90700000000000e+03, 4.36400000000000e+03, 4.10730000000000e+04, 2.24188528078697e-11]
	RefineElem[5: 5.79300000000000e+04, 2.62790000000000e+04, 2.62770000000000e+04, 2.62760000000000e+04, 2.24149698752432e-11]
	RefineElem[5: 7.09040000000000e+04, 4.14480000000000e+04, 4.12980000000000e+04, 2.24480000000000e+04, 2.24002816825744e-11]
	RefineElem[5: 1.02229000000000e+05, 5.06720000000000e+04, 3.48390000000000e+04, 5.06070000000000e+04, 2.23754272946738e-11]
	RefineElem[5: 7.67530000000000e+04, 4.27250000000000e+04, 2.25720000000000e+04, 2.26190000000000e+04, 2.23691156656253e-11]
	RefineElem[5: 2.39270000000000e+04, 2.05900000000000e+04, 2.05850000000000e+04, 2.30670000000000e+04, 2.23427759152523e-11]
	RefineElem[5: 4.11300000000000e+04, 2.06970000000000e+04, 2.82930000000000e+04, 2.06980000000000e+04, 2.22989840326132e-11]
	RefineElem[5: 6.85040000000000e+04, 4.07860000000000e+04, 3.94630000000000e+04, 2.03470000000000e+04, 2.22683036672208e-11]
	RefineElem[5: 9.55910000000000e+04, 4.84640000000000e+04, 4.84660000000000e+04, 4.84650000000000e+04, 2.22228050121217e-11]
	RefineElem[5: 8.03630000000000e+04, 9.60200000000000e+03, 4.35680000000000e+04, 7.39700000000000e+03, 2.22152275783403e-11]
	RefineElem[5: 7.93980000000000e+04, 4.33060000000000e+04, 1.33420000000000e+04, 1.33720000000000e+04, 2.21935684242483e-11]
	RefineElem[5: 6.87890000000000e+04, 2.05900000000000e+04, 4.08930000000000e+04, 4.08970000000000e+04, 2.21793085005087e-11]
	RefineElem[5: 7.36870000000000e+04, 2.82430000000000e+04, 2.82390000000000e+04, 4.20510000000000e+04, 2.21695946923345e-11]
	RefineElem[5: 4.76710000000000e+04, 3.89590000000000e+04, 3.72940000000000e+04, 3.50430000000000e+04, 2.21421301925826e-11]
	RefineElem[5: 7.28280000000000e+04, 2.39530000000000e+04, 4.18740000000000e+04, 4.06170000000000e+04, 2.20937672795158e-11]
	RefineElem[5: 6.67350000000000e+04, 3.89470000000000e+04, 4.01380000000000e+04, 3.73000000000000e+04, 2.20617828578731e-11]
	RefineElem[5: 6.84960000000000e+04, 2.69790000000000e+04, 2.70190000000000e+04, 4.07840000000000e+04, 2.20445367748991e-11]
	RefineElem[5: 6.77990000000000e+04, 2.81960000000000e+04, 4.05440000000000e+04, 2.57400000000000e+04, 2.20031231830643e-11]
	RefineElem[5: 8.54260000000000e+04, 4.50150000000000e+04, 4.50030000000000e+04, 4.36720000000000e+04, 2.19978865957953e-11]
	RefineElem[5: 6.89430000000000e+04, 2.58090000000000e+04, 2.61820000000000e+04, 4.09420000000000e+04, 2.19942690109753e-11]
	RefineElem[5: 7.03600000000000e+04, 2.14000000000000e+04, 4.13060000000000e+04, 4.13080000000000e+04, 2.19938241934207e-11]
	RefineElem[5: 7.26970000000000e+04, 4.18490000000000e+04, 1.97270000000000e+04, 2.08550000000000e+04, 2.19783824160892e-11]
	RefineElem[5: 6.39300000000000e+04, 2.07970000000000e+04, 2.00430000000000e+04, 1.99960000000000e+04, 2.19344220258022e-11]
	RefineElem[5: 7.05840000000000e+04, 1.35140000000000e+04, 1.35180000000000e+04, 4.13710000000000e+04, 2.18790186593255e-11]
	RefineElem[5: 7.26700000000000e+04, 4.18410000000000e+04, 2.18080000000000e+04, 2.38170000000000e+04, 2.18609786861775e-11]
	RefineElem[5: 7.19010000000000e+04, 4.16860000000000e+04, 2.30420000000000e+04, 2.30410000000000e+04, 2.18594647433315e-11]
	RefineElem[5: 9.84870000000000e+04, 4.06500000000000e+04, 4.94910000000000e+04, 3.49410000000000e+04, 2.18551341122065e-11]
	RefineElem[5: 7.08280000000000e+04, 2.02020000000000e+04, 2.01850000000000e+04, 4.14350000000000e+04, 2.18001747181155e-11]
	RefineElem[5: 7.36840000000000e+04, 4.20510000000000e+04, 2.82390000000000e+04, 2.82420000000000e+04, 2.17172395038454e-11]
	RefineElem[5: 6.91800000000000e+04, 4.09890000000000e+04, 2.27310000000000e+04, 2.27280000000000e+04, 2.16986219450303e-11]
	RefineElem[5: 9.63410000000000e+04, 4.86970000000000e+04, 4.40270000000000e+04, 3.47910000000000e+04, 2.16885357860738e-11]
	RefineElem[5: 5.77190000000000e+04, 2.03330000000000e+04, 2.03340000000000e+04, 2.03460000000000e+04, 2.16734001917211e-11]
	RefineElem[5: 6.75110000000000e+04, 2.18350000000000e+04, 2.18360000000000e+04, 4.03590000000000e+04, 2.16142892393932e-11]
	RefineElem[5: 4.76680000000000e+04, 3.89520000000000e+04, 3.72980000000000e+04, 3.50370000000000e+04, 2.15902188325813e-11]
	RefineElem[5: 7.87980000000000e+04, 4.31650000000000e+04, 4.31640000000000e+04, 4.31610000000000e+04, 2.15899580135565e-11]
	RefineElem[5: 6.84100000000000e+04, 4.07600000000000e+04, 2.07590000000000e+04, 2.07620000000000e+04, 2.15815897514744e-11]
	RefineElem[5: 9.49970000000000e+04, 4.82720000000000e+04, 4.57410000000000e+04, 4.57420000000000e+04, 2.15619981945736e-11]
	RefineElem[5: 7.39100000000000e+04, 2.39440000000000e+04, 4.21010000000000e+04, 4.08660000000000e+04, 2.15550710210940e-11]
	RefineElem[5: 8.60870000000000e+04, 2.07540000000000e+04, 4.53580000000000e+04, 4.04080000000000e+04, 2.15258924584584e-11]
	RefineElem[5: 1.00122000000000e+05, 4.99570000000000e+04, 4.85640000000000e+04, 3.48100000000000e+04, 2.14634542455714e-11]
	RefineElem[5: 6.75980000000000e+04, 4.04470000000000e+04, 2.01510000000000e+04, 2.01080000000000e+04, 2.14359344159068e-11]
	RefineElem[5: 6.77120000000000e+04, 2.68820000000000e+04, 4.05180000000000e+04, 2.68800000000000e+04, 2.14135615013756e-11]
	RefineElem[5: 9.63270000000000e+04, 4.40300000000000e+04, 4.40290000000000e+04, 4.86920000000000e+04, 2.13596282343861e-11]
	RefineElem[5: 7.38220000000000e+04, 2.81200000000000e+04, 4.08590000000000e+04, 4.20770000000000e+04, 2.13558136259062e-11]
	RefineElem[5: 7.11540000000000e+04, 2.02200000000000e+04, 2.02530000000000e+04, 4.15130000000000e+04, 2.13548487084713e-11]
	RefineElem[5: 6.85960000000000e+04, 2.70500000000000e+04, 4.08190000000000e+04, 4.08180000000000e+04, 2.13355293180986e-11]
	RefineElem[5: 7.14200000000000e+04, 4.05430000000000e+04, 4.05050000000000e+04, 4.15850000000000e+04, 2.12690618724072e-11]
	RefineElem[5: 7.02350000000000e+04, 4.09590000000000e+04, 2.50520000000000e+04, 4.12790000000000e+04, 2.12453046982955e-11]
	RefineElem[5: 6.97720000000000e+04, 2.30490000000000e+04, 2.30370000000000e+04, 4.11480000000000e+04, 2.12429321440030e-11]
	RefineElem[5: 7.22260000000000e+04, 4.17470000000000e+04, 2.81980000000000e+04, 2.75220000000000e+04, 2.12352440677028e-11]
	RefineElem[5: 7.13400000000000e+04, 4.15620000000000e+04, 2.32480000000000e+04, 4.15610000000000e+04, 2.12301982501601e-11]
	RefineElem[5: 7.06080000000000e+04, 3.49300000000000e+04, 3.49840000000000e+04, 4.13760000000000e+04, 2.12175666378985e-11]
	RefineElem[5: 7.18150000000000e+04, 2.42400000000000e+03, 4.16720000000000e+04, 2.03000000000000e+03, 2.12169335892444e-11]
	RefineElem[5: 6.98930000000000e+04, 4.11910000000000e+04, 4.11900000000000e+04, 4.11890000000000e+04, 2.11968148128444e-11]
	RefineElem[5: 9.68710000000000e+04, 4.25950000000000e+04, 4.89140000000000e+04, 4.89150000000000e+04, 2.11687610812586e-11]
	RefineElem[5: 9.43770000000000e+04, 4.80790000000000e+04, 4.49930000000000e+04, 4.49940000000000e+04, 2.11640289920802e-11]
	RefineElem[5: 7.95770000000000e+04, 4.33410000000000e+04, 3.99700000000000e+03, 4.15000000000000e+03, 2.11622338838457e-11]
	RefineElem[5: 6.91170000000000e+04, 4.68700000000000e+03, 3.59700000000000e+03, 4.09750000000000e+04, 2.11484621575310e-11]
	RefineElem[5: 6.95430000000000e+04, 4.11010000000000e+04, 2.32040000000000e+04, 2.07480000000000e+04, 2.11294472208928e-11]
	RefineElem[5: 7.87990000000000e+04, 4.03500000000000e+04, 4.31640000000000e+04, 4.31650000000000e+04, 2.11293451817712e-11]
	RefineElem[5: 7.11280000000000e+04, 4.15070000000000e+04, 2.82900000000000e+04, 2.82960000000000e+04, 2.11229859869950e-11]
	RefineElem[5: 8.03570000000000e+04, 1.00020000000000e+04, 1.16440000000000e+04, 4.35660000000000e+04, 2.11221193519686e-11]
	RefineElem[5: 6.95470000000000e+04, 2.07470000000000e+04, 2.32050000000000e+04, 4.11010000000000e+04, 2.10921835191995e-11]
	RefineElem[5: 6.98900000000000e+04, 4.11900000000000e+04, 3.49280000000000e+04, 3.49800000000000e+04, 2.10448715592662e-11]
	RefineElem[5: 7.20000000000000e+04, 4.15800000000000e+04, 1.93610000000000e+04, 4.17040000000000e+04, 2.10399382784427e-11]
	RefineElem[5: 6.95480000000000e+04, 1.75200000000000e+03, 4.11020000000000e+04, 6.92000000000000e+02, 2.10203370135706e-11]
	RefineElem[5: 6.75670000000000e+04, 2.18360000000000e+04, 2.18390000000000e+04, 4.04290000000000e+04, 2.10160844154727e-11]
	RefineElem[5: 6.95450000000000e+04, 2.32060000000000e+04, 2.32020000000000e+04, 4.11010000000000e+04, 2.10091645587561e-11]
	RefineElem[5: 6.83770000000000e+04, 4.07400000000000e+04, 4.07410000000000e+04, 4.03440000000000e+04, 2.09929414241056e-11]
	RefineElem[5: 7.94570000000000e+04, 1.94400000000000e+03, 4.33170000000000e+04, 2.66100000000000e+03, 2.09888314910673e-11]
	RefineElem[5: 9.91770000000000e+04, 4.96790000000000e+04, 4.40300000000000e+04, 4.40310000000000e+04, 2.09813120943624e-11]
	RefineElem[5: 9.52100000000000e+04, 4.83380000000000e+04, 4.83370000000000e+04, 4.50100000000000e+04, 2.09760515749177e-11]
	RefineElem[5: 8.40960000000000e+04, 4.46200000000000e+04, 4.30640000000000e+04, 4.45950000000000e+04, 2.09396326522068e-11]
	RefineElem[5: 2.39330000000000e+04, 2.06070000000000e+04, 2.06030000000000e+04, 2.30580000000000e+04, 2.09367099203594e-11]
	RefineElem[5: 6.90340000000000e+04, 2.32760000000000e+04, 2.32720000000000e+04, 4.09580000000000e+04, 2.08944158911864e-11]
	RefineElem[5: 7.16660000000000e+04, 2.43790000000000e+04, 4.16370000000000e+04, 2.43780000000000e+04, 2.08863809505466e-11]
	RefineElem[5: 9.91740000000000e+04, 4.96780000000000e+04, 4.96770000000000e+04, 4.74830000000000e+04, 2.08772542724409e-11]
	RefineElem[5: 7.40480000000000e+04, 2.11620000000000e+04, 4.09280000000000e+04, 4.21220000000000e+04, 2.08707275454780e-11]
	RefineElem[5: 6.89060000000000e+04, 2.88750000000000e+04, 2.88740000000000e+04, 4.09290000000000e+04, 2.08480079153291e-11]
	RefineElem[5: 2.55900000000000e+04, 2.87540000000000e+04, 2.87650000000000e+04, 2.87490000000000e+04, 2.08467831377057e-11]
	RefineElem[5: 7.32670000000000e+04, 4.19610000000000e+04, 4.19600000000000e+04, 2.81770000000000e+04, 2.08267486499855e-11]
	RefineElem[5: 7.03730000000000e+04, 4.13130000000000e+04, 2.21190000000000e+04, 2.37670000000000e+04, 2.08180163440893e-11]
	RefineElem[5: 7.79490000000000e+04, 2.83000000000000e+03, 2.82800000000000e+03, 4.29380000000000e+04, 2.08098669099432e-11]
	RefineElem[5: 6.87650000000000e+04, 4.07330000000000e+04, 3.48750000000000e+04, 4.08800000000000e+04, 2.07750100320578e-11]
	RefineElem[5: 7.23810000000000e+04, 4.17730000000000e+04, 2.17210000000000e+04, 2.17310000000000e+04, 2.07058887893293e-11]
	RefineElem[5: 6.78220000000000e+04, 4.05550000000000e+04, 4.05560000000000e+04, 2.51840000000000e+04, 2.06932816997363e-11]
	RefineElem[5: 6.87510000000000e+04, 4.08750000000000e+04, 4.08740000000000e+04, 4.05490000000000e+04, 2.06826337033974e-11]
	RefineElem[5: 2.40800000000000e+03, 3.57400000000000e+03, 4.84500000000000e+03, 6.10700000000000e+03, 2.06733012150750e-11]
	RefineElem[5: 7.08660000000000e+04, 4.09610000000000e+04, 2.04660000000000e+04, 4.14420000000000e+04, 2.05825669751735e-11]
	RefineElem[5: 6.86000000000000e+04, 4.08190000000000e+04, 2.87770000000000e+04, 4.05010000000000e+04, 2.05628580138608e-11]
	RefineElem[5: 9.45050000000000e+04, 4.81140000000000e+04, 4.07750000000000e+04, 4.07760000000000e+04, 2.05575463129897e-11]
	RefineElem[5: 9.52110000000000e+04, 4.83390000000000e+04, 4.83380000000000e+04, 4.50090000000000e+04, 2.05123226335342e-11]
	RefineElem[5: 9.52140000000000e+04, 3.49860000000000e+04, 4.83400000000000e+04, 4.65980000000000e+04, 2.05019620761749e-11]
	RefineElem[5: 9.72200000000000e+04, 4.90870000000000e+04, 4.07740000000000e+04, 4.07730000000000e+04, 2.04893865026306e-11]
	RefineElem[5: 1.00401000000000e+05, 5.00400000000000e+04, 4.85560000000000e+04, 3.48110000000000e+04, 2.04848173748205e-11]
	RefineElem[5: 7.31320000000000e+04, 2.01840000000000e+04, 2.01430000000000e+04, 4.19390000000000e+04, 2.04560979155315e-11]
	RefineElem[5: 2.39290000000000e+04, 2.06000000000000e+04, 2.30550000000000e+04, 2.30570000000000e+04, 2.04215623288067e-11]
	RefineElem[5: 7.05100000000000e+04, 4.13520000000000e+04, 3.47170000000000e+04, 4.08370000000000e+04, 2.04181155487545e-11]
	RefineElem[5: 7.45480000000000e+04, 4.22070000000000e+04, 4.04390000000000e+04, 7.43000000000000e+02, 2.04110149848557e-11]
	RefineElem[5: 9.52120000000000e+04, 4.83390000000000e+04, 4.50090000000000e+04, 4.65980000000000e+04, 2.03787497963308e-11]
	RefineElem[5: 7.36180000000000e+04, 4.20350000000000e+04, 2.05910000000000e+04, 2.05900000000000e+04, 2.03505081503729e-11]
	RefineElem[5: 7.42440000000000e+04, 4.21550000000000e+04, 2.82020000000000e+04, 2.82010000000000e+04, 2.03377595541441e-11]
	RefineElem[5: 7.32350000000000e+04, 4.19550000000000e+04, 4.07630000000000e+04, 4.09520000000000e+04, 2.03168732105404e-11]
	RefineElem[5: 7.96330000000000e+04, 4.09420000000000e+04, 2.61800000000000e+04, 4.33580000000000e+04, 2.03149581877870e-11]
	RefineElem[5: 6.77110000000000e+04, 4.05160000000000e+04, 2.77800000000000e+04, 3.93990000000000e+04, 2.03012114336478e-11]
	RefineElem[5: 8.20880000000000e+04, 4.40540000000000e+04, 1.25820000000000e+04, 1.25920000000000e+04, 2.02976564190401e-11]
	RefineElem[5: 7.30460000000000e+04, 1.45900000000000e+03, 2.86800000000000e+03, 4.19200000000000e+04, 2.02765523416751e-11]
	RefineElem[5: 9.91030000000000e+04, 4.96620000000000e+04, 4.96610000000000e+04, 4.72740000000000e+04, 2.02691985559597e-11]
	RefineElem[5: 7.31340000000000e+04, 4.14350000000000e+04, 2.01830000000000e+04, 4.19390000000000e+04, 2.02524289470616e-11]
	RefineElem[5: 6.41930000000000e+04, 1.53710000000000e+04, 1.63110000000000e+04, 1.63120000000000e+04, 2.02145282174990e-11]
	RefineElem[5: 7.27420000000000e+04, 4.18610000000000e+04, 2.06010000000000e+04, 2.05970000000000e+04, 2.01547715302887e-11]
	RefineElem[5: 9.63440000000000e+04, 4.05890000000000e+04, 4.86980000000000e+04, 3.49140000000000e+04, 2.01483418803919e-11]
	RefineElem[5: 6.75610000000000e+04, 4.04270000000000e+04, 2.25060000000000e+04, 2.24300000000000e+04, 2.01470766814406e-11]
	RefineElem[5: 7.59790000000000e+04, 9.69000000000000e+03, 9.68900000000000e+03, 4.25060000000000e+04, 2.01216596970000e-11]
	RefineElem[5: 8.58150000000000e+04, 4.52290000000000e+04, 1.45900000000000e+03, 4.11540000000000e+04, 2.00049797970002e-11]
	RefineElem[5: 7.38240000000000e+04, 4.20770000000000e+04, 4.08590000000000e+04, 3.94400000000000e+04, 1.99960229572795e-11]
	RefineElem[5: 7.87910000000000e+04, 2.08030000000000e+04, 2.31440000000000e+04, 4.31620000000000e+04, 1.99841114632245e-11]
	RefineElem[5: 6.81040000000000e+04, 4.06540000000000e+04, 2.87630000000000e+04, 2.87620000000000e+04, 1.99786554882059e-11]
	RefineElem[5: 7.04880000000000e+04, 4.13470000000000e+04, 2.13880000000000e+04, 2.13930000000000e+04, 1.99607618798242e-11]
	RefineElem[5: 6.50920000000000e+04, 2.80970000000000e+04, 2.80950000000000e+04, 2.79590000000000e+04, 1.99388022270201e-11]
	RefineElem[5: 7.98770000000000e+04, 2.61140000000000e+04, 4.22920000000000e+04, 4.34450000000000e+04, 1.99352358629812e-11]
	RefineElem[5: 6.87680000000000e+04, 4.08810000000000e+04, 3.48440000000000e+04, 4.06680000000000e+04, 1.99171968530668e-11]
	RefineElem[5: 2.18650000000000e+04, 2.02090000000000e+04, 2.02120000000000e+04, 2.02070000000000e+04, 1.98997325761586e-11]
	RefineElem[5: 8.57480000000000e+04, 4.51950000000000e+04, 4.04000000000000e+04, 4.40660000000000e+04, 1.98737446489396e-11]
	RefineElem[5: 9.72160000000000e+04, 4.90860000000000e+04, 3.47220000000000e+04, 4.09200000000000e+04, 1.98534244827114e-11]
	RefineElem[5: 6.87860000000000e+04, 4.08960000000000e+04, 2.04230000000000e+04, 2.05950000000000e+04, 1.98056478457698e-11]
	RefineElem[5: 6.64350000000000e+04, 3.94130000000000e+04, 4.00800000000000e+04, 2.03560000000000e+04, 1.97993216038509e-11]
	RefineElem[5: 7.21160000000000e+04, 4.17300000000000e+04, 8.63700000000000e+03, 8.65600000000000e+03, 1.97600272393251e-11]
	RefineElem[5: 2.19660000000000e+04, 2.07570000000000e+04, 2.07580000000000e+04, 2.07550000000000e+04, 1.97446625304226e-11]
	RefineElem[5: 8.03560000000000e+04, 4.35660000000000e+04, 4.10740000000000e+04, 1.00020000000000e+04, 1.97192843971374e-11]
	RefineElem[5: 1.01990000000000e+05, 5.06110000000000e+04, 5.06050000000000e+04, 3.47400000000000e+04, 1.97167679731395e-11]
	RefineElem[5: 8.26120000000000e+04, 4.42230000000000e+04, 1.54760000000000e+04, 1.64350000000000e+04, 1.96945459809436e-11]
	RefineElem[5: 2.39300000000000e+04, 2.30570000000000e+04, 2.30580000000000e+04, 2.06030000000000e+04, 1.96787389047719e-11]
	RefineElem[5: 6.77490000000000e+04, 4.05250000000000e+04, 1.00110000000000e+04, 4.04990000000000e+04, 1.96771798673782e-11]
	RefineElem[5: 6.84330000000000e+04, 4.07630000000000e+04, 2.75540000000000e+04, 2.74760000000000e+04, 1.96635043595074e-11]
	RefineElem[5: 6.19210000000000e+04, 3.75800000000000e+03, 3.75700000000000e+03, 4.22700000000000e+03, 1.96591252555651e-11]
	RefineElem[5: 6.83070000000000e+04, 4.07140000000000e+04, 2.02720000000000e+04, 2.03390000000000e+04, 1.96381481864055e-11]
	RefineElem[5: 8.60910000000000e+04, 4.53590000000000e+04, 2.58100000000000e+04, 4.33560000000000e+04, 1.96226959894024e-11]
	RefineElem[5: 7.40720000000000e+04, 4.21260000000000e+04, 2.18530000000000e+04, 3.87560000000000e+04, 1.96022334677610e-11]
	RefineElem[5: 7.84480000000000e+04, 4.30790000000000e+04, 4.03590000000000e+04, 4.03660000000000e+04, 1.95788565318533e-11]
	RefineElem[5: 8.68480000000000e+04, 4.57610000000000e+04, 2.04890000000000e+04, 4.03830000000000e+04, 1.95728500410890e-11]
	RefineElem[5: 7.08200000000000e+04, 4.14330000000000e+04, 3.49300000000000e+04, 4.11800000000000e+04, 1.95419117566669e-11]
	RefineElem[5: 7.87960000000000e+04, 4.03510000000000e+04, 4.31630000000000e+04, 4.31640000000000e+04, 1.95391092306984e-11]
	RefineElem[5: 2.74150000000000e+04, 2.77910000000000e+04, 3.94530000000000e+04, 2.77820000000000e+04, 1.95321863975688e-11]
	RefineElem[5: 2.19690000000000e+04, 2.08000000000000e+04, 2.00880000000000e+04, 2.00470000000000e+04, 1.94533753732890e-11]
	RefineElem[5: 7.01490000000000e+04, 2.85530000000000e+04, 2.85510000000000e+04, 4.12620000000000e+04, 1.94509308939055e-11]
	RefineElem[5: 7.57930000000000e+04, 2.31490000000000e+04, 4.08630000000000e+04, 4.24630000000000e+04, 1.94331941465291e-11]
	RefineElem[5: 8.65920000000000e+04, 3.91130000000000e+04, 4.17880000000000e+04, 4.55650000000000e+04, 1.94193567356641e-11]
	RefineElem[5: 7.01210000000000e+04, 4.12550000000000e+04, 1.93050000000000e+04, 2.13420000000000e+04, 1.93751295696570e-11]
	RefineElem[5: 7.30230000000000e+04, 4.19150000000000e+04, 4.11110000000000e+04, 4.14470000000000e+04, 1.93629919452851e-11]
	RefineElem[5: 9.44110000000000e+04, 4.49940000000000e+04, 4.49950000000000e+04, 4.80890000000000e+04, 1.92987671545466e-11]
	RefineElem[5: 6.80570000000000e+04, 4.06290000000000e+04, 3.84970000000000e+04, 3.95200000000000e+04, 1.92174379727704e-11]
	RefineElem[5: 6.78340000000000e+04, 2.58470000000000e+04, 4.05600000000000e+04, 4.05590000000000e+04, 1.91985685674753e-11]
	RefineElem[5: 7.08380000000000e+04, 4.14370000000000e+04, 2.43290000000000e+04, 4.08000000000000e+04, 1.91836649037538e-11]
	RefineElem[5: 7.87930000000000e+04, 4.03520000000000e+04, 4.31620000000000e+04, 4.31630000000000e+04, 1.91630070289832e-11]
	RefineElem[5: 6.65600000000000e+04, 4.01030000000000e+04, 2.12710000000000e+04, 2.88720000000000e+04, 1.91571188957246e-11]
	RefineElem[5: 7.07390000000000e+04, 2.52230000000000e+04, 2.57400000000000e+04, 4.14110000000000e+04, 1.91389267757445e-11]
	RefineElem[5: 1.01989000000000e+05, 3.48360000000000e+04, 5.06110000000000e+04, 3.47400000000000e+04, 1.91038345023789e-11]
	RefineElem[5: 6.80640000000000e+04, 2.69490000000000e+04, 2.69800000000000e+04, 4.06370000000000e+04, 1.90694104353872e-11]
	RefineElem[5: 6.22500000000000e+04, 1.34570000000000e+04, 1.34410000000000e+04, 1.34460000000000e+04, 1.90549747111343e-11]
	RefineElem[5: 8.61000000000000e+04, 4.53640000000000e+04, 4.53590000000000e+04, 4.33530000000000e+04, 1.90288053960943e-11]
	RefineElem[5: 7.25280000000000e+04, 2.30730000000000e+04, 4.18060000000000e+04, 4.07450000000000e+04, 1.90020788355686e-11]
	RefineElem[5: 7.35320000000000e+04, 4.20150000000000e+04, 2.77870000000000e+04, 3.92890000000000e+04, 1.89984124605497e-11]
	RefineElem[5: 7.08840000000000e+04, 4.14440000000000e+04, 2.27710000000000e+04, 2.31090000000000e+04, 1.89809035135527e-11]
	RefineElem[5: 1.00168000000000e+05, 4.72000000000000e+04, 4.99650000000000e+04, 4.99700000000000e+04, 1.89376949413638e-11]
	RefineElem[5: 7.00430000000000e+04, 4.12370000000000e+04, 4.12360000000000e+04, 2.53990000000000e+04, 1.88845208507931e-11]
	RefineElem[5: 7.17340000000000e+04, 9.82000000000000e+02, 4.16510000000000e+04, 2.15400000000000e+03, 1.88832273084928e-11]
	RefineElem[5: 7.00000000000000e+04, 4.12270000000000e+04, 4.12260000000000e+04, 2.20880000000000e+04, 1.88810902626335e-11]
	RefineElem[5: 9.59140000000000e+04, 4.85590000000000e+04, 4.85580000000000e+04, 4.49890000000000e+04, 1.88740342501906e-11]
	RefineElem[5: 2.19650000000000e+04, 2.07530000000000e+04, 2.07520000000000e+04, 2.07540000000000e+04, 1.88369332983601e-11]
	RefineElem[5: 1.00393000000000e+05, 4.85580000000000e+04, 4.85570000000000e+04, 5.00370000000000e+04, 1.88003576604041e-11]
	RefineElem[5: 5.65770000000000e+04, 1.80800000000000e+03, 1.80200000000000e+03, 1.78400000000000e+03, 1.87922981160876e-11]
	RefineElem[5: 6.38250000000000e+04, 3.59700000000000e+03, 4.68200000000000e+03, 4.68300000000000e+03, 1.87752247179837e-11]
	RefineElem[5: 6.19850000000000e+04, 7.41600000000000e+03, 7.42900000000000e+03, 7.66700000000000e+03, 1.87664524641026e-11]
	RefineElem[5: 6.84320000000000e+04, 2.74760000000000e+04, 2.74770000000000e+04, 4.07630000000000e+04, 1.87423652529005e-11]
	RefineElem[5: 6.78030000000000e+04, 4.05480000000000e+04, 4.05470000000000e+04, 4.05430000000000e+04, 1.87328638643394e-11]
	RefineElem[5: 6.53070000000000e+04, 3.87350000000000e+04, 3.47290000000000e+04, 3.47270000000000e+04, 1.87323854766863e-11]
	RefineElem[5: 9.52130000000000e+04, 4.83400000000000e+04, 4.83390000000000e+04, 4.65980000000000e+04, 1.87279174664212e-11]
	RefineElem[5: 7.03790000000000e+04, 4.13150000000000e+04, 1.54310000000000e+04, 1.54110000000000e+04, 1.87131501803491e-11]
	RefineElem[5: 7.04110000000000e+04, 4.13270000000000e+04, 4.10560000000000e+04, 1.93590000000000e+04, 1.87063336171108e-11]
	RefineElem[5: 7.47040000000000e+04, 4.22490000000000e+04, 4.14720000000000e+04, 3.49100000000000e+04, 1.86833841402717e-11]
	RefineElem[5: 9.59170000000000e+04, 4.85600000000000e+04, 4.85590000000000e+04, 4.49780000000000e+04, 1.86202607933505e-11]
	RefineElem[5: 7.02770000000000e+04, 4.12900000000000e+04, 2.03540000000000e+04, 2.77760000000000e+04, 1.86130412519857e-11]
	RefineElem[5: 7.85400000000000e+04, 4.06360000000000e+04, 4.14390000000000e+04, 4.31090000000000e+04, 1.85942720055086e-11]
	RefineElem[5: 7.41060000000000e+04, 4.21300000000000e+04, 5.60700000000000e+03, 5.62500000000000e+03, 1.85878230792373e-11]
	RefineElem[5: 9.68680000000000e+04, 4.25950000000000e+04, 4.89130000000000e+04, 4.89140000000000e+04, 1.85787444875859e-11]
	RefineElem[5: 7.43300000000000e+04, 4.21680000000000e+04, 1.53760000000000e+04, 1.53480000000000e+04, 1.85715464830275e-11]
	RefineElem[5: 9.43990000000000e+04, 2.32350000000000e+04, 4.80840000000000e+04, 4.80850000000000e+04, 1.85702018902021e-11]
	RefineElem[5: 6.82330000000000e+04, 4.06930000000000e+04, 1.92800000000000e+04, 1.92860000000000e+04, 1.85507102703730e-11]
	RefineElem[5: 8.69360000000000e+04, 4.58150000000000e+04, 4.23140000000000e+04, 4.04550000000000e+04, 1.85198526861562e-11]
	RefineElem[5: 7.13470000000000e+04, 4.15640000000000e+04, 4.15510000000000e+04, 4.15630000000000e+04, 1.85166417237094e-11]
	RefineElem[5: 7.57910000000000e+04, 4.24620000000000e+04, 2.08010000000000e+04, 4.22960000000000e+04, 1.85127859371792e-11]
	RefineElem[5: 6.88000000000000e+04, 4.08940000000000e+04, 4.09010000000000e+04, 4.07670000000000e+04, 1.85122658143056e-11]
	RefineElem[5: 7.06050000000000e+04, 4.13750000000000e+04, 4.13740000000000e+04, 4.11800000000000e+04, 1.84408949559250e-11]
	RefineElem[5: 6.76790000000000e+04, 4.05010000000000e+04, 2.87700000000000e+04, 2.87620000000000e+04, 1.84240668335625e-11]
	RefineElem[5: 7.26160000000000e+04, 2.53130000000000e+04, 4.08920000000000e+04, 4.18300000000000e+04, 1.84224834066895e-11]
	RefineElem[5: 7.04360000000000e+04, 2.76300000000000e+03, 1.83600000000000e+03, 4.13330000000000e+04, 1.84012173308623e-11]
	RefineElem[5: 6.77380000000000e+04, 1.97290000000000e+04, 1.97230000000000e+04, 4.05230000000000e+04, 1.83965048931270e-11]
	RefineElem[5: 7.19000000000000e+04, 2.06070000000000e+04, 4.16860000000000e+04, 2.03480000000000e+04, 1.83811206883519e-11]
	RefineElem[5: 8.87560000000000e+04, 4.17620000000000e+04, 2.58580000000000e+04, 4.64020000000000e+04, 1.83443063289814e-11]
	RefineElem[5: 8.53840000000000e+04, 4.49960000000000e+04, 4.49950000000000e+04, 2.00260000000000e+04, 1.83352851368049e-11]
	RefineElem[5: 8.25780000000000e+04, 4.11520000000000e+04, 4.42100000000000e+04, 4.42110000000000e+04, 1.83231513673157e-11]
	RefineElem[5: 9.43830000000000e+04, 4.80810000000000e+04, 4.49920000000000e+04, 4.49930000000000e+04, 1.83200554037893e-11]
	RefineElem[5: 6.07160000000000e+04, 7.35100000000000e+03, 1.07290000000000e+04, 1.08250000000000e+04, 1.83013697364808e-11]
	RefineElem[5: 6.94780000000000e+04, 1.80100000000000e+03, 7.02000000000000e+02, 4.10800000000000e+04, 1.82744860461107e-11]
	RefineElem[5: 7.31890000000000e+04, 4.19490000000000e+04, 3.81600000000000e+03, 3.64700000000000e+03, 1.82616443858841e-11]
	RefineElem[5: 9.59180000000000e+04, 4.49840000000000e+04, 4.85600000000000e+04, 4.49780000000000e+04, 1.82515928291206e-11]
	RefineElem[5: 5.23470000000000e+04, 2.27530000000000e+04, 2.27450000000000e+04, 2.28180000000000e+04, 1.82515567127605e-11]
	RefineElem[5: 9.68660000000000e+04, 4.25960000000000e+04, 4.03410000000000e+04, 4.89130000000000e+04, 1.82285903494138e-11]
	RefineElem[5: 6.55030000000000e+04, 1.67510000000000e+04, 1.67520000000000e+04, 1.67440000000000e+04, 1.81616350392672e-11]
	RefineElem[5: 7.36640000000000e+04, 4.12760000000000e+04, 4.20470000000000e+04, 2.88800000000000e+04, 1.81377887731621e-11]
	RefineElem[5: 7.13410000000000e+04, 4.15630000000000e+04, 2.25060000000000e+04, 4.04270000000000e+04, 1.81210782640071e-11]
	RefineElem[5: 9.50450000000000e+04, 4.82810000000000e+04, 2.82590000000000e+04, 4.82860000000000e+04, 1.81182357081103e-11]
	RefineElem[5: 2.37400000000000e+03, 6.03000000000000e+03, 4.88100000000000e+03, 6.03200000000000e+03, 1.80897563150843e-11]
	RefineElem[5: 6.80680000000000e+04, 4.06410000000000e+04, 2.07070000000000e+04, 2.00940000000000e+04, 1.80858086995555e-11]
	RefineElem[5: 5.55890000000000e+04, 3.94510000000000e+04, 2.03320000000000e+04, 2.03330000000000e+04, 1.80723364693327e-11]
	RefineElem[5: 6.90490000000000e+04, 4.09620000000000e+04, 4.09610000000000e+04, 2.06130000000000e+04, 1.80496545279405e-11]
	RefineElem[5: 7.78410000000000e+04, 2.15500000000000e+04, 4.10130000000000e+04, 4.29160000000000e+04, 1.80265848951082e-11]
	RefineElem[5: 5.93100000000000e+04, 2.77850000000000e+04, 2.78000000000000e+04, 2.77970000000000e+04, 1.80142685042163e-11]
	RefineElem[5: 1.01017000000000e+05, 5.02260000000000e+04, 4.24220000000000e+04, 5.02240000000000e+04, 1.80027839986851e-11]
	RefineElem[5: 4.11320000000000e+04, 2.07030000000000e+04, 2.82910000000000e+04, 2.06970000000000e+04, 1.79895925459153e-11]
	RefineElem[5: 8.01860000000000e+04, 4.07600000000000e+04, 4.07590000000000e+04, 4.35160000000000e+04, 1.79854104666950e-11]
	RefineElem[5: 5.58440000000000e+04, 2.53940000000000e+04, 2.53750000000000e+04, 2.53760000000000e+04, 1.79802967426587e-11]
	RefineElem[5: 6.95560000000000e+04, 3.62600000000000e+03, 4.11030000000000e+04, 4.04880000000000e+04, 1.79724788766493e-11]
	RefineElem[5: 9.52040000000000e+04, 4.83360000000000e+04, 4.50080000000000e+04, 4.50110000000000e+04, 1.79403937627075e-11]
	RefineElem[5: 7.67490000000000e+04, 4.27250000000000e+04, 2.26180000000000e+04, 4.11090000000000e+04, 1.79382859425023e-11]
	RefineElem[5: 6.86590000000000e+04, 2.37220000000000e+04, 2.37150000000000e+04, 4.08430000000000e+04, 1.79102528347731e-11]
	RefineElem[5: 6.82310000000000e+04, 4.06930000000000e+04, 1.92130000000000e+04, 3.92760000000000e+04, 1.79062789229596e-11]
	RefineElem[5: 8.03900000000000e+04, 4.35730000000000e+04, 4.10790000000000e+04, 1.11990000000000e+04, 1.79019377027644e-11]
	RefineElem[5: 8.61080000000000e+04, 2.10430000000000e+04, 4.11360000000000e+04, 4.53650000000000e+04, 1.78971496462945e-11]
	RefineElem[5: 9.56130000000000e+04, 4.84720000000000e+04, 4.11150000000000e+04, 2.35840000000000e+04, 1.78966939887094e-11]
	RefineElem[5: 7.06020000000000e+04, 4.13740000000000e+04, 4.13730000000000e+04, 4.11810000000000e+04, 1.78723651657667e-11]
	RefineElem[5: 8.54340000000000e+04, 3.49370000000000e+04, 4.50190000000000e+04, 3.49830000000000e+04, 1.78635959446630e-11]
	RefineElem[5: 6.78610000000000e+04, 2.91700000000000e+04, 4.05740000000000e+04, 2.91620000000000e+04, 1.78606221375227e-11]
	RefineElem[5: 7.04450000000000e+04, 1.84100000000000e+03, 2.73600000000000e+03, 4.13330000000000e+04, 1.78166194036159e-11]
	RefineElem[5: 7.26150000000000e+04, 4.18300000000000e+04, 4.08920000000000e+04, 2.53190000000000e+04, 1.78025606996723e-11]
	RefineElem[5: 9.52070000000000e+04, 4.83370000000000e+04, 4.83360000000000e+04, 4.50100000000000e+04, 1.77973904921438e-11]
	RefineElem[5: 7.91150000000000e+04, 7.43700000000000e+03, 7.44200000000000e+03, 4.32470000000000e+04, 1.77888567336509e-11]
	RefineElem[5: 7.84500000000000e+04, 4.30790000000000e+04, 2.32840000000000e+04, 4.08500000000000e+04, 1.77837072761238e-11]
	RefineElem[5: 9.24670000000000e+04, 3.90770000000000e+04, 4.55710000000000e+04, 4.74920000000000e+04, 1.77801470625027e-11]
	RefineElem[5: 7.57160000000000e+04, 2.34340000000000e+04, 2.34150000000000e+04, 4.24450000000000e+04, 1.77399091109254e-11]
	RefineElem[5: 1.00397000000000e+05, 4.85570000000000e+04, 4.85560000000000e+04, 5.00390000000000e+04, 1.77327113314081e-11]
	RefineElem[5: 7.00420000000000e+04, 4.12370000000000e+04, 2.53960000000000e+04, 4.10970000000000e+04, 1.77271484192360e-11]
	RefineElem[5: 6.90010000000000e+04, 4.09500000000000e+04, 3.57400000000000e+03, 6.10900000000000e+03, 1.77261872769666e-11]
	RefineElem[5: 8.31670000000000e+04, 4.43560000000000e+04, 4.43500000000000e+04, 2.41450000000000e+04, 1.77256458705502e-11]
	RefineElem[5: 6.98130000000000e+04, 2.20940000000000e+04, 2.21000000000000e+04, 4.11610000000000e+04, 1.77146720606595e-11]
	RefineElem[5: 6.77070000000000e+04, 2.07560000000000e+04, 2.07640000000000e+04, 4.05150000000000e+04, 1.77101428971759e-11]
	RefineElem[5: 6.88210000000000e+04, 2.03610000000000e+04, 4.09070000000000e+04, 2.03550000000000e+04, 1.77074030175559e-11]
	RefineElem[5: 6.90200000000000e+04, 2.82860000000000e+04, 4.09520000000000e+04, 2.82850000000000e+04, 1.76604751324095e-11]
	RefineElem[5: 6.76260000000000e+04, 4.04740000000000e+04, 1.16060000000000e+04, 1.16130000000000e+04, 1.76491562825885e-11]
	RefineElem[5: 4.76720000000000e+04, 3.89610000000000e+04, 3.72950000000000e+04, 3.50450000000000e+04, 1.76326911272984e-11]
	RefineElem[5: 9.63300000000000e+04, 4.03210000000000e+04, 4.86920000000000e+04, 4.86930000000000e+04, 1.76210259788593e-11]
	RefineElem[5: 6.96580000000000e+04, 4.11190000000000e+04, 2.26310000000000e+04, 2.25260000000000e+04, 1.76099889165166e-11]
	RefineElem[5: 6.96080000000000e+04, 2.25390000000000e+04, 4.11090000000000e+04, 2.26160000000000e+04, 1.76093980329687e-11]
	RefineElem[5: 6.87910000000000e+04, 2.05840000000000e+04, 2.05850000000000e+04, 4.08970000000000e+04, 1.76035032740521e-11]
	RefineElem[5: 7.15440000000000e+04, 1.92580000000000e+04, 4.05080000000000e+04, 4.16080000000000e+04, 1.76001299539632e-11]
	RefineElem[5: 8.67560000000000e+04, 4.21130000000000e+04, 1.70320000000000e+04, 4.56880000000000e+04, 1.75920341781594e-11]
	RefineElem[5: 7.28380000000000e+04, 4.18760000000000e+04, 2.32350000000000e+04, 2.32340000000000e+04, 1.75678430704083e-11]
	RefineElem[5: 7.00470000000000e+04, 5.64000000000000e+03, 4.12380000000000e+04, 3.64800000000000e+03, 1.75411006628113e-11]
	RefineElem[5: 7.00360000000000e+04, 4.12360000000000e+04, 4.09800000000000e+04, 2.53990000000000e+04, 1.74528188992527e-11]
	RefineElem[5: 2.29470000000000e+04, 2.14170000000000e+04, 2.14160000000000e+04, 2.39400000000000e+04, 1.74469358143658e-11]
	RefineElem[5: 6.89560000000000e+04, 7.42900000000000e+03, 7.42100000000000e+03, 4.09430000000000e+04, 1.74228170927813e-11]
	RefineElem[5: 2.26320000000000e+04, 2.35180000000000e+04, 2.23620000000000e+04, 2.35260000000000e+04, 1.73693298765499e-11]
	RefineElem[5: 9.52260000000000e+04, 4.83450000000000e+04, 4.30670000000000e+04, 2.23780000000000e+04, 1.73356538258738e-11]
	RefineElem[5: 7.19660000000000e+04, 4.16980000000000e+04, 3.58100000000000e+03, 4.65200000000000e+03, 1.72727105086914e-11]
	RefineElem[5: 9.63350000000000e+04, 4.86950000000000e+04, 4.40280000000000e+04, 4.40270000000000e+04, 1.72505125759627e-11]
	RefineElem[5: 6.53130000000000e+04, 3.87290000000000e+04, 3.47210000000000e+04, 3.47160000000000e+04, 1.72406597666975e-11]
	RefineElem[5: 6.78330000000000e+04, 4.05600000000000e+04, 2.52230000000000e+04, 4.05590000000000e+04, 1.72371977225567e-11]
	RefineElem[5: 6.81990000000000e+04, 3.49460000000000e+04, 4.06840000000000e+04, 4.06850000000000e+04, 1.72357298328021e-11]
	RefineElem[5: 5.23450000000000e+04, 2.27460000000000e+04, 2.27440000000000e+04, 2.27560000000000e+04, 1.72324970629581e-11]
	RefineElem[5: 7.08430000000000e+04, 2.63170000000000e+04, 4.14370000000000e+04, 4.14380000000000e+04, 1.72053292206805e-11]
	RefineElem[5: 6.78740000000000e+04, 4.05740000000000e+04, 2.84550000000000e+04, 2.84330000000000e+04, 1.72010074322121e-11]
	RefineElem[5: 7.28320000000000e+04, 4.18750000000000e+04, 2.39680000000000e+04, 4.06170000000000e+04, 1.71929990221970e-11]
	RefineElem[5: 7.08360000000000e+04, 2.63170000000000e+04, 2.43290000000000e+04, 4.14370000000000e+04, 1.71845850404139e-11]
	RefineElem[5: 7.83350000000000e+04, 5.68100000000000e+03, 4.09300000000000e+04, 4.30570000000000e+04, 1.71675187167950e-11]
	RefineElem[5: 7.05990000000000e+04, 4.13730000000000e+04, 4.03890000000000e+04, 4.11820000000000e+04, 1.71557475789227e-11]
	RefineElem[5: 7.28340000000000e+04, 4.18750000000000e+04, 2.13900000000000e+04, 2.13890000000000e+04, 1.71324632028302e-11]
	RefineElem[5: 6.86300000000000e+04, 3.98660000000000e+04, 4.08360000000000e+04, 4.05960000000000e+04, 1.71031357108158e-11]
	RefineElem[5: 8.46900000000000e+04, 4.47590000000000e+04, 1.42310000000000e+04, 1.42300000000000e+04, 1.70276739029833e-11]
	RefineElem[5: 8.05180000000000e+04, 4.35980000000000e+04, 4.13130000000000e+04, 2.37630000000000e+04, 1.70143552571289e-11]
	RefineElem[5: 9.68820000000000e+04, 4.89170000000000e+04, 3.50040000000000e+04, 4.89190000000000e+04, 1.70029777942907e-11]
	RefineElem[5: 5.23910000000000e+04, 2.32020000000000e+04, 2.32060000000000e+04, 2.33020000000000e+04, 1.69861972156178e-11]
	RefineElem[5: 8.32970000000000e+04, 2.23640000000000e+04, 2.23870000000000e+04, 4.43800000000000e+04, 1.69827535431197e-11]
	RefineElem[5: 9.56700000000000e+04, 4.84880000000000e+04, 4.09540000000000e+04, 2.32570000000000e+04, 1.69712778756243e-11]
	RefineElem[5: 6.78210000000000e+04, 2.53210000000000e+04, 4.05550000000000e+04, 4.04770000000000e+04, 1.69552394501031e-11]
	RefineElem[5: 5.88970000000000e+04, 2.87640000000000e+04, 2.87530000000000e+04, 2.87540000000000e+04, 1.69047820562425e-11]
	RefineElem[5: 6.82870000000000e+04, 2.51260000000000e+04, 4.07070000000000e+04, 2.51410000000000e+04, 1.68955015924008e-11]
	RefineElem[5: 9.63280000000000e+04, 4.86920000000000e+04, 4.86910000000000e+04, 4.40300000000000e+04, 1.68416501755167e-11]
	RefineElem[5: 7.51140000000000e+04, 2.05060000000000e+04, 2.06640000000000e+04, 4.23370000000000e+04, 1.68296104859003e-11]
	RefineElem[5: 6.85540000000000e+04, 3.84950000000000e+04, 4.08070000000000e+04, 3.84970000000000e+04, 1.67931263011329e-11]
	RefineElem[5: 5.25830000000000e+04, 2.65910000000000e+04, 2.44370000000000e+04, 2.63110000000000e+04, 1.67616775643782e-11]
	RefineElem[5: 1.02501000000000e+05, 5.07460000000000e+04, 4.74460000000000e+04, 4.05840000000000e+04, 1.67184508356030e-11]
	RefineElem[5: 6.67220000000000e+04, 4.01350000000000e+04, 3.72880000000000e+04, 3.72860000000000e+04, 1.66669206771295e-11]
	RefineElem[5: 6.75630000000000e+04, 4.04290000000000e+04, 2.38230000000000e+04, 2.38210000000000e+04, 1.66444643803802e-11]
	RefineElem[5: 6.36180000000000e+04, 8.56200000000000e+03, 8.56100000000000e+03, 7.42900000000000e+03, 1.66156856392703e-11]
	RefineElem[5: 7.48710000000000e+04, 2.61110000000000e+04, 4.13310000000000e+04, 4.22920000000000e+04, 1.66067572511602e-11]
	RefineElem[5: 6.67580000000000e+04, 4.01440000000000e+04, 3.72940000000000e+04, 3.72950000000000e+04, 1.65767329405724e-11]
	RefineElem[5: 6.87000000000000e+04, 2.79490000000000e+04, 4.08580000000000e+04, 4.08590000000000e+04, 1.65347496354107e-11]
	RefineElem[5: 6.90790000000000e+04, 4.09660000000000e+04, 2.47810000000000e+04, 2.47570000000000e+04, 1.65107988275484e-11]
	RefineElem[5: 8.54310000000000e+04, 4.50180000000000e+04, 4.50170000000000e+04, 4.50140000000000e+04, 1.64990867750666e-11]
	RefineElem[5: 7.34060000000000e+04, 4.19840000000000e+04, 9.88300000000000e+03, 9.92200000000000e+03, 1.64750729984900e-11]
	RefineElem[5: 7.05900000000000e+04, 3.64900000000000e+03, 3.62600000000000e+03, 4.13720000000000e+04, 1.64378692904414e-11]
	RefineElem[5: 6.67140000000000e+04, 4.01330000000000e+04, 3.72900000000000e+04, 3.72890000000000e+04, 1.64339915643187e-11]
	RefineElem[5: 7.44870000000000e+04, 9.83700000000000e+03, 4.13870000000000e+04, 4.21980000000000e+04, 1.63683285389612e-11]
	RefineElem[5: 7.13000000000000e+04, 2.25060000000000e+04, 4.15480000000000e+04, 2.24300000000000e+04, 1.63413513033592e-11]
	RefineElem[5: 7.12080000000000e+04, 4.15240000000000e+04, 1.13120000000000e+04, 1.13160000000000e+04, 1.62485829597967e-11]
	RefineElem[5: 7.37220000000000e+04, 4.20580000000000e+04, 4.05880000000000e+04, 4.08450000000000e+04, 1.62466359471078e-11]
	RefineElem[5: 8.47390000000000e+04, 4.47640000000000e+04, 6.20000000000000e+03, 4.68000000000000e+03, 1.62414716891723e-11]
	RefineElem[5: 6.84560000000000e+04, 3.84930000000000e+04, 4.07710000000000e+04, 3.84950000000000e+04, 1.62259664463193e-11]
	RefineElem[5: 5.05180000000000e+04, 3.15500000000000e+03, 3.15300000000000e+03, 3.17700000000000e+03, 1.61994269750994e-11]
	RefineElem[5: 9.63580000000000e+04, 4.87020000000000e+04, 4.40350000000000e+04, 4.40360000000000e+04, 1.61640010947226e-11]
	RefineElem[5: 7.02160000000000e+04, 4.12760000000000e+04, 2.90010000000000e+04, 2.89960000000000e+04, 1.61366038161676e-11]
	RefineElem[5: 9.56070000000000e+04, 2.58100000000000e+04, 4.53600000000000e+04, 4.84710000000000e+04, 1.61259640737230e-11]
	RefineElem[5: 7.46560000000000e+04, 4.22340000000000e+04, 4.12630000000000e+04, 3.49040000000000e+04, 1.61040185642040e-11]
	RefineElem[5: 7.04770000000000e+04, 4.13450000000000e+04, 2.17140000000000e+04, 2.39350000000000e+04, 1.60993693341197e-11]
	RefineElem[5: 7.63790000000000e+04, 4.26210000000000e+04, 9.66200000000000e+03, 9.66300000000000e+03, 1.60789399249835e-11]
	RefineElem[5: 9.70380000000000e+04, 4.86610000000000e+04, 4.90020000000000e+04, 4.90070000000000e+04, 1.60687702278509e-11]
	RefineElem[5: 7.20200000000000e+04, 4.17080000000000e+04, 1.09920000000000e+04, 7.26200000000000e+03, 1.60681361716741e-11]
	RefineElem[5: 6.79220000000000e+04, 3.88020000000000e+04, 2.27360000000000e+04, 4.05880000000000e+04, 1.60670766185999e-11]
	RefineElem[5: 6.87600000000000e+04, 3.48330000000000e+04, 4.08780000000000e+04, 3.47930000000000e+04, 1.60241629136297e-11]
	RefineElem[5: 7.12880000000000e+04, 3.90860000000000e+04, 2.54020000000000e+04, 4.15420000000000e+04, 1.60000552432038e-11]
	RefineElem[5: 7.10260000000000e+04, 1.35270000000000e+04, 1.35370000000000e+04, 4.14840000000000e+04, 1.59795517002620e-11]
	RefineElem[5: 7.06160000000000e+04, 4.13770000000000e+04, 4.11850000000000e+04, 4.11860000000000e+04, 1.59368442078559e-11]
	RefineElem[5: 9.59240000000000e+04, 4.85620000000000e+04, 4.04330000000000e+04, 4.03900000000000e+04, 1.59297470954562e-11]
	RefineElem[5: 9.68780000000000e+04, 4.89170000000000e+04, 4.89180000000000e+04, 4.89160000000000e+04, 1.59102317221972e-11]
	RefineElem[5: 7.23030000000000e+04, 4.17610000000000e+04, 2.64590000000000e+04, 2.64600000000000e+04, 1.59077738843854e-11]
	RefineElem[5: 7.16700000000000e+04, 2.44280000000000e+04, 2.43780000000000e+04, 4.16370000000000e+04, 1.58921899084133e-11]
	RefineElem[5: 7.33700000000000e+04, 4.19800000000000e+04, 1.13880000000000e+04, 1.23570000000000e+04, 1.58584862369837e-11]
	RefineElem[5: 7.14110000000000e+04, 2.74760000000000e+04, 2.75540000000000e+04, 4.15820000000000e+04, 1.58500020794104e-11]
	RefineElem[5: 8.54290000000000e+04, 4.50100000000000e+04, 4.50150000000000e+04, 4.50160000000000e+04, 1.58301388909181e-11]
	RefineElem[5: 8.94770000000000e+04, 4.65980000000000e+04, 4.50090000000000e+04, 4.50200000000000e+04, 1.58085927677696e-11]
	RefineElem[5: 6.76820000000000e+04, 2.87770000000000e+04, 2.87700000000000e+04, 4.05010000000000e+04, 1.58013242836457e-11]
	RefineElem[5: 7.24130000000000e+04, 2.31930000000000e+04, 2.31890000000000e+04, 4.17800000000000e+04, 1.57816834101787e-11]
	RefineElem[5: 6.67590000000000e+04, 3.89610000000000e+04, 4.01440000000000e+04, 3.72950000000000e+04, 1.57797480747475e-11]
	RefineElem[5: 6.98970000000000e+04, 4.11930000000000e+04, 4.11920000000000e+04, 4.11880000000000e+04, 1.57753718596811e-11]
	RefineElem[5: 6.99000000000000e+04, 4.11870000000000e+04, 4.04040000000000e+04, 4.11930000000000e+04, 1.57435216624483e-11]
	RefineElem[5: 7.06950000000000e+04, 2.57440000000000e+04, 4.13950000000000e+04, 2.51260000000000e+04, 1.57005684403582e-11]
	RefineElem[5: 7.12390000000000e+04, 2.63120000000000e+04, 2.44370000000000e+04, 4.15300000000000e+04, 1.56816985439730e-11]
	RefineElem[5: 5.53850000000000e+04, 1.47600000000000e+04, 1.46840000000000e+04, 1.47330000000000e+04, 1.56639731463305e-11]
	RefineElem[5: 6.80550000000000e+04, 4.06290000000000e+04, 3.84990000000000e+04, 3.84970000000000e+04, 1.56424300291035e-11]
	RefineElem[5: 7.55340000000000e+04, 4.24100000000000e+04, 4.11340000000000e+04, 7.44800000000000e+03, 1.56238770335428e-11]
	RefineElem[5: 7.04510000000000e+04, 2.07180000000000e+04, 2.32310000000000e+04, 4.13340000000000e+04, 1.56121328098381e-11]
	RefineElem[5: 7.01130000000000e+04, 4.12540000000000e+04, 1.93670000000000e+04, 1.93650000000000e+04, 1.55968198932299e-11]
	RefineElem[5: 7.96350000000000e+04, 4.33580000000000e+04, 2.61860000000000e+04, 4.26230000000000e+04, 1.55961134314915e-11]
	RefineElem[5: 9.59260000000000e+04, 4.85620000000000e+04, 4.07260000000000e+04, 4.07270000000000e+04, 1.55892446728350e-11]
	RefineElem[5: 9.72220000000000e+04, 4.58230000000000e+04, 4.03370000000000e+04, 4.90870000000000e+04, 1.55678858001519e-11]
	RefineElem[5: 9.68790000000000e+04, 4.89150000000000e+04, 4.89160000000000e+04, 4.89180000000000e+04, 1.55653159701279e-11]
	RefineElem[5: 2.45380000000000e+04, 2.45260000000000e+04, 2.44880000000000e+04, 2.44890000000000e+04, 1.55590496447539e-11]
	RefineElem[5: 9.43870000000000e+04, 4.80830000000000e+04, 4.80820000000000e+04, 4.80780000000000e+04, 1.55402503200095e-11]
	RefineElem[5: 9.35170000000000e+04, 4.77940000000000e+04, 4.22900000000000e+04, 2.41160000000000e+04, 1.55341143270620e-11]
	RefineElem[5: 7.37160000000000e+04, 2.30530000000000e+04, 4.05880000000000e+04, 4.20560000000000e+04, 1.55110055963952e-11]
	RefineElem[5: 9.72240000000000e+04, 4.90870000000000e+04, 4.90860000000000e+04, 4.07750000000000e+04, 1.54972370294928e-11]
	RefineElem[5: 7.04470000000000e+04, 4.13340000000000e+04, 2.32300000000000e+04, 2.07140000000000e+04, 1.54971236406377e-11]
	RefineElem[5: 6.95530000000000e+04, 1.81300000000000e+03, 4.05190000000000e+04, 4.11020000000000e+04, 1.54706544703867e-11]
	RefineElem[5: 7.21390000000000e+04, 4.17330000000000e+04, 2.36860000000000e+04, 2.36870000000000e+04, 1.54607699258952e-11]
	RefineElem[5: 7.28290000000000e+04, 4.18740000000000e+04, 2.13840000000000e+04, 2.13830000000000e+04, 1.54546203558831e-11]
	RefineElem[5: 1.49820000000000e+04, 1.16060000000000e+04, 1.16070000000000e+04, 9.68500000000000e+03, 1.54290361849516e-11]
	RefineElem[5: 6.84990000000000e+04, 2.70570000000000e+04, 2.70540000000000e+04, 4.07840000000000e+04, 1.54230369727509e-11]
	RefineElem[5: 6.98990000000000e+04, 4.11930000000000e+04, 4.04040000000000e+04, 4.11820000000000e+04, 1.53964596166357e-11]
	RefineElem[5: 7.40160000000000e+04, 4.21180000000000e+04, 4.17020000000000e+04, 2.53060000000000e+04, 1.53809632591249e-11]
	RefineElem[5: 9.50090000000000e+04, 4.82750000000000e+04, 4.57450000000000e+04, 2.07220000000000e+04, 1.53731945925340e-11]
	RefineElem[5: 7.73300000000000e+03, 4.37500000000000e+03, 4.49300000000000e+03, 7.15000000000000e+02, 1.53653057448551e-11]
	RefineElem[5: 7.77300000000000e+04, 4.28960000000000e+04, 4.16510000000000e+04, 3.11700000000000e+03, 1.53532222319880e-11]
	RefineElem[5: 6.89070000000000e+04, 4.09300000000000e+04, 5.68100000000000e+03, 5.71900000000000e+03, 1.53416917073839e-11]
	RefineElem[5: 7.08440000000000e+04, 4.14380000000000e+04, 2.63180000000000e+04, 2.63170000000000e+04, 1.53390251546829e-11]
	RefineElem[5: 8.57460000000000e+04, 4.03990000000000e+04, 4.51950000000000e+04, 4.23600000000000e+04, 1.53281117140464e-11]
	RefineElem[5: 7.38640000000000e+04, 2.18460000000000e+04, 4.20940000000000e+04, 4.20950000000000e+04, 1.53084029707123e-11]
	RefineElem[5: 6.90170000000000e+04, 3.83230000000000e+04, 4.09510000000000e+04, 4.09490000000000e+04, 1.52803676417310e-11]
	RefineElem[5: 6.82390000000000e+04, 2.14130000000000e+04, 2.14120000000000e+04, 4.06930000000000e+04, 1.52262977275358e-11]
	RefineElem[5: 7.26650000000000e+04, 4.05260000000000e+04, 4.18410000000000e+04, 4.18400000000000e+04, 1.52251074425143e-11]
	RefineElem[5: 6.76570000000000e+04, 4.04860000000000e+04, 2.07170000000000e+04, 2.00230000000000e+04, 1.52183177346734e-11]
	RefineElem[5: 6.81530000000000e+04, 2.83260000000000e+04, 2.70480000000000e+04, 4.06630000000000e+04, 1.52120948003833e-11]
	RefineElem[5: 6.52270000000000e+04, 2.53650000000000e+04, 2.57230000000000e+04, 2.53690000000000e+04, 1.52099979121361e-11]
	RefineElem[5: 6.13480000000000e+04, 2.31480000000000e+04, 2.24750000000000e+04, 2.25280000000000e+04, 1.52036251546546e-11]
	RefineElem[5: 7.28590000000000e+04, 4.18780000000000e+04, 2.13830000000000e+04, 2.13900000000000e+04, 1.52008868506809e-11]
	RefineElem[5: 7.87550000000000e+04, 4.31560000000000e+04, 2.02610000000000e+04, 4.10400000000000e+04, 1.51725952468933e-11]
	RefineElem[5: 6.14760000000000e+04, 2.57100000000000e+04, 2.52790000000000e+04, 2.54100000000000e+04, 1.51524853316403e-11]
	RefineElem[5: 7.13430000000000e+04, 2.25060000000000e+04, 4.15630000000000e+04, 4.15510000000000e+04, 1.51462101991404e-11]
	RefineElem[5: 4.76600000000000e+04, 3.49140000000000e+04, 3.50320000000000e+04, 3.87070000000000e+04, 1.51407258111384e-11]
	RefineElem[5: 6.87940000000000e+04, 4.08930000000000e+04, 4.08980000000000e+04, 4.08970000000000e+04, 1.51186388529409e-11]
	RefineElem[5: 7.06400000000000e+04, 4.13850000000000e+04, 2.06850000000000e+04, 2.06400000000000e+04, 1.50816728109134e-11]
	RefineElem[5: 6.85110000000000e+04, 4.07870000000000e+04, 3.94650000000000e+04, 3.94640000000000e+04, 1.50713110254372e-11]
	RefineElem[5: 6.80180000000000e+04, 4.06140000000000e+04, 2.69050000000000e+04, 2.69010000000000e+04, 1.50258635307047e-11]
	RefineElem[5: 6.39170000000000e+04, 1.92720000000000e+04, 1.91830000000000e+04, 1.92740000000000e+04, 1.49898820921753e-11]
	RefineElem[5: 2.27160000000000e+04, 2.39400000000000e+04, 2.39380000000000e+04, 2.17760000000000e+04, 1.49677875327334e-11]
	RefineElem[5: 7.17920000000000e+04, 3.85010000000000e+04, 3.48220000000000e+04, 4.16640000000000e+04, 1.49667850409983e-11]
	RefineElem[5: 7.36170000000000e+04, 2.30720000000000e+04, 4.20350000000000e+04, 4.07450000000000e+04, 1.49576075666038e-11]
	RefineElem[5: 6.36550000000000e+04, 1.26810000000000e+04, 1.26350000000000e+04, 1.26370000000000e+04, 1.49336321665322e-11]
	RefineElem[5: 7.39830000000000e+04, 4.21130000000000e+04, 1.70550000000000e+04, 1.70290000000000e+04, 1.49255403904892e-11]
	RefineElem[5: 8.68180000000000e+04, 4.03620000000000e+04, 4.20260000000000e+04, 4.57300000000000e+04, 1.49132873370085e-11]
	RefineElem[5: 6.83520000000000e+04, 4.07270000000000e+04, 4.07280000000000e+04, 4.04330000000000e+04, 1.49101268598542e-11]
	RefineElem[5: 6.94670000000000e+04, 1.21250000000000e+04, 1.11990000000000e+04, 4.10790000000000e+04, 1.48959577111377e-11]
	RefineElem[5: 6.86550000000000e+04, 2.31900000000000e+04, 2.31910000000000e+04, 4.08430000000000e+04, 1.48904917061984e-11]
	RefineElem[5: 6.88850000000000e+04, 3.87260000000000e+04, 4.09220000000000e+04, 3.72910000000000e+04, 1.48618089033012e-11]
	RefineElem[5: 6.91540000000000e+04, 4.04760000000000e+04, 4.09830000000000e+04, 4.04820000000000e+04, 1.48464336717263e-11]
	RefineElem[5: 7.07400000000000e+04, 4.05440000000000e+04, 4.05450000000000e+04, 4.14110000000000e+04, 1.48400788033000e-11]
	RefineElem[5: 6.86740000000000e+04, 4.08460000000000e+04, 2.18120000000000e+04, 2.18300000000000e+04, 1.48197455921336e-11]
	RefineElem[5: 5.56030000000000e+04, 1.96630000000000e+04, 2.08050000000000e+04, 2.08240000000000e+04, 1.48154212466330e-11]
	RefineElem[5: 7.14320000000000e+04, 4.07630000000000e+04, 2.75730000000000e+04, 4.15870000000000e+04, 1.48104979167998e-11]
	RefineElem[5: 6.87630000000000e+04, 3.48560000000000e+04, 3.47310000000000e+04, 4.08780000000000e+04, 1.47917749909948e-11]
	RefineElem[5: 6.97100000000000e+04, 4.11280000000000e+04, 1.32650000000000e+04, 1.33480000000000e+04, 1.47855204317300e-11]
	RefineElem[5: 7.14500000000000e+04, 4.13650000000000e+04, 4.15890000000000e+04, 2.26460000000000e+04, 1.47485497423537e-11]
	RefineElem[5: 7.17010000000000e+04, 4.16450000000000e+04, 2.78230000000000e+04, 2.78090000000000e+04, 1.47482766324935e-11]
	RefineElem[5: 7.21540000000000e+04, 2.43680000000000e+04, 2.43800000000000e+04, 4.17350000000000e+04, 1.47321739693936e-11]
	RefineElem[5: 9.55840000000000e+04, 4.84630000000000e+04, 4.04310000000000e+04, 2.70490000000000e+04, 1.47270505996556e-11]
	RefineElem[5: 6.84420000000000e+04, 2.04750000000000e+04, 4.07670000000000e+04, 2.04440000000000e+04, 1.47240145165712e-11]
	RefineElem[5: 7.05660000000000e+04, 4.13650000000000e+04, 2.26450000000000e+04, 2.26430000000000e+04, 1.47112749413746e-11]
	RefineElem[5: 5.87540000000000e+04, 2.23500000000000e+04, 2.23540000000000e+04, 2.23200000000000e+04, 1.46827202405218e-11]
	RefineElem[5: 7.78330000000000e+04, 2.75240000000000e+04, 2.75630000000000e+04, 2.75950000000000e+04, 1.46735999433861e-11]
	RefineElem[5: 5.56050000000000e+04, 2.08370000000000e+04, 2.08280000000000e+04, 2.08150000000000e+04, 1.46727945326177e-11]
	RefineElem[5: 1.83690000000000e+04, 1.67810000000000e+04, 1.67910000000000e+04, 1.67920000000000e+04, 1.46611364419481e-11]
	RefineElem[5: 7.12410000000000e+04, 2.18080000000000e+04, 4.15310000000000e+04, 2.38170000000000e+04, 1.46598654984955e-11]
	RefineElem[5: 6.26010000000000e+04, 3.92810000000000e+04, 2.14040000000000e+04, 2.14080000000000e+04, 1.46521663087351e-11]
	RefineElem[5: 8.17550000000000e+04, 1.50580000000000e+04, 1.50710000000000e+04, 4.39290000000000e+04, 1.46501606504348e-11]
	RefineElem[5: 4.84540000000000e+04, 3.98960000000000e+04, 3.76220000000000e+04, 3.98730000000000e+04, 1.46145207769480e-11]
	RefineElem[5: 8.40170000000000e+04, 4.46020000000000e+04, 4.19030000000000e+04, 4.19020000000000e+04, 1.46106434868803e-11]
	RefineElem[5: 6.25050000000000e+04, 2.12830000000000e+04, 1.93510000000000e+04, 1.92800000000000e+04, 1.45915363072405e-11]
	RefineElem[5: 6.91220000000000e+04, 4.69300000000000e+03, 4.09750000000000e+04, 3.58500000000000e+03, 1.45712648521152e-11]
	RefineElem[5: 7.50320000000000e+04, 4.23290000000000e+04, 2.13080000000000e+04, 1.92390000000000e+04, 1.45592297181304e-11]
	RefineElem[5: 1.02203000000000e+05, 3.47480000000000e+04, 5.06670000000000e+04, 4.07260000000000e+04, 1.45398680785254e-11]
	RefineElem[5: 6.86720000000000e+04, 2.28200000000000e+04, 2.28330000000000e+04, 4.08450000000000e+04, 1.45297675067898e-11]
	RefineElem[5: 8.94730000000000e+04, 4.50160000000000e+04, 4.50170000000000e+04, 4.65970000000000e+04, 1.45270439217842e-11]
	RefineElem[5: 9.00870000000000e+04, 4.67660000000000e+04, 4.46200000000000e+04, 4.46220000000000e+04, 1.44949976343279e-11]
	RefineElem[5: 6.83300000000000e+04, 2.15910000000000e+04, 4.07190000000000e+04, 2.15790000000000e+04, 1.44942789461047e-11]
	RefineElem[5: 8.40980000000000e+04, 2.49560000000000e+04, 4.30640000000000e+04, 4.46200000000000e+04, 1.44893544578743e-11]
	RefineElem[5: 1.01169000000000e+05, 5.02730000000000e+04, 3.48790000000000e+04, 3.47910000000000e+04, 1.44741521709784e-11]
	RefineElem[5: 6.91650000000000e+04, 2.27330000000000e+04, 2.27250000000000e+04, 4.09850000000000e+04, 1.44715298762959e-11]
	RefineElem[5: 6.00900000000000e+04, 2.58980000000000e+04, 2.58960000000000e+04, 2.47490000000000e+04, 1.44633411579171e-11]
	RefineElem[5: 7.11360000000000e+04, 4.15100000000000e+04, 4.03960000000000e+04, 4.13620000000000e+04, 1.44574586754287e-11]
	RefineElem[5: 7.26190000000000e+04, 3.90760000000000e+04, 2.53880000000000e+04, 4.18300000000000e+04, 1.44211384740221e-11]
	RefineElem[5: 7.96180000000000e+04, 4.16000000000000e+04, 4.33530000000000e+04, 4.05860000000000e+04, 1.44072505115213e-11]
	RefineElem[5: 7.01300000000000e+04, 2.77150000000000e+04, 4.12590000000000e+04, 4.12580000000000e+04, 1.44001190759339e-11]
	RefineElem[5: 8.61250000000000e+04, 2.28590000000000e+04, 2.29950000000000e+04, 4.53760000000000e+04, 1.43885075405137e-11]
	RefineElem[5: 6.27870000000000e+04, 2.55070000000000e+04, 2.56610000000000e+04, 2.56590000000000e+04, 1.43821794807692e-11]
	RefineElem[5: 8.40070000000000e+04, 4.46000000000000e+04, 4.19020000000000e+04, 2.73940000000000e+04, 1.43635806089980e-11]
	RefineElem[5: 2.28860000000000e+04, 2.39530000000000e+04, 2.39520000000000e+04, 2.13880000000000e+04, 1.43596339932897e-11]
	RefineElem[5: 8.20350000000000e+04, 4.40390000000000e+04, 2.82010000000000e+04, 2.82000000000000e+04, 1.43563652763292e-11]
	RefineElem[5: 2.28910000000000e+04, 2.13940000000000e+04, 2.13930000000000e+04, 2.39560000000000e+04, 1.43284731359954e-11]
	RefineElem[5: 2.28920000000000e+04, 2.39620000000000e+04, 2.39610000000000e+04, 2.13920000000000e+04, 1.43200828885323e-11]
	RefineElem[5: 6.80210000000000e+04, 2.88840000000000e+04, 2.88830000000000e+04, 4.06140000000000e+04, 1.43129107797407e-11]
	RefineElem[5: 7.11310000000000e+04, 3.87350000000000e+04, 3.49050000000000e+04, 4.15080000000000e+04, 1.42807828261906e-11]
	RefineElem[5: 7.63150000000000e+04, 2.45370000000000e+04, 4.26110000000000e+04, 2.58560000000000e+04, 1.42713216166741e-11]
	RefineElem[5: 5.52870000000000e+04, 1.34800000000000e+04, 1.34860000000000e+04, 1.35130000000000e+04, 1.42702547714019e-11]
	RefineElem[5: 9.84970000000000e+04, 4.94930000000000e+04, 4.07250000000000e+04, 3.47460000000000e+04, 1.42428442884011e-11]
	RefineElem[5: 7.32400000000000e+04, 4.19560000000000e+04, 2.82870000000000e+04, 2.82960000000000e+04, 1.42330597178518e-11]
	RefineElem[5: 1.03599000000000e+05, 5.10690000000000e+04, 5.09410000000000e+04, 3.47470000000000e+04, 1.42044238460195e-11]
	RefineElem[5: 7.28040000000000e+04, 4.18710000000000e+04, 2.25130000000000e+04, 2.24650000000000e+04, 1.41948168863028e-11]
	RefineElem[5: 6.92140000000000e+04, 4.09990000000000e+04, 2.63250000000000e+04, 3.90340000000000e+04, 1.41510830646085e-11]
	RefineElem[5: 7.01940000000000e+04, 4.11820000000000e+04, 4.03890000000000e+04, 4.12720000000000e+04, 1.41504453324409e-11]
	RefineElem[5: 6.77840000000000e+04, 1.02010000000000e+04, 9.95600000000000e+03, 4.05400000000000e+04, 1.41384734282329e-11]
	RefineElem[5: 7.48510000000000e+04, 4.22880000000000e+04, 2.50100000000000e+04, 2.50390000000000e+04, 1.41092027428381e-11]
	RefineElem[5: 6.86930000000000e+04, 2.32930000000000e+04, 2.32850000000000e+04, 4.08500000000000e+04, 1.40866471398838e-11]
	RefineElem[5: 7.62910000000000e+04, 4.25980000000000e+04, 3.49940000000000e+04, 3.49840000000000e+04, 1.40862289963881e-11]
	RefineElem[5: 7.77210000000000e+04, 4.28940000000000e+04, 3.11800000000000e+03, 4.06480000000000e+04, 1.40721043735253e-11]
	RefineElem[5: 9.35130000000000e+04, 2.41110000000000e+04, 2.41120000000000e+04, 4.77940000000000e+04, 1.40462820886148e-11]
	RefineElem[5: 6.77500000000000e+04, 4.05250000000000e+04, 1.13070000000000e+04, 1.13140000000000e+04, 1.40456706730763e-11]
	RefineElem[5: 7.67460000000000e+04, 4.27250000000000e+04, 2.26120000000000e+04, 2.26110000000000e+04, 1.40379241604985e-11]
	RefineElem[5: 8.05210000000000e+04, 2.22200000000000e+04, 2.22160000000000e+04, 4.35980000000000e+04, 1.39975110370468e-11]
	RefineElem[5: 7.26300000000000e+04, 2.74760000000000e+04, 4.18310000000000e+04, 4.18320000000000e+04, 1.39717333873760e-11]
	RefineElem[5: 7.42260000000000e+04, 2.00250000000000e+04, 4.21530000000000e+04, 2.00240000000000e+04, 1.39707151692172e-11]
	RefineElem[5: 7.03040000000000e+04, 4.12930000000000e+04, 2.57620000000000e+04, 2.50480000000000e+04, 1.39693837034037e-11]
	RefineElem[5: 1.00102000000000e+05, 4.99520000000000e+04, 4.07420000000000e+04, 4.07410000000000e+04, 1.39616243413549e-11]
	RefineElem[5: 7.78810000000000e+04, 4.29230000000000e+04, 1.95190000000000e+04, 1.96050000000000e+04, 1.39524951713481e-11]
	RefineElem[5: 7.00670000000000e+04, 2.18130000000000e+04, 2.38870000000000e+04, 4.12420000000000e+04, 1.39493400263963e-11]
	RefineElem[5: 5.79820000000000e+04, 2.73450000000000e+04, 2.73390000000000e+04, 2.86920000000000e+04, 1.39472460325372e-11]
	RefineElem[5: 6.86820000000000e+04, 4.08460000000000e+04, 4.08470000000000e+04, 2.20050000000000e+04, 1.39171943700988e-11]
	RefineElem[5: 7.24100000000000e+04, 4.17790000000000e+04, 4.03530000000000e+04, 2.31940000000000e+04, 1.38944922861339e-11]
	RefineElem[5: 7.07210000000000e+04, 2.83350000000000e+04, 2.83430000000000e+04, 4.14060000000000e+04, 1.38531232981172e-11]
	RefineElem[5: 9.44050000000000e+04, 4.80870000000000e+04, 4.49950000000000e+04, 4.49960000000000e+04, 1.38480373031105e-11]
	RefineElem[5: 6.94130000000000e+04, 4.10690000000000e+04, 2.31810000000000e+04, 2.31820000000000e+04, 1.38479085084897e-11]
	RefineElem[5: 7.26320000000000e+04, 2.74800000000000e+04, 2.74760000000000e+04, 4.18320000000000e+04, 1.38455263629341e-11]
	RefineElem[5: 7.14230000000000e+04, 4.05480000000000e+04, 4.05430000000000e+04, 4.15850000000000e+04, 1.38386505625180e-11]
	RefineElem[5: 6.84050000000000e+04, 2.07580000000000e+04, 2.07570000000000e+04, 4.07560000000000e+04, 1.38255077083260e-11]
	RefineElem[5: 6.84200000000000e+04, 4.07620000000000e+04, 2.66380000000000e+04, 2.66390000000000e+04, 1.38226833659043e-11]
	RefineElem[5: 6.67190000000000e+04, 3.89770000000000e+04, 4.01340000000000e+04, 3.72880000000000e+04, 1.38169971533813e-11]
	RefineElem[5: 4.98390000000000e+04, 3.84890000000000e+04, 3.84910000000000e+04, 3.84980000000000e+04, 1.38068076547030e-11]
	RefineElem[5: 7.41100000000000e+04, 4.21310000000000e+04, 2.06080000000000e+04, 2.06050000000000e+04, 1.37822572569446e-11]
	RefineElem[5: 6.90610000000000e+04, 4.09640000000000e+04, 3.47320000000000e+04, 4.03220000000000e+04, 1.37786166647560e-11]
	RefineElem[5: 1.01052000000000e+05, 5.02400000000000e+04, 4.12190000000000e+04, 2.86390000000000e+04, 1.37468716931391e-11]
	RefineElem[5: 6.04040000000000e+04, 6.20300000000000e+03, 4.60400000000000e+03, 4.66400000000000e+03, 1.37357338256220e-11]
	RefineElem[5: 7.13010000000000e+04, 4.06150000000000e+04, 4.15480000000000e+04, 4.15440000000000e+04, 1.37255804472192e-11]
	RefineElem[5: 8.68490000000000e+04, 4.57660000000000e+04, 2.55320000000000e+04, 4.03930000000000e+04, 1.37121214864492e-11]
	RefineElem[5: 7.03210000000000e+04, 5.66900000000000e+03, 3.11700000000000e+03, 4.12990000000000e+04, 1.37008505919660e-11]
	RefineElem[5: 7.03180000000000e+04, 4.12990000000000e+04, 3.09300000000000e+03, 5.70800000000000e+03, 1.36962766344626e-11]
	RefineElem[5: 7.38150000000000e+04, 4.20770000000000e+04, 2.77750000000000e+04, 3.94260000000000e+04, 1.36919498410136e-11]
	RefineElem[5: 6.84620000000000e+04, 4.07760000000000e+04, 3.48640000000000e+04, 3.47810000000000e+04, 1.36914757364127e-11]
	RefineElem[5: 7.69530000000000e+04, 4.27520000000000e+04, 4.16300000000000e+04, 2.18410000000000e+04, 1.36867759248197e-11]
	RefineElem[5: 8.20090000000000e+04, 4.40320000000000e+04, 3.49740000000000e+04, 3.50060000000000e+04, 1.36786991987091e-11]
	RefineElem[5: 6.84180000000000e+04, 2.11370000000000e+04, 2.07630000000000e+04, 4.07610000000000e+04, 1.36697638574514e-11]
	RefineElem[5: 2.21450000000000e+04, 2.17910000000000e+04, 2.17860000000000e+04, 2.17810000000000e+04, 1.36647107698544e-11]
	RefineElem[5: 6.95860000000000e+04, 4.11050000000000e+04, 8.51000000000000e+03, 4.07200000000000e+04, 1.36641088934154e-11]
	RefineElem[5: 1.49750000000000e+04, 1.16140000000000e+04, 1.16120000000000e+04, 9.67300000000000e+03, 1.36598933556044e-11]
	RefineElem[5: 6.77980000000000e+04, 4.05050000000000e+04, 4.05430000000000e+04, 4.05420000000000e+04, 1.36272367076544e-11]
	RefineElem[5: 7.32330000000000e+04, 4.19550000000000e+04, 2.82860000000000e+04, 2.82870000000000e+04, 1.36267147275648e-11]
	RefineElem[5: 7.69960000000000e+04, 4.27560000000000e+04, 2.43300000000000e+04, 2.63860000000000e+04, 1.36143022355933e-11]
	RefineElem[5: 7.01910000000000e+04, 4.12720000000000e+04, 4.12710000000000e+04, 4.11830000000000e+04, 1.36092041903929e-11]
	RefineElem[5: 7.41090000000000e+04, 2.30370000000000e+04, 4.21310000000000e+04, 4.11480000000000e+04, 1.35836393829148e-11]
	RefineElem[5: 7.19590000000000e+04, 4.16970000000000e+04, 2.45110000000000e+04, 2.44620000000000e+04, 1.35156833022011e-11]
	RefineElem[5: 7.95510000000000e+04, 2.05880000000000e+04, 4.18480000000000e+04, 4.33320000000000e+04, 1.35147795131303e-11]
	RefineElem[5: 6.77350000000000e+04, 4.05230000000000e+04, 1.97230000000000e+04, 1.97260000000000e+04, 1.35105274499884e-11]
	RefineElem[5: 6.89100000000000e+04, 5.66800000000000e+03, 5.70800000000000e+03, 4.09300000000000e+04, 1.35086622923890e-11]
	RefineElem[5: 7.32800000000000e+04, 1.92100000000000e+04, 3.92710000000000e+04, 4.19630000000000e+04, 1.34749952523232e-11]
	RefineElem[5: 6.48910000000000e+04, 3.87310000000000e+04, 3.47230000000000e+04, 3.47210000000000e+04, 1.34591833024982e-11]
	RefineElem[5: 7.27850000000000e+04, 4.17570000000000e+04, 4.05030000000000e+04, 4.18680000000000e+04, 1.34566381796489e-11]
	RefineElem[5: 5.99450000000000e+04, 9.08600000000000e+03, 9.10200000000000e+03, 8.36300000000000e+03, 1.34451110365128e-11]
	RefineElem[5: 2.50330000000000e+04, 2.67870000000000e+04, 2.67890000000000e+04, 2.67790000000000e+04, 1.34404367796408e-11]
	RefineElem[5: 6.83780000000000e+04, 4.07410000000000e+04, 4.07400000000000e+04, 4.04440000000000e+04, 1.34205167139484e-11]
	RefineElem[5: 7.04640000000000e+04, 3.49650000000000e+04, 4.13420000000000e+04, 4.03440000000000e+04, 1.33941321310410e-11]
	RefineElem[5: 2.39360000000000e+04, 2.30490000000000e+04, 2.30480000000000e+04, 2.06110000000000e+04, 1.33856953086964e-11]
	RefineElem[5: 5.96370000000000e+04, 2.86200000000000e+04, 2.86630000000000e+04, 2.83600000000000e+04, 1.33842065311093e-11]
	RefineElem[5: 7.33360000000000e+04, 4.19710000000000e+04, 2.82810000000000e+04, 4.18320000000000e+04, 1.33765502038000e-11]
	RefineElem[5: 7.42460000000000e+04, 4.08570000000000e+04, 4.21560000000000e+04, 4.06900000000000e+04, 1.33728344156666e-11]
	RefineElem[5: 7.04920000000000e+04, 4.13470000000000e+04, 2.13930000000000e+04, 2.13940000000000e+04, 1.33709691585986e-11]
	RefineElem[5: 7.02200000000000e+04, 2.89940000000000e+04, 2.89980000000000e+04, 4.12760000000000e+04, 1.33667780493328e-11]
	RefineElem[5: 2.39350000000000e+04, 2.06080000000000e+04, 2.30370000000000e+04, 2.30490000000000e+04, 1.33450931836628e-11]
	RefineElem[5: 7.27440000000000e+04, 4.18620000000000e+04, 2.27430000000000e+04, 2.27340000000000e+04, 1.33446429862242e-11]
	RefineElem[5: 6.86390000000000e+04, 4.08380000000000e+04, 4.08370000000000e+04, 3.47160000000000e+04, 1.33382770158164e-11]
	RefineElem[5: 9.82520000000000e+04, 4.07360000000000e+04, 4.07370000000000e+04, 4.94210000000000e+04, 1.33134041914885e-11]
	RefineElem[5: 6.79350000000000e+04, 3.47230000000000e+04, 4.05920000000000e+04, 3.47210000000000e+04, 1.33072155426746e-11]
	RefineElem[5: 7.00240000000000e+04, 2.27600000000000e+04, 2.27480000000000e+04, 4.12330000000000e+04, 1.32982668518349e-11]
	RefineElem[5: 9.82430000000000e+04, 4.94180000000000e+04, 4.07380000000000e+04, 3.49500000000000e+04, 1.32721694101720e-11]
	RefineElem[5: 6.81720000000000e+04, 4.06680000000000e+04, 4.03420000000000e+04, 3.47870000000000e+04, 1.32679941398739e-11]
	RefineElem[5: 7.19250000000000e+04, 4.16920000000000e+04, 2.71570000000000e+04, 2.71280000000000e+04, 1.32675163967304e-11]
	RefineElem[5: 7.12560000000000e+04, 2.42560000000000e+04, 2.63810000000000e+04, 4.15320000000000e+04, 1.32315929257620e-11]
	RefineElem[5: 7.71200000000000e+04, 1.91830000000000e+04, 1.92720000000000e+04, 4.27690000000000e+04, 1.32309041504156e-11]
	RefineElem[5: 4.80140000000000e+04, 3.98640000000000e+04, 3.74310000000000e+04, 3.74320000000000e+04, 1.32102175270623e-11]
	RefineElem[5: 7.47720000000000e+04, 4.22690000000000e+04, 4.16520000000000e+04, 3.50580000000000e+04, 1.31992837812978e-11]
	RefineElem[5: 7.84670000000000e+04, 4.30830000000000e+04, 4.05180000000000e+04, 4.30820000000000e+04, 1.31848611399364e-11]
	RefineElem[5: 6.81620000000000e+04, 4.06640000000000e+04, 2.48340000000000e+04, 2.48420000000000e+04, 1.31799489187668e-11]
	RefineElem[5: 6.74940000000000e+04, 4.03440000000000e+04, 3.49660000000000e+04, 3.49610000000000e+04, 1.31721507395808e-11]
	RefineElem[5: 7.89600000000000e+04, 2.57210000000000e+04, 2.55800000000000e+04, 4.32040000000000e+04, 1.31691588428534e-11]
	RefineElem[5: 6.78570000000000e+04, 4.05710000000000e+04, 4.05700000000000e+04, 3.49430000000000e+04, 1.31671651859819e-11]
	RefineElem[5: 7.38820000000000e+04, 4.20980000000000e+04, 2.47110000000000e+04, 2.46950000000000e+04, 1.31657799312722e-11]
	RefineElem[5: 6.88260000000000e+04, 3.47570000000000e+04, 4.09080000000000e+04, 4.03420000000000e+04, 1.31580002349669e-11]
	RefineElem[5: 2.39280000000000e+04, 2.30570000000000e+04, 2.06020000000000e+04, 2.06000000000000e+04, 1.31488223966926e-11]
	RefineElem[5: 7.27730000000000e+04, 2.30560000000000e+04, 2.30550000000000e+04, 4.18660000000000e+04, 1.31413400908902e-11]
	RefineElem[5: 9.55780000000000e+04, 4.84610000000000e+04, 4.84600000000000e+04, 4.84570000000000e+04, 1.31360820171542e-11]
	RefineElem[5: 5.50980000000000e+04, 1.20830000000000e+04, 1.10560000000000e+04, 1.10610000000000e+04, 1.31202136922934e-11]
	RefineElem[5: 6.33200000000000e+04, 1.45560000000000e+04, 1.45650000000000e+04, 1.45480000000000e+04, 1.31135453300784e-11]
	RefineElem[5: 7.22730000000000e+04, 4.17560000000000e+04, 4.08010000000000e+04, 2.35690000000000e+04, 1.31123053413604e-11]
	RefineElem[5: 6.92120000000000e+04, 3.89500000000000e+04, 2.63210000000000e+04, 4.09990000000000e+04, 1.31122798966281e-11]
	RefineElem[5: 7.02190000000000e+04, 4.12760000000000e+04, 2.89960000000000e+04, 2.67580000000000e+04, 1.31015175921371e-11]
	RefineElem[5: 8.68300000000000e+04, 4.57410000000000e+04, 2.07230000000000e+04, 2.07360000000000e+04, 1.30999043269739e-11]
	RefineElem[5: 1.01768000000000e+05, 5.05080000000000e+04, 4.90580000000000e+04, 4.90570000000000e+04, 1.30425369425425e-11]
	RefineElem[5: 7.29400000000000e+04, 2.36370000000000e+04, 2.23020000000000e+04, 4.18990000000000e+04, 1.30409944852415e-11]
	RefineElem[5: 8.01550000000000e+04, 4.35060000000000e+04, 4.35050000000000e+04, 4.07570000000000e+04, 1.30120526759883e-11]
	RefineElem[5: 8.29100000000000e+04, 4.42780000000000e+04, 4.04150000000000e+04, 2.28960000000000e+04, 1.30093907302461e-11]
	RefineElem[5: 6.95160000000000e+04, 4.10890000000000e+04, 2.58460000000000e+04, 2.81970000000000e+04, 1.29859154705874e-11]
	RefineElem[5: 7.08020000000000e+04, 4.14290000000000e+04, 4.04040000000000e+04, 4.11870000000000e+04, 1.29625889766613e-11]
	RefineElem[5: 7.36270000000000e+04, 4.20370000000000e+04, 9.97500000000000e+03, 1.00000000000000e+04, 1.29571692604781e-11]
	RefineElem[5: 6.76890000000000e+04, 3.94520000000000e+04, 2.17130000000000e+04, 4.05030000000000e+04, 1.29544723412568e-11]
	RefineElem[5: 6.90360000000000e+04, 4.09590000000000e+04, 4.04770000000000e+04, 2.51410000000000e+04, 1.29501669638250e-11]
	RefineElem[5: 5.92260000000000e+04, 2.22960000000000e+04, 2.36360000000000e+04, 2.36410000000000e+04, 1.29442580247692e-11]
	RefineElem[5: 6.24140000000000e+04, 1.52790000000000e+04, 1.52880000000000e+04, 1.53080000000000e+04, 1.29433782487900e-11]
	RefineElem[5: 8.96890000000000e+04, 4.66560000000000e+04, 4.30810000000000e+04, 2.83360000000000e+04, 1.29056994768539e-11]
	RefineElem[5: 6.97060000000000e+04, 1.33770000000000e+04, 4.11280000000000e+04, 1.33980000000000e+04, 1.28963992615320e-11]
	RefineElem[5: 1.85300000000000e+03, 3.75700000000000e+03, 3.64000000000000e+03, 4.22600000000000e+03, 1.28849894492857e-11]
	RefineElem[5: 7.62560000000000e+04, 9.90300000000000e+03, 4.17080000000000e+04, 4.25890000000000e+04, 1.28734355422114e-11]
	RefineElem[5: 6.75900000000000e+04, 2.14150000000000e+04, 2.14180000000000e+04, 4.04430000000000e+04, 1.28675519852905e-11]
	RefineElem[5: 8.03580000000000e+04, 9.62600000000000e+03, 4.35670000000000e+04, 1.16440000000000e+04, 1.28652806900042e-11]
	RefineElem[5: 8.01560000000000e+04, 4.35070000000000e+04, 4.35060000000000e+04, 4.07560000000000e+04, 1.28640345138714e-11]
	RefineElem[5: 9.68840000000000e+04, 4.03620000000000e+04, 4.57300000000000e+04, 4.89200000000000e+04, 1.28506310410987e-11]
	RefineElem[5: 7.72570000000000e+04, 4.28000000000000e+04, 2.79640000000000e+04, 2.79750000000000e+04, 1.28419676789002e-11]
	RefineElem[5: 6.95190000000000e+04, 2.81950000000000e+04, 2.58480000000000e+04, 4.10890000000000e+04, 1.28406945197111e-11]
	RefineElem[5: 7.55890000000000e+04, 4.24190000000000e+04, 4.24200000000000e+04, 4.03800000000000e+04, 1.28351646430311e-11]
	RefineElem[5: 6.78000000000000e+04, 4.05450000000000e+04, 4.05440000000000e+04, 4.05430000000000e+04, 1.28254354202426e-11]
	RefineElem[5: 7.31930000000000e+04, 4.19490000000000e+04, 3.64700000000000e+03, 3.63300000000000e+03, 1.28239616090400e-11]
	RefineElem[5: 7.85630000000000e+04, 4.31160000000000e+04, 4.09260000000000e+04, 4.09250000000000e+04, 1.28174630999530e-11]
	RefineElem[5: 7.17060000000000e+04, 4.16470000000000e+04, 1.28160000000000e+04, 1.28170000000000e+04, 1.27997497682687e-11]
	RefineElem[5: 7.33720000000000e+04, 1.23630000000000e+04, 1.13880000000000e+04, 4.19800000000000e+04, 1.27990914736675e-11]
	RefineElem[5: 6.83700000000000e+04, 4.07350000000000e+04, 4.07360000000000e+04, 4.04950000000000e+04, 1.27932294579316e-11]
	RefineElem[5: 6.87810000000000e+04, 2.05920000000000e+04, 4.08960000000000e+04, 2.05860000000000e+04, 1.27924129538495e-11]
	RefineElem[5: 6.45820000000000e+04, 3.87130000000000e+04, 3.49190000000000e+04, 3.49170000000000e+04, 1.27884325356347e-11]
	RefineElem[5: 7.03490000000000e+04, 4.13060000000000e+04, 3.93150000000000e+04, 2.12760000000000e+04, 1.27768690004865e-11]
	RefineElem[5: 8.03620000000000e+04, 4.35670000000000e+04, 4.05520000000000e+04, 4.35660000000000e+04, 1.27664431411155e-11]
	RefineElem[5: 6.99020000000000e+04, 4.11940000000000e+04, 4.11840000000000e+04, 3.49310000000000e+04, 1.27602812455338e-11]
	RefineElem[5: 1.49830000000000e+04, 9.68500000000000e+03, 9.68300000000000e+03, 1.16060000000000e+04, 1.27517373067840e-11]
	RefineElem[5: 7.20150000000000e+04, 4.05080000000000e+04, 4.17060000000000e+04, 4.17070000000000e+04, 1.27508963374882e-11]
	RefineElem[5: 6.76990000000000e+04, 1.92230000000000e+04, 3.93950000000000e+04, 4.05080000000000e+04, 1.27453330092856e-11]
	RefineElem[5: 9.39310000000000e+04, 2.55170000000000e+04, 4.15420000000000e+04, 4.79340000000000e+04, 1.27392910065278e-11]
	RefineElem[5: 9.56840000000000e+04, 4.84550000000000e+04, 4.84910000000000e+04, 4.84900000000000e+04, 1.27338067402423e-11]
	RefineElem[5: 7.11460000000000e+04, 2.31270000000000e+04, 2.31280000000000e+04, 4.15120000000000e+04, 1.27213933724095e-11]
	RefineElem[5: 6.78180000000000e+04, 4.05530000000000e+04, 2.11360000000000e+04, 2.11420000000000e+04, 1.27045351329400e-11]
	RefineElem[5: 5.23970000000000e+04, 2.34620000000000e+04, 2.23620000000000e+04, 2.35360000000000e+04, 1.27013529658314e-11]
	RefineElem[5: 6.94720000000000e+04, 4.10800000000000e+04, 7.12000000000000e+02, 4.05190000000000e+04, 1.26937030391945e-11]
	RefineElem[5: 2.27550000000000e+04, 2.23810000000000e+04, 2.24390000000000e+04, 2.31510000000000e+04, 1.26874460049927e-11]
	RefineElem[5: 7.48420000000000e+04, 4.22870000000000e+04, 4.12910000000000e+04, 1.99520000000000e+04, 1.26679694976733e-11]
	RefineElem[5: 1.02039000000000e+05, 5.06230000000000e+04, 3.47460000000000e+04, 4.07250000000000e+04, 1.26380998211206e-11]
	RefineElem[5: 7.08080000000000e+04, 4.14310000000000e+04, 4.14300000000000e+04, 4.11850000000000e+04, 1.26231936131328e-11]
	RefineElem[5: 4.80190000000000e+04, 3.74340000000000e+04, 3.98680000000000e+04, 3.98660000000000e+04, 1.26186412421973e-11]
	RefineElem[5: 4.98220000000000e+04, 3.84700000000000e+04, 3.95400000000000e+04, 3.95320000000000e+04, 1.26162295530222e-11]
	RefineElem[5: 5.92170000000000e+04, 2.33870000000000e+04, 2.40970000000000e+04, 2.41070000000000e+04, 1.26106733301952e-11]
	RefineElem[5: 7.77260000000000e+04, 2.15200000000000e+03, 4.16510000000000e+04, 4.28950000000000e+04, 1.25866132108619e-11]
	RefineElem[5: 7.24810000000000e+04, 1.67460000000000e+04, 1.67480000000000e+04, 4.17930000000000e+04, 1.25333144205125e-11]
	RefineElem[5: 7.31540000000000e+04, 1.27520000000000e+04, 1.26760000000000e+04, 4.19420000000000e+04, 1.25223198097134e-11]
	RefineElem[5: 6.92490000000000e+04, 4.10070000000000e+04, 2.77160000000000e+04, 4.05160000000000e+04, 1.25204880575581e-11]
	RefineElem[5: 7.29040000000000e+04, 4.11020000000000e+04, 7.22000000000000e+02, 4.18910000000000e+04, 1.24856105695473e-11]
	RefineElem[5: 6.94000000000000e+04, 4.10580000000000e+04, 2.02800000000000e+04, 2.06730000000000e+04, 1.24812274431265e-11]
	RefineElem[5: 7.28500000000000e+04, 1.22600000000000e+04, 1.12950000000000e+04, 4.18770000000000e+04, 1.24255556426007e-11]
	RefineElem[5: 6.81250000000000e+04, 4.06560000000000e+04, 4.06570000000000e+04, 4.06150000000000e+04, 1.24191518317948e-11]
	RefineElem[5: 8.68470000000000e+04, 4.03700000000000e+04, 2.42500000000000e+04, 4.57510000000000e+04, 1.24118115151787e-11]
	RefineElem[5: 7.14430000000000e+04, 4.15880000000000e+04, 3.61200000000000e+03, 4.74600000000000e+03, 1.23972531451004e-11]
	RefineElem[5: 6.33590000000000e+04, 1.51990000000000e+04, 1.51810000000000e+04, 1.52610000000000e+04, 1.23865866340206e-11]
	RefineElem[5: 7.08070000000000e+04, 4.14300000000000e+04, 4.14290000000000e+04, 4.11860000000000e+04, 1.23855366904501e-11]
	RefineElem[5: 5.44080000000000e+04, 2.71400000000000e+03, 2.72500000000000e+03, 2.67200000000000e+03, 1.23769238311986e-11]
	RefineElem[5: 9.59220000000000e+04, 4.85570000000000e+04, 4.85610000000000e+04, 4.85560000000000e+04, 1.23714120231366e-11]
	RefineElem[5: 7.13170000000000e+04, 4.03310000000000e+04, 4.15530000000000e+04, 4.15540000000000e+04, 1.23603329585118e-11]
	RefineElem[5: 6.67380000000000e+04, 4.01390000000000e+04, 3.73000000000000e+04, 3.72990000000000e+04, 1.23591094249387e-11]
	RefineElem[5: 7.01900000000000e+04, 4.12710000000000e+04, 4.11880000000000e+04, 4.11890000000000e+04, 1.23535245909008e-11]
	RefineElem[5: 6.93680000000000e+04, 4.10480000000000e+04, 2.75310000000000e+04, 2.74930000000000e+04, 1.23493665653028e-11]
	RefineElem[5: 6.78010000000000e+04, 4.05460000000000e+04, 4.05450000000000e+04, 4.05430000000000e+04, 1.23481308450007e-11]
	RefineElem[5: 6.92510000000000e+04, 3.48210000000000e+04, 4.10080000000000e+04, 3.84900000000000e+04, 1.23408362174076e-11]
	RefineElem[5: 6.99030000000000e+04, 4.11940000000000e+04, 3.49280000000000e+04, 4.11900000000000e+04, 1.23404338603049e-11]
	RefineElem[5: 9.41520000000000e+04, 4.80000000000000e+04, 2.01100000000000e+04, 2.00280000000000e+04, 1.23272057138344e-11]
	RefineElem[5: 9.43690000000000e+04, 4.80770000000000e+04, 4.11680000000000e+04, 2.32310000000000e+04, 1.23243451187703e-11]
	RefineElem[5: 8.99900000000000e+04, 2.92080000000000e+04, 4.24070000000000e+04, 4.67420000000000e+04, 1.23173935432751e-11]
	RefineElem[5: 7.67540000000000e+04, 2.26190000000000e+04, 2.26420000000000e+04, 4.27250000000000e+04, 1.23151874599400e-11]
	RefineElem[5: 9.72260000000000e+04, 4.07730000000000e+04, 4.07720000000000e+04, 4.90880000000000e+04, 1.22969789411889e-11]
	RefineElem[5: 6.19190000000000e+04, 3.81500000000000e+03, 3.64700000000000e+03, 3.81600000000000e+03, 1.22727486469675e-11]
	RefineElem[5: 7.19360000000000e+04, 4.16930000000000e+04, 4.16450000000000e+04, 2.78170000000000e+04, 1.22654451859301e-11]
	RefineElem[5: 1.00113000000000e+05, 3.49590000000000e+04, 4.07430000000000e+04, 4.99550000000000e+04, 1.22487462119284e-11]
	RefineElem[5: 8.54250000000000e+04, 4.50110000000000e+04, 4.50030000000000e+04, 4.50150000000000e+04, 1.22327136927023e-11]
	RefineElem[5: 6.87330000000000e+04, 2.18090000000000e+04, 2.18450000000000e+04, 4.08660000000000e+04, 1.22316221435955e-11]
	RefineElem[5: 7.30150000000000e+04, 4.19130000000000e+04, 2.39430000000000e+04, 2.39370000000000e+04, 1.22178399351384e-11]
	RefineElem[5: 7.01270000000000e+04, 4.12560000000000e+04, 2.46570000000000e+04, 2.47380000000000e+04, 1.22159393320326e-11]
	RefineElem[5: 7.83700000000000e+04, 4.30600000000000e+04, 1.83200000000000e+03, 1.92700000000000e+03, 1.22113434299628e-11]
	RefineElem[5: 7.20130000000000e+04, 2.12770000000000e+04, 3.93330000000000e+04, 4.17070000000000e+04, 1.22025296355028e-11]
	RefineElem[5: 8.31420000000000e+04, 4.43480000000000e+04, 4.43420000000000e+04, 2.92010000000000e+04, 1.21977894417353e-11]
	RefineElem[5: 3.57240000000000e+04, 3.48780000000000e+04, 3.83240000000000e+04, 3.83200000000000e+04, 1.21975434818965e-11]
	RefineElem[5: 6.75700000000000e+04, 2.37190000000000e+04, 2.37220000000000e+04, 4.04300000000000e+04, 1.21738903848172e-11]
	RefineElem[5: 7.00880000000000e+04, 1.94390000000000e+04, 1.94870000000000e+04, 4.12470000000000e+04, 1.21719463424223e-11]
	RefineElem[5: 2.24750000000000e+04, 2.26090000000000e+04, 2.26140000000000e+04, 2.26100000000000e+04, 1.21456533574507e-11]
	RefineElem[5: 6.41620000000000e+04, 8.29600000000000e+03, 7.29200000000000e+03, 7.25800000000000e+03, 1.21355074139200e-11]
	RefineElem[5: 7.39300000000000e+03, 5.64000000000000e+03, 5.62100000000000e+03, 3.12200000000000e+03, 1.21304644555030e-11]
	RefineElem[5: 7.31920000000000e+04, 3.63300000000000e+03, 3.62500000000000e+03, 4.19490000000000e+04, 1.21304357913540e-11]
	RefineElem[5: 6.79370000000000e+04, 2.41140000000000e+04, 4.05930000000000e+04, 2.41060000000000e+04, 1.21301982945959e-11]
	RefineElem[5: 9.52160000000000e+04, 4.83410000000000e+04, 4.83390000000000e+04, 4.83400000000000e+04, 1.21135214515586e-11]
	RefineElem[5: 8.82690000000000e+04, 2.33330000000000e+04, 4.23870000000000e+04, 4.62640000000000e+04, 1.21109279956322e-11]
	RefineElem[5: 7.30140000000000e+04, 4.19130000000000e+04, 2.39390000000000e+04, 2.39430000000000e+04, 1.20972277695702e-11]
	RefineElem[5: 6.74910000000000e+04, 3.47600000000000e+04, 4.03420000000000e+04, 4.03430000000000e+04, 1.20693975629361e-11]
	RefineElem[5: 6.87880000000000e+04, 4.08970000000000e+04, 4.08950000000000e+04, 4.08960000000000e+04, 1.20479481853260e-11]
	RefineElem[5: 6.91120000000000e+04, 4.09740000000000e+04, 4.04880000000000e+04, 3.59200000000000e+03, 1.20456670789414e-11]
	RefineElem[5: 7.01700000000000e+04, 2.32160000000000e+04, 2.32070000000000e+04, 4.12660000000000e+04, 1.20315777272155e-11]
	RefineElem[5: 6.93390000000000e+04, 4.10380000000000e+04, 1.95800000000000e+04, 1.95790000000000e+04, 1.20311430230162e-11]
	RefineElem[5: 7.63780000000000e+04, 4.04280000000000e+04, 4.26200000000000e+04, 4.26210000000000e+04, 1.20224716895936e-11]
	RefineElem[5: 7.53480000000000e+04, 4.23670000000000e+04, 1.98490000000000e+04, 2.10940000000000e+04, 1.20136704803477e-11]
	RefineElem[5: 6.67300000000000e+04, 4.01370000000000e+04, 3.72950000000000e+04, 3.73010000000000e+04, 1.20045428087900e-11]
	RefineElem[5: 6.80820000000000e+04, 4.06480000000000e+04, 7.12000000000000e+02, 4.04390000000000e+04, 1.19819850455749e-11]
	RefineElem[5: 7.23060000000000e+04, 2.64580000000000e+04, 2.64570000000000e+04, 4.17610000000000e+04, 1.19608197994483e-11]
	RefineElem[5: 8.54330000000000e+04, 4.50190000000000e+04, 4.50180000000000e+04, 3.49830000000000e+04, 1.19579401780141e-11]
	RefineElem[5: 7.27830000000000e+04, 4.18680000000000e+04, 3.94470000000000e+04, 2.17180000000000e+04, 1.19567256947889e-11]
	RefineElem[5: 6.75560000000000e+04, 4.04150000000000e+04, 2.28990000000000e+04, 2.28960000000000e+04, 1.19430989782789e-11]
	RefineElem[5: 7.27350000000000e+04, 3.94850000000000e+04, 3.94830000000000e+04, 4.18590000000000e+04, 1.19428643035050e-11]
	RefineElem[5: 6.52840000000000e+04, 2.54060000000000e+04, 2.52800000000000e+04, 2.54140000000000e+04, 1.19332093031920e-11]
	RefineElem[5: 9.59150000000000e+04, 4.85580000000000e+04, 4.85590000000000e+04, 4.85550000000000e+04, 1.19141735382155e-11]
	RefineElem[5: 7.14410000000000e+04, 4.75600000000000e+03, 3.60800000000000e+03, 4.15880000000000e+04, 1.19040035837615e-11]
	RefineElem[5: 7.06970000000000e+04, 2.82870000000000e+04, 2.57510000000000e+04, 4.13950000000000e+04, 1.18841626666721e-11]
	RefineElem[5: 5.21790000000000e+04, 2.03480000000000e+04, 2.06030000000000e+04, 2.06070000000000e+04, 1.18832265182683e-11]
	RefineElem[5: 6.80330000000000e+04, 4.06160000000000e+04, 3.60900000000000e+03, 3.59100000000000e+03, 1.18764026415707e-11]
	RefineElem[5: 3.57400000000000e+04, 3.48520000000000e+04, 3.83180000000000e+04, 3.83160000000000e+04, 1.18494527606683e-11]
	RefineElem[5: 7.05030000000000e+04, 4.13510000000000e+04, 4.13500000000000e+04, 3.47170000000000e+04, 1.18372688399695e-11]
	RefineElem[5: 6.67460000000000e+04, 4.01410000000000e+04, 3.72980000000000e+04, 3.72970000000000e+04, 1.18297082474764e-11]
	RefineElem[5: 9.32830000000000e+04, 4.44870000000000e+04, 4.54950000000000e+04, 4.77200000000000e+04, 1.18275104336149e-11]
	RefineElem[5: 9.63500000000000e+04, 4.40330000000000e+04, 4.40340000000000e+04, 4.86990000000000e+04, 1.17999380743114e-11]
	RefineElem[5: 6.87820000000000e+04, 4.08940000000000e+04, 4.08960000000000e+04, 4.08950000000000e+04, 1.17832349561726e-11]
	RefineElem[5: 7.06930000000000e+04, 4.13950000000000e+04, 2.57440000000000e+04, 2.82960000000000e+04, 1.17759000460481e-11]
	RefineElem[5: 7.20400000000000e+04, 4.17100000000000e+04, 2.59830000000000e+04, 2.60210000000000e+04, 1.17695445577582e-11]
	RefineElem[5: 7.20010000000000e+04, 4.17040000000000e+04, 4.05060000000000e+04, 4.15800000000000e+04, 1.17676463074650e-11]
	RefineElem[5: 6.88890000000000e+04, 2.11750000000000e+04, 4.09250000000000e+04, 4.09260000000000e+04, 1.17661724935654e-11]
	RefineElem[5: 8.82670000000000e+04, 4.62640000000000e+04, 2.32580000000000e+04, 2.33370000000000e+04, 1.17658887061404e-11]
	RefineElem[5: 7.08950000000000e+04, 4.14470000000000e+04, 4.11110000000000e+04, 2.78800000000000e+04, 1.17628963476677e-11]
	RefineElem[5: 7.01710000000000e+04, 9.68300000000000e+03, 4.12670000000000e+04, 1.16060000000000e+04, 1.17557914974284e-11]
	RefineElem[5: 7.01760000000000e+04, 4.12670000000000e+04, 9.65700000000000e+03, 1.16130000000000e+04, 1.17536104269414e-11]
	RefineElem[5: 6.93520000000000e+04, 4.10400000000000e+04, 2.02620000000000e+04, 2.02160000000000e+04, 1.17422079423215e-11]
	RefineElem[5: 7.05630000000000e+04, 4.13650000000000e+04, 2.27740000000000e+04, 2.27610000000000e+04, 1.17339877379202e-11]
	RefineElem[5: 6.89640000000000e+04, 4.09440000000000e+04, 1.96110000000000e+04, 4.07190000000000e+04, 1.17240866183018e-11]
	RefineElem[5: 6.88630000000000e+04, 4.09160000000000e+04, 3.49190000000000e+04, 3.49460000000000e+04, 1.17212613614739e-11]
	RefineElem[5: 9.50270000000000e+04, 4.82810000000000e+04, 4.04630000000000e+04, 4.82800000000000e+04, 1.17200590344051e-11]
	RefineElem[5: 2.55200000000000e+04, 2.83290000000000e+04, 2.83370000000000e+04, 2.83280000000000e+04, 1.17049160276154e-11]
	RefineElem[5: 6.93210000000000e+04, 2.17790000000000e+04, 4.10360000000000e+04, 2.17950000000000e+04, 1.16989734417446e-11]
	RefineElem[5: 8.21060000000000e+04, 4.40560000000000e+04, 2.82670000000000e+04, 2.82640000000000e+04, 1.16931289762322e-11]
	RefineElem[5: 7.75410000000000e+04, 4.28520000000000e+04, 2.50750000000000e+04, 2.51030000000000e+04, 1.16893303037280e-11]
	RefineElem[5: 6.80260000000000e+04, 3.60900000000000e+03, 4.06160000000000e+04, 3.59200000000000e+03, 1.16878341080187e-11]
	RefineElem[5: 2.29460000000000e+04, 2.39400000000000e+04, 2.39330000000000e+04, 2.14170000000000e+04, 1.16849640249725e-11]
	RefineElem[5: 2.29450000000000e+04, 2.14160000000000e+04, 2.14180000000000e+04, 2.39380000000000e+04, 1.16839800418893e-11]
	RefineElem[5: 9.59190000000000e+04, 4.85600000000000e+04, 4.49840000000000e+04, 4.36340000000000e+04, 1.16459167324301e-11]
	RefineElem[5: 8.25940000000000e+04, 4.13780000000000e+04, 2.65990000000000e+04, 4.42130000000000e+04, 1.16457695333153e-11]
	RefineElem[5: 7.45680000000000e+04, 4.22100000000000e+04, 2.77150000000000e+04, 2.77780000000000e+04, 1.16349388054466e-11]
	RefineElem[5: 7.39020000000000e+04, 2.49550000000000e+04, 2.48160000000000e+04, 4.21000000000000e+04, 1.16277600363770e-11]
	RefineElem[5: 6.92080000000000e+04, 4.09980000000000e+04, 4.09990000000000e+04, 2.63210000000000e+04, 1.16181526037678e-11]
	RefineElem[5: 7.35750000000000e+04, 4.03620000000000e+04, 4.20250000000000e+04, 4.20260000000000e+04, 1.16177254757138e-11]
	RefineElem[5: 7.40450000000000e+04, 4.21210000000000e+04, 1.12750000000000e+04, 1.12740000000000e+04, 1.16170451402257e-11]
	RefineElem[5: 6.83530000000000e+04, 4.07280000000000e+04, 4.07290000000000e+04, 4.04330000000000e+04, 1.16081349268607e-11]
	RefineElem[5: 7.00460000000000e+04, 4.12380000000000e+04, 5.66700000000000e+03, 3.64800000000000e+03, 1.16066278389326e-11]
	RefineElem[5: 6.83900000000000e+04, 7.27000000000000e+02, 7.22000000000000e+02, 4.07520000000000e+04, 1.16063492070297e-11]
	RefineElem[5: 6.96300000000000e+04, 9.97000000000000e+03, 9.96300000000000e+03, 4.11130000000000e+04, 1.15945136558828e-11]
	RefineElem[5: 8.40350000000000e+04, 4.46070000000000e+04, 4.07110000000000e+04, 4.07120000000000e+04, 1.15933143489178e-11]
	RefineElem[5: 6.84440000000000e+04, 3.47670000000000e+04, 3.47550000000000e+04, 4.07680000000000e+04, 1.15842793703846e-11]
	RefineElem[5: 9.63510000000000e+04, 4.86990000000000e+04, 4.86980000000000e+04, 4.40330000000000e+04, 1.15810603423251e-11]
	RefineElem[5: 2.28880000000000e+04, 2.39520000000000e+04, 2.39560000000000e+04, 2.13930000000000e+04, 1.15778204270553e-11]
	RefineElem[5: 7.94320000000000e+04, 4.33130000000000e+04, 2.82510000000000e+04, 2.82490000000000e+04, 1.15738712596775e-11]
	RefineElem[5: 6.93980000000000e+04, 2.02800000000000e+04, 4.10580000000000e+04, 4.04450000000000e+04, 1.15679258872254e-11]
	RefineElem[5: 5.81540000000000e+04, 2.88830000000000e+04, 3.92550000000000e+04, 2.69040000000000e+04, 1.15618815464397e-11]
	RefineElem[5: 9.72190000000000e+04, 4.90860000000000e+04, 4.09200000000000e+04, 3.48400000000000e+04, 1.15544648508943e-11]
	RefineElem[5: 6.78430000000000e+04, 3.49430000000000e+04, 4.05660000000000e+04, 3.49250000000000e+04, 1.15441133024879e-11]
	RefineElem[5: 2.28870000000000e+04, 2.13880000000000e+04, 2.13840000000000e+04, 2.39530000000000e+04, 1.15363373000605e-11]
	RefineElem[5: 7.63830000000000e+04, 9.67600000000000e+03, 9.67500000000000e+03, 4.26210000000000e+04, 1.15227169220777e-11]
	RefineElem[5: 6.79730000000000e+04, 4.05950000000000e+04, 2.35650000000000e+04, 2.33100000000000e+04, 1.15114392652157e-11]
	RefineElem[5: 4.84350000000000e+04, 3.76340000000000e+04, 3.76350000000000e+04, 3.98710000000000e+04, 1.15076649773000e-11]
	RefineElem[5: 6.26980000000000e+04, 2.63240000000000e+04, 2.64610000000000e+04, 2.64620000000000e+04, 1.14849873813951e-11]
	RefineElem[5: 1.01168000000000e+05, 5.02720000000000e+04, 5.02730000000000e+04, 4.40270000000000e+04, 1.14808482070746e-11]
	RefineElem[5: 7.05430000000000e+04, 2.25680000000000e+04, 2.25160000000000e+04, 4.13610000000000e+04, 1.14784932213142e-11]
	RefineElem[5: 7.96380000000000e+04, 4.09420000000000e+04, 4.33580000000000e+04, 4.33590000000000e+04, 1.14783838713374e-11]
	RefineElem[5: 5.24720000000000e+04, 2.45400000000000e+04, 2.46220000000000e+04, 2.46210000000000e+04, 1.14754792512740e-11]
	RefineElem[5: 6.83510000000000e+04, 3.48130000000000e+04, 3.47480000000000e+04, 4.07260000000000e+04, 1.14359389782589e-11]
	RefineElem[5: 5.13610000000000e+04, 1.13350000000000e+04, 1.12950000000000e+04, 1.13220000000000e+04, 1.14316212140076e-11]
	RefineElem[5: 5.72020000000000e+04, 8.87100000000000e+03, 8.88800000000000e+03, 8.88500000000000e+03, 1.14123379211841e-11]
	RefineElem[5: 6.37780000000000e+04, 2.75950000000000e+04, 2.76230000000000e+04, 2.76650000000000e+04, 1.13965438415646e-11]
	RefineElem[5: 6.41980000000000e+04, 1.27540000000000e+04, 1.28150000000000e+04, 1.27850000000000e+04, 1.13934728770843e-11]
	RefineElem[5: 6.77310000000000e+04, 4.05220000000000e+04, 2.01450000000000e+04, 2.01490000000000e+04, 1.13862715726115e-11]
	RefineElem[5: 6.41870000000000e+04, 1.48480000000000e+04, 1.48720000000000e+04, 1.48710000000000e+04, 1.13603051329858e-11]
	RefineElem[5: 8.37990000000000e+04, 9.83000000000000e+03, 9.81700000000000e+03, 4.45330000000000e+04, 1.13484197343028e-11]
	RefineElem[5: 6.37630000000000e+04, 2.54750000000000e+04, 2.54690000000000e+04, 2.54280000000000e+04, 1.13453479088543e-11]
	RefineElem[5: 2.21890000000000e+04, 2.19080000000000e+04, 2.19030000000000e+04, 2.19440000000000e+04, 1.13429423946435e-11]
	RefineElem[5: 8.36320000000000e+04, 4.04370000000000e+04, 4.44840000000000e+04, 2.28740000000000e+04, 1.13210028362885e-11]
	RefineElem[5: 2.16390000000000e+04, 1.94470000000000e+04, 1.94490000000000e+04, 1.94050000000000e+04, 1.13193157914793e-11]
	RefineElem[5: 2.38160000000000e+04, 2.31590000000000e+04, 2.31570000000000e+04, 2.07920000000000e+04, 1.13021686544225e-11]
	RefineElem[5: 7.35370000000000e+04, 4.20150000000000e+04, 3.94130000000000e+04, 2.77800000000000e+04, 1.13008172584805e-11]
	RefineElem[5: 2.12980000000000e+04, 1.89030000000000e+04, 1.89040000000000e+04, 1.88810000000000e+04, 1.12986556494707e-11]
	RefineElem[5: 7.01360000000000e+04, 4.12610000000000e+04, 3.83200000000000e+04, 4.08800000000000e+04, 1.12966519718932e-11]
	RefineElem[5: 5.23480000000000e+04, 2.28180000000000e+04, 2.27380000000000e+04, 2.27530000000000e+04, 1.12902047799018e-11]
	RefineElem[5: 8.01340000000000e+04, 4.35000000000000e+04, 2.31190000000000e+04, 2.27190000000000e+04, 1.12839385194422e-11]
	RefineElem[5: 7.68740000000000e+04, 2.16840000000000e+04, 4.27430000000000e+04, 4.20760000000000e+04, 1.12779204185506e-11]
	RefineElem[5: 7.26280000000000e+04, 4.18320000000000e+04, 4.18310000000000e+04, 2.82600000000000e+04, 1.12405821899269e-11]
	RefineElem[5: 7.06060000000000e+04, 4.11860000000000e+04, 4.13740000000000e+04, 4.13750000000000e+04, 1.12366645299960e-11]
	RefineElem[5: 2.55450000000000e+04, 2.85730000000000e+04, 2.74070000000000e+04, 2.85810000000000e+04, 1.12284623002001e-11]
	RefineElem[5: 7.48900000000000e+04, 4.22940000000000e+04, 4.22960000000000e+04, 4.22970000000000e+04, 1.12162769817824e-11]
	RefineElem[5: 7.72940000000000e+04, 2.59920000000000e+04, 4.17100000000000e+04, 4.28080000000000e+04, 1.11968778616322e-11]
	RefineElem[5: 7.24480000000000e+04, 2.79500000000000e+04, 2.79090000000000e+04, 4.17880000000000e+04, 1.11849508651008e-11]
	RefineElem[5: 7.36720000000000e+04, 4.20340000000000e+04, 2.68330000000000e+04, 4.20470000000000e+04, 1.11847336125062e-11]
	RefineElem[5: 4.78420000000000e+04, 3.95240000000000e+04, 3.73590000000000e+04, 3.73570000000000e+04, 1.11782485013011e-11]
	RefineElem[5: 6.90880000000000e+04, 2.11430000000000e+04, 2.11320000000000e+04, 4.09670000000000e+04, 1.11744919770637e-11]
	RefineElem[5: 7.15970000000000e+04, 4.16190000000000e+04, 2.07010000000000e+04, 2.82950000000000e+04, 1.11675430655177e-11]
	RefineElem[5: 8.69220000000000e+04, 2.40980000000000e+04, 4.08440000000000e+04, 4.58010000000000e+04, 1.11638491526520e-11]
	RefineElem[5: 7.01880000000000e+04, 4.12710000000000e+04, 4.12700000000000e+04, 4.11830000000000e+04, 1.11616310898884e-11]
	RefineElem[5: 7.40360000000000e+04, 1.03030000000000e+04, 4.21210000000000e+04, 1.00290000000000e+04, 1.11545905014877e-11]
	RefineElem[5: 7.06600000000000e+04, 4.13900000000000e+04, 1.97300000000000e+04, 2.07380000000000e+04, 1.11499576041990e-11]
	RefineElem[5: 5.39050000000000e+04, 3.71750000000000e+04, 3.71760000000000e+04, 3.71800000000000e+04, 1.11466435516506e-11]
	RefineElem[5: 1.00032000000000e+05, 4.23130000000000e+04, 4.23140000000000e+04, 4.99360000000000e+04, 1.11447339966824e-11]
	RefineElem[5: 6.86580000000000e+04, 4.08430000000000e+04, 4.04300000000000e+04, 2.37220000000000e+04, 1.11216984899169e-11]
	RefineElem[5: 7.29440000000000e+04, 4.19000000000000e+04, 2.30430000000000e+04, 4.11480000000000e+04, 1.11213508634536e-11]
	RefineElem[5: 7.41900000000000e+04, 4.21490000000000e+04, 7.39700000000000e+03, 4.21480000000000e+04, 1.11168621949431e-11]
	RefineElem[5: 7.40070000000000e+04, 4.21160000000000e+04, 4.14190000000000e+04, 2.62190000000000e+04, 1.11095437795952e-11]
	RefineElem[5: 6.92540000000000e+04, 4.10080000000000e+04, 3.48460000000000e+04, 3.84920000000000e+04, 1.11094633882768e-11]
	RefineElem[5: 6.82030000000000e+04, 4.06860000000000e+04, 4.06850000000000e+04, 4.06840000000000e+04, 1.10942611880226e-11]
	RefineElem[5: 7.08670000000000e+04, 4.14420000000000e+04, 4.05310000000000e+04, 4.09610000000000e+04, 1.10915143316989e-11]
	RefineElem[5: 7.30180000000000e+04, 2.39380000000000e+04, 2.39390000000000e+04, 4.19130000000000e+04, 1.10740803826788e-11]
	RefineElem[5: 6.89110000000000e+04, 5.75500000000000e+03, 5.66800000000000e+03, 4.09300000000000e+04, 1.10699916283374e-11]
	RefineElem[5: 6.27900000000000e+04, 2.54850000000000e+04, 2.55070000000000e+04, 2.56620000000000e+04, 1.10600230612528e-11]
	RefineElem[5: 8.25070000000000e+04, 4.41820000000000e+04, 4.13990000000000e+04, 3.60440000000000e+04, 1.10435195790550e-11]
	RefineElem[5: 7.74410000000000e+04, 2.81680000000000e+04, 2.77130000000000e+04, 4.28330000000000e+04, 1.10434731664889e-11]
	RefineElem[5: 8.68390000000000e+04, 4.57460000000000e+04, 2.57670000000000e+04, 2.57800000000000e+04, 1.10428534359555e-11]
	RefineElem[5: 7.05890000000000e+04, 4.13720000000000e+04, 4.27500000000000e+03, 3.65000000000000e+03, 1.10400570123596e-11]
	RefineElem[5: 7.14100000000000e+04, 2.86740000000000e+04, 4.08130000000000e+04, 4.15820000000000e+04, 1.10293099922557e-11]
	RefineElem[5: 7.93190000000000e+04, 4.04530000000000e+04, 4.04520000000000e+04, 4.32920000000000e+04, 1.10109264006587e-11]
	RefineElem[5: 7.53360000000000e+04, 4.23660000000000e+04, 4.14450000000000e+04, 8.67600000000000e+03, 1.09891133871763e-11]
	RefineElem[5: 6.91600000000000e+04, 2.27290000000000e+04, 2.27330000000000e+04, 4.09840000000000e+04, 1.09811113392250e-11]
	RefineElem[5: 8.53820000000000e+04, 4.49950000000000e+04, 4.49940000000000e+04, 2.00260000000000e+04, 1.09629035369376e-11]
	RefineElem[5: 6.96210000000000e+04, 4.11110000000000e+04, 2.77890000000000e+04, 2.77860000000000e+04, 1.09408757729584e-11]
	RefineElem[5: 7.35880000000000e+04, 7.33200000000000e+03, 7.33600000000000e+03, 4.20290000000000e+04, 1.09362718083120e-11]
	RefineElem[5: 8.00490000000000e+04, 4.34820000000000e+04, 9.85000000000000e+03, 9.85200000000000e+03, 1.09246536135294e-11]
	RefineElem[5: 7.95570000000000e+04, 4.33330000000000e+04, 3.91840000000000e+04, 2.04430000000000e+04, 1.09144895341193e-11]
	RefineElem[5: 9.72840000000000e+04, 1.92280000000000e+04, 4.91150000000000e+04, 4.91160000000000e+04, 1.09002834732340e-11]
	RefineElem[5: 5.15090000000000e+04, 1.23470000000000e+04, 1.23440000000000e+04, 1.23580000000000e+04, 1.08967934600509e-11]
	RefineElem[5: 7.02070000000000e+04, 4.12740000000000e+04, 3.72870000000000e+04, 3.72920000000000e+04, 1.08940469360700e-11]
	RefineElem[5: 6.50530000000000e+04, 3.87030000000000e+04, 3.49270000000000e+04, 3.49250000000000e+04, 1.08927695583415e-11]
	RefineElem[5: 6.88690000000000e+04, 3.05600000000000e+03, 3.09400000000000e+03, 4.09190000000000e+04, 1.08669315272788e-11]
	RefineElem[5: 7.33190000000000e+04, 2.11400000000000e+04, 4.05150000000000e+04, 4.19670000000000e+04, 1.08594042758950e-11]
	RefineElem[5: 1.01967000000000e+05, 5.06010000000000e+04, 5.06000000000000e+04, 4.03330000000000e+04, 1.08571355714755e-11]
	RefineElem[5: 7.23020000000000e+04, 2.64570000000000e+04, 2.64550000000000e+04, 4.17610000000000e+04, 1.08487420095188e-11]
	RefineElem[5: 8.00660000000000e+04, 4.34840000000000e+04, 4.69800000000000e+03, 4.72900000000000e+03, 1.08462265304965e-11]
	RefineElem[5: 7.37180000000000e+04, 4.20570000000000e+04, 2.30500000000000e+04, 2.30440000000000e+04, 1.08417955183490e-11]
	RefineElem[5: 5.27270000000000e+04, 2.78260000000000e+04, 2.77280000000000e+04, 2.78270000000000e+04, 1.08380369490677e-11]
	RefineElem[5: 4.11330000000000e+04, 2.82920000000000e+04, 2.82910000000000e+04, 2.07030000000000e+04, 1.08365593074753e-11]
	RefineElem[5: 9.62490000000000e+04, 4.57570000000000e+04, 4.57580000000000e+04, 4.86550000000000e+04, 1.08318056599232e-11]
	RefineElem[5: 6.33630000000000e+04, 1.52100000000000e+04, 1.52620000000000e+04, 1.52610000000000e+04, 1.08260241538184e-11]
	RefineElem[5: 6.35270000000000e+04, 2.01660000000000e+04, 2.00650000000000e+04, 2.01280000000000e+04, 1.08160366324518e-11]
	RefineElem[5: 6.97670000000000e+04, 2.83260000000000e+04, 2.83220000000000e+04, 4.11410000000000e+04, 1.08150541967824e-11]
	RefineElem[5: 8.48080000000000e+04, 4.47720000000000e+04, 1.41780000000000e+04, 1.41750000000000e+04, 1.08031179656900e-11]
	RefineElem[5: 7.15040000000000e+04, 2.58780000000000e+04, 2.57970000000000e+04, 4.16000000000000e+04, 1.08019113639172e-11]
	RefineElem[5: 7.09400000000000e+04, 4.14640000000000e+04, 2.61020000000000e+04, 2.47530000000000e+04, 1.07805483924898e-11]
	RefineElem[5: 2.21110000000000e+04, 2.01070000000000e+04, 2.01430000000000e+04, 2.01390000000000e+04, 1.07670191205692e-11]
	RefineElem[5: 2.39340000000000e+04, 2.30490000000000e+04, 2.06120000000000e+04, 2.06080000000000e+04, 1.07643682226162e-11]
	RefineElem[5: 7.36250000000000e+04, 4.20360000000000e+04, 2.01450000000000e+04, 4.03460000000000e+04, 1.07608294643520e-11]
	RefineElem[5: 9.56890000000000e+04, 4.84920000000000e+04, 2.31950000000000e+04, 4.84870000000000e+04, 1.07504741465226e-11]
	RefineElem[5: 7.02180000000000e+04, 2.67580000000000e+04, 3.90700000000000e+04, 4.12760000000000e+04, 1.07473024537745e-11]
	RefineElem[5: 7.28150000000000e+04, 4.18720000000000e+04, 2.13890000000000e+04, 2.14000000000000e+04, 1.07390381202588e-11]
	RefineElem[5: 6.90900000000000e+04, 2.11310000000000e+04, 2.11700000000000e+04, 4.09670000000000e+04, 1.07282079511035e-11]
	RefineElem[5: 9.62580000000000e+04, 4.15200000000000e+04, 2.67420000000000e+04, 4.86600000000000e+04, 1.07190623588296e-11]
	RefineElem[5: 7.77180000000000e+04, 4.28930000000000e+04, 2.86460000000000e+04, 4.06580000000000e+04, 1.07103494417160e-11]
	RefineElem[5: 1.00109000000000e+05, 4.99540000000000e+04, 4.07430000000000e+04, 4.07420000000000e+04, 1.06901355760441e-11]
	RefineElem[5: 5.88980000000000e+04, 2.87690000000000e+04, 2.87730000000000e+04, 2.82400000000000e+04, 1.06693740702675e-11]
	RefineElem[5: 6.81060000000000e+04, 4.06540000000000e+04, 2.71410000000000e+04, 2.87670000000000e+04, 1.06641376020042e-11]
	RefineElem[5: 9.67630000000000e+04, 1.92260000000000e+04, 4.88680000000000e+04, 1.92290000000000e+04, 1.06629580583135e-11]
	RefineElem[5: 6.25570000000000e+04, 2.00970000000000e+04, 2.00110000000000e+04, 2.00820000000000e+04, 1.06581383464587e-11]
	RefineElem[5: 7.07750000000000e+04, 4.14220000000000e+04, 4.11210000000000e+04, 2.07170000000000e+04, 1.06518629460222e-11]
	RefineElem[5: 7.94580000000000e+04, 1.95100000000000e+03, 4.33170000000000e+04, 1.94400000000000e+03, 1.06039633627057e-11]
	RefineElem[5: 8.68430000000000e+04, 4.57490000000000e+04, 4.57480000000000e+04, 4.03860000000000e+04, 1.06008670020032e-11]
	RefineElem[5: 7.39170000000000e+04, 1.97280000000000e+04, 4.10060000000000e+04, 4.21020000000000e+04, 1.05994970039971e-11]
	RefineElem[5: 6.27470000000000e+04, 2.51290000000000e+04, 2.50400000000000e+04, 2.51140000000000e+04, 1.05958012217480e-11]
	RefineElem[5: 6.85890000000000e+04, 4.08170000000000e+04, 3.94560000000000e+04, 2.03460000000000e+04, 1.05574863276546e-11]
	RefineElem[5: 5.95720000000000e+04, 2.36560000000000e+04, 2.22730000000000e+04, 2.22680000000000e+04, 1.05530133342616e-11]
	RefineElem[5: 8.40290000000000e+04, 4.46050000000000e+04, 4.07120000000000e+04, 2.31540000000000e+04, 1.05505115463846e-11]
	RefineElem[5: 4.76500000000000e+04, 3.89770000000000e+04, 3.72880000000000e+04, 3.48890000000000e+04, 1.05403544788228e-11]
	RefineElem[5: 6.95390000000000e+04, 1.67930000000000e+04, 1.67960000000000e+04, 4.11000000000000e+04, 1.05089554549187e-11]
	RefineElem[5: 8.10570000000000e+04, 2.82850000000000e+04, 4.09520000000000e+04, 4.37800000000000e+04, 1.05041663981185e-11]
	RefineElem[5: 8.60980000000000e+04, 4.53640000000000e+04, 2.57980000000000e+04, 2.82450000000000e+04, 1.04947380037344e-11]
	RefineElem[5: 6.33120000000000e+04, 1.62080000000000e+04, 1.63680000000000e+04, 1.62090000000000e+04, 1.04831484453834e-11]
	RefineElem[5: 7.51420000000000e+04, 2.04950000000000e+04, 2.05240000000000e+04, 4.23410000000000e+04, 1.04804110659701e-11]
	RefineElem[5: 6.91610000000000e+04, 4.09840000000000e+04, 4.09830000000000e+04, 2.27290000000000e+04, 1.04769463385824e-11]
	RefineElem[5: 6.84770000000000e+04, 2.77850000000000e+04, 3.92840000000000e+04, 4.07800000000000e+04, 1.04735913025236e-11]
	RefineElem[5: 8.10520000000000e+04, 4.37800000000000e+04, 2.74820000000000e+04, 4.37740000000000e+04, 1.04654156593435e-11]
	RefineElem[5: 6.36570000000000e+04, 1.26770000000000e+04, 1.26350000000000e+04, 1.26810000000000e+04, 1.04569173470115e-11]
	RefineElem[5: 7.10370000000000e+04, 2.58040000000000e+04, 4.14870000000000e+04, 4.14880000000000e+04, 1.04517244376226e-11]
	RefineElem[5: 8.01940000000000e+04, 4.35020000000000e+04, 4.35170000000000e+04, 4.35180000000000e+04, 1.04477777314890e-11]
	RefineElem[5: 7.40730000000000e+04, 4.21260000000000e+04, 3.87610000000000e+04, 2.38250000000000e+04, 1.04320647725079e-11]
	RefineElem[5: 9.33060000000000e+04, 4.77270000000000e+04, 4.55040000000000e+04, 4.55030000000000e+04, 1.04293920082456e-11]
	RefineElem[5: 6.27880000000000e+04, 2.56600000000000e+04, 2.56620000000000e+04, 2.55070000000000e+04, 1.04212392015895e-11]
	RefineElem[5: 5.89220000000000e+04, 2.57050000000000e+04, 2.65440000000000e+04, 2.65520000000000e+04, 1.04145560907552e-11]
	RefineElem[5: 8.61040000000000e+04, 4.53650000000000e+04, 2.10210000000000e+04, 2.10330000000000e+04, 1.04136822527267e-11]
	RefineElem[5: 7.30330000000000e+04, 2.80940000000000e+04, 4.19150000000000e+04, 4.19160000000000e+04, 1.04128970148157e-11]
	RefineElem[5: 7.53080000000000e+04, 7.91400000000000e+03, 4.13860000000000e+04, 4.23600000000000e+04, 1.04030650337289e-11]
	RefineElem[5: 2.25760000000000e+04, 2.31510000000000e+04, 2.31520000000000e+04, 2.23810000000000e+04, 1.03931171251492e-11]
	RefineElem[5: 5.24240000000000e+04, 2.37920000000000e+04, 2.37850000000000e+04, 2.37870000000000e+04, 1.03907283074711e-11]
	RefineElem[5: 7.23900000000000e+04, 2.06720000000000e+04, 2.02810000000000e+04, 4.17740000000000e+04, 1.03786964383841e-11]
	RefineElem[5: 5.52020000000000e+04, 1.13150000000000e+04, 1.13180000000000e+04, 1.22340000000000e+04, 1.03709434335012e-11]
	RefineElem[5: 7.45080000000000e+04, 9.98000000000000e+03, 4.08110000000000e+04, 4.22030000000000e+04, 1.03480700613440e-11]
	RefineElem[5: 9.72500000000000e+04, 4.90960000000000e+04, 4.05070000000000e+04, 1.92220000000000e+04, 1.03354124548604e-11]
	RefineElem[5: 9.82470000000000e+04, 4.94190000000000e+04, 4.07370000000000e+04, 4.07380000000000e+04, 1.03227867000635e-11]
	RefineElem[5: 7.08010000000000e+04, 4.11810000000000e+04, 4.04040000000000e+04, 4.14290000000000e+04, 1.03217753429305e-11]
	RefineElem[5: 7.20060000000000e+04, 1.93040000000000e+04, 4.17050000000000e+04, 4.17040000000000e+04, 1.03216517535169e-11]
	RefineElem[5: 6.86620000000000e+04, 2.40990000000000e+04, 2.33860000000000e+04, 4.08440000000000e+04, 1.03204822956354e-11]
	RefineElem[5: 7.31410000000000e+04, 4.19400000000000e+04, 1.16280000000000e+04, 1.00010000000000e+04, 1.03199221364177e-11]
	RefineElem[5: 6.75340000000000e+04, 3.84940000000000e+04, 4.03900000000000e+04, 3.84960000000000e+04, 1.03119438332636e-11]
	RefineElem[5: 7.05020000000000e+04, 4.13500000000000e+04, 4.13490000000000e+04, 3.47300000000000e+04, 1.03068378858043e-11]
	RefineElem[5: 7.57030000000000e+04, 3.61000000000000e+03, 4.32000000000000e+03, 4.24440000000000e+04, 1.03047582812210e-11]
	RefineElem[5: 5.48830000000000e+04, 8.53900000000000e+03, 8.54000000000000e+03, 8.93900000000000e+03, 1.02937390740391e-11]
	RefineElem[5: 6.88590000000000e+04, 4.09160000000000e+04, 4.09150000000000e+04, 3.49170000000000e+04, 1.02828326864338e-11]
	RefineElem[5: 7.05910000000000e+04, 4.13720000000000e+04, 3.65000000000000e+03, 3.64900000000000e+03, 1.02753555530173e-11]
	RefineElem[5: 8.48460000000000e+04, 4.47790000000000e+04, 4.13890000000000e+04, 2.46920000000000e+04, 1.02702882286293e-11]
	RefineElem[5: 8.31800000000000e+04, 4.43570000000000e+04, 2.41440000000000e+04, 4.43590000000000e+04, 1.02702304247332e-11]
	RefineElem[5: 5.42420000000000e+04, 1.06600000000000e+03, 8.68000000000000e+02, 8.78000000000000e+02, 1.02507166407782e-11]
	RefineElem[5: 6.76510000000000e+04, 3.91680000000000e+04, 2.28990000000000e+04, 4.04840000000000e+04, 1.02418863311076e-11]
	RefineElem[5: 7.20140000000000e+04, 4.17070000000000e+04, 2.12700000000000e+04, 4.16070000000000e+04, 1.02343631755067e-11]
	RefineElem[5: 7.24570000000000e+04, 2.61060000000000e+04, 4.12790000000000e+04, 4.17890000000000e+04, 1.02310095798675e-11]
	RefineElem[5: 2.73810000000000e+04, 2.88790000000000e+04, 3.91500000000000e+04, 2.68570000000000e+04, 1.02295153820665e-11]
	RefineElem[5: 9.50680000000000e+04, 4.82920000000000e+04, 4.82870000000000e+04, 4.82800000000000e+04, 1.02171181003979e-11]
	RefineElem[5: 9.60090000000000e+04, 4.85890000000000e+04, 4.07270000000000e+04, 4.07260000000000e+04, 1.02008400803557e-11]
	RefineElem[5: 6.84970000000000e+04, 2.87750000000000e+04, 2.87800000000000e+04, 4.07840000000000e+04, 1.01870061320727e-11]
	RefineElem[5: 6.98350000000000e+04, 2.30550000000000e+04, 2.30560000000000e+04, 4.11670000000000e+04, 1.01867469324644e-11]
	RefineElem[5: 7.44730000000000e+04, 4.21960000000000e+04, 3.88500000000000e+04, 2.55090000000000e+04, 1.01678185937205e-11]
	RefineElem[5: 7.13090000000000e+04, 4.15510000000000e+04, 4.15460000000000e+04, 4.15500000000000e+04, 1.01651315014061e-11]
	RefineElem[5: 5.56000000000000e+04, 2.11370000000000e+04, 2.07650000000000e+04, 2.07630000000000e+04, 1.01596283322613e-11]
	RefineElem[5: 7.85450000000000e+04, 4.09250000000000e+04, 4.09240000000000e+04, 4.31100000000000e+04, 1.01531996786852e-11]
	RefineElem[5: 7.24280000000000e+04, 7.29600000000000e+03, 7.30300000000000e+03, 4.17820000000000e+04, 1.01477587895837e-11]
	RefineElem[5: 7.31950000000000e+04, 4.19500000000000e+04, 1.44750000000000e+04, 1.35450000000000e+04, 1.01447644369418e-11]
	RefineElem[5: 6.92630000000000e+04, 4.10110000000000e+04, 4.09290000000000e+04, 2.88740000000000e+04, 1.01371096696541e-11]
	RefineElem[5: 7.39110000000000e+04, 4.21010000000000e+04, 2.14210000000000e+04, 2.14200000000000e+04, 1.01329907629914e-11]
	RefineElem[5: 6.33310000000000e+04, 1.47720000000000e+04, 1.47420000000000e+04, 1.48080000000000e+04, 1.01063422082656e-11]
	RefineElem[5: 6.76610000000000e+04, 4.04880000000000e+04, 3.60900000000000e+03, 3.59200000000000e+03, 1.00955233308540e-11]
	RefineElem[5: 7.16190000000000e+04, 2.88780000000000e+04, 4.16220000000000e+04, 2.88770000000000e+04, 1.00946128231735e-11]
	RefineElem[5: 5.88150000000000e+04, 2.52990000000000e+04, 2.53520000000000e+04, 2.53290000000000e+04, 1.00855445844635e-11]
	RefineElem[5: 7.92540000000000e+04, 4.32780000000000e+04, 2.82530000000000e+04, 2.82510000000000e+04, 1.00587684556279e-11]
	RefineElem[5: 2.37860000000000e+04, 2.07540000000000e+04, 2.07520000000000e+04, 2.31970000000000e+04, 1.00563951702264e-11]
	RefineElem[5: 6.39520000000000e+04, 2.58410000000000e+04, 2.50730000000000e+04, 2.50240000000000e+04, 1.00404956163692e-11]
	RefineElem[5: 3.68160000000000e+04, 3.60820000000000e+04, 3.61170000000000e+04, 3.61220000000000e+04, 1.00398491392595e-11]
	RefineElem[5: 7.35140000000000e+04, 4.20110000000000e+04, 2.19380000000000e+04, 4.20090000000000e+04, 1.00376449569738e-11]
	RefineElem[5: 9.50320000000000e+04, 4.82820000000000e+04, 4.57470000000000e+04, 4.57480000000000e+04, 1.00349797799037e-11]
	RefineElem[5: 7.57900000000000e+04, 4.22960000000000e+04, 4.22950000000000e+04, 4.24620000000000e+04, 1.00273772397335e-11]
	RefineElem[5: 8.57600000000000e+04, 4.52010000000000e+04, 3.49500000000000e+04, 4.07380000000000e+04, 1.00169036888202e-11]
	RefineElem[5: 1.77790000000000e+04, 1.45210000000000e+04, 1.25330000000000e+04, 1.25320000000000e+04, 1.00090935321652e-11]
	RefineElem[5: 8.05880000000000e+04, 4.36170000000000e+04, 4.08090000000000e+04, 9.98000000000000e+03, 1.00085324804467e-11]
	RefineElem[5: 1.26500000000000e+03, 2.37700000000000e+03, 2.36000000000000e+03, 2.37800000000000e+03, 9.96109596715783e-12]
	RefineElem[5: 6.98980000000000e+04, 4.11920000000000e+04, 4.11930000000000e+04, 4.11820000000000e+04, 9.96031076563402e-12]
	RefineElem[5: 6.83250000000000e+04, 4.07170000000000e+04, 4.07160000000000e+04, 2.32370000000000e+04, 9.95085461196136e-12]
	RefineElem[5: 6.39650000000000e+04, 2.46990000000000e+04, 2.47370000000000e+04, 2.45790000000000e+04, 9.94378728787455e-12]
	RefineElem[5: 8.39360000000000e+04, 4.45820000000000e+04, 4.07080000000000e+04, 4.07090000000000e+04, 9.93869454760298e-12]
	RefineElem[5: 9.87650000000000e+04, 3.50040000000000e+04, 4.95680000000000e+04, 4.95670000000000e+04, 9.93352798512554e-12]
	RefineElem[5: 6.99050000000000e+04, 4.11940000000000e+04, 4.11900000000000e+04, 4.11910000000000e+04, 9.93194810124563e-12]
	RefineElem[5: 9.31490000000000e+04, 4.76790000000000e+04, 4.76780000000000e+04, 4.39980000000000e+04, 9.91660946766566e-12]
	RefineElem[5: 7.70030000000000e+04, 2.57150000000000e+04, 2.53230000000000e+04, 4.27580000000000e+04, 9.91649328526624e-12]
	RefineElem[5: 9.85030000000000e+04, 4.07230000000000e+04, 4.07240000000000e+04, 4.94960000000000e+04, 9.90210419288531e-12]
	RefineElem[5: 6.35710000000000e+04, 6.94000000000000e+02, 3.57600000000000e+03, 3.59000000000000e+03, 9.89817640422176e-12]
	RefineElem[5: 8.40430000000000e+04, 4.07100000000000e+04, 4.07110000000000e+04, 4.46090000000000e+04, 9.89473401226685e-12]
	RefineElem[5: 7.41160000000000e+04, 2.32470000000000e+04, 4.21320000000000e+04, 4.21330000000000e+04, 9.89284596887314e-12]
	RefineElem[5: 9.99450000000000e+04, 4.99080000000000e+04, 4.49900000000000e+04, 4.99100000000000e+04, 9.87850754501527e-12]
	RefineElem[5: 7.08040000000000e+04, 4.11810000000000e+04, 4.14290000000000e+04, 4.14300000000000e+04, 9.87524327655307e-12]
	RefineElem[5: 8.44600000000000e+04, 8.75000000000000e+03, 8.74900000000000e+03, 4.47320000000000e+04, 9.87221938820465e-12]
	RefineElem[5: 7.55840000000000e+04, 4.24180000000000e+04, 8.51300000000000e+03, 4.20270000000000e+04, 9.86925702513127e-12]
	RefineElem[5: 7.10110000000000e+04, 1.35280000000000e+04, 1.35270000000000e+04, 4.14810000000000e+04, 9.86240176750116e-12]
	RefineElem[5: 2.29200000000000e+03, 5.73500000000000e+03, 5.74700000000000e+03, 3.90200000000000e+03, 9.85330598858329e-12]
	RefineElem[5: 2.44160000000000e+04, 2.17580000000000e+04, 2.40300000000000e+04, 2.39910000000000e+04, 9.84913889636624e-12]
	RefineElem[5: 8.31710000000000e+04, 4.43560000000000e+04, 2.41440000000000e+04, 4.43570000000000e+04, 9.84811184538024e-12]
	RefineElem[5: 2.27530000000000e+04, 2.31990000000000e+04, 2.32010000000000e+04, 2.31980000000000e+04, 9.84729238831202e-12]
	RefineElem[5: 7.08330000000000e+04, 4.03610000000000e+04, 4.14370000000000e+04, 2.43870000000000e+04, 9.83613662075496e-12]
	RefineElem[5: 6.99070000000000e+04, 4.11940000000000e+04, 4.11910000000000e+04, 4.11830000000000e+04, 9.81623922608330e-12]
	RefineElem[5: 6.95380000000000e+04, 4.11000000000000e+04, 1.67840000000000e+04, 1.67930000000000e+04, 9.81121920455790e-12]
	RefineElem[5: 6.92650000000000e+04, 4.10110000000000e+04, 2.88740000000000e+04, 3.91440000000000e+04, 9.77644749990879e-12]
	RefineElem[5: 7.55800000000000e+04, 4.24180000000000e+04, 4.07200000000000e+04, 8.52900000000000e+03, 9.74825252252762e-12]
	RefineElem[5: 6.64410000000000e+04, 4.00810000000000e+04, 2.03610000000000e+04, 2.77790000000000e+04, 9.74758730291797e-12]
	RefineElem[5: 6.95360000000000e+04, 1.67850000000000e+04, 4.11000000000000e+04, 1.67960000000000e+04, 9.74195511627837e-12]
	RefineElem[5: 7.78920000000000e+04, 4.29260000000000e+04, 4.28720000000000e+04, 9.88000000000000e+03, 9.72008232842004e-12]
	RefineElem[5: 9.71590000000000e+04, 4.07720000000000e+04, 4.90570000000000e+04, 4.90580000000000e+04, 9.71513514491111e-12]
	RefineElem[5: 7.30540000000000e+04, 4.19220000000000e+04, 2.82380000000000e+04, 2.82350000000000e+04, 9.69295006385459e-12]
	RefineElem[5: 9.60120000000000e+04, 4.85890000000000e+04, 4.85880000000000e+04, 4.07280000000000e+04, 9.69218992606238e-12]
	RefineElem[5: 7.12160000000000e+04, 4.15260000000000e+04, 4.15250000000000e+04, 1.00010000000000e+04, 9.69189386087622e-12]
	RefineElem[5: 6.28270000000000e+04, 3.90740000000000e+04, 2.89960000000000e+04, 2.89970000000000e+04, 9.68741012092465e-12]
	RefineElem[5: 7.13650000000000e+04, 2.27390000000000e+04, 4.15690000000000e+04, 1.67720000000000e+04, 9.66216365468417e-12]
	RefineElem[5: 6.84210000000000e+04, 2.66580000000000e+04, 2.66380000000000e+04, 4.07620000000000e+04, 9.65494011099539e-12]
	RefineElem[5: 6.64770000000000e+04, 4.00880000000000e+04, 3.94630000000000e+04, 2.03490000000000e+04, 9.65144798765888e-12]
	RefineElem[5: 9.31960000000000e+04, 4.10420000000000e+04, 2.04620000000000e+04, 4.76900000000000e+04, 9.64083112066774e-12]
	RefineElem[5: 6.74820000000000e+04, 1.95110000000000e+04, 1.94450000000000e+04, 4.03400000000000e+04, 9.63610665340289e-12]
	RefineElem[5: 6.14790000000000e+04, 2.53100000000000e+04, 2.53620000000000e+04, 2.53090000000000e+04, 9.63250822156520e-12]
	RefineElem[5: 7.46810000000000e+04, 4.22410000000000e+04, 3.89490000000000e+04, 4.22200000000000e+04, 9.62898967259511e-12]
	RefineElem[5: 7.33210000000000e+04, 2.11690000000000e+04, 2.11550000000000e+04, 4.19670000000000e+04, 9.62768328694148e-12]
	RefineElem[5: 7.85380000000000e+04, 4.31080000000000e+04, 4.09240000000000e+04, 4.09230000000000e+04, 9.62272800864304e-12]
	RefineElem[5: 3.57160000000000e+04, 3.48780000000000e+04, 3.48280000000000e+04, 3.83240000000000e+04, 9.61880139246743e-12]
	RefineElem[5: 7.18250000000000e+04, 2.54400000000000e+03, 2.53100000000000e+03, 4.16720000000000e+04, 9.61324770321770e-12]
	RefineElem[5: 6.76350000000000e+04, 2.31300000000000e+04, 2.31290000000000e+04, 4.04760000000000e+04, 9.60055872790116e-12]
	RefineElem[5: 5.88190000000000e+04, 2.53610000000000e+04, 3.87990000000000e+04, 2.57240000000000e+04, 9.60046410235586e-12]
	RefineElem[5: 7.48540000000000e+04, 4.22890000000000e+04, 2.91520000000000e+04, 4.05740000000000e+04, 9.57406997348656e-12]
	RefineElem[5: 8.39450000000000e+04, 2.31550000000000e+04, 4.07080000000000e+04, 4.45840000000000e+04, 9.57300359167352e-12]
	RefineElem[5: 8.39290000000000e+04, 4.45800000000000e+04, 4.07090000000000e+04, 4.07100000000000e+04, 9.57217965416619e-12]
	RefineElem[5: 7.41870000000000e+04, 4.21480000000000e+04, 7.41600000000000e+03, 7.74400000000000e+03, 9.57052990815382e-12]
	RefineElem[5: 7.85330000000000e+04, 4.31060000000000e+04, 4.09230000000000e+04, 2.07900000000000e+04, 9.56269022904306e-12]
	RefineElem[5: 9.50040000000000e+04, 4.82690000000000e+04, 2.32090000000000e+04, 4.82740000000000e+04, 9.56218572877168e-12]
	RefineElem[5: 7.01870000000000e+04, 4.12700000000000e+04, 4.12690000000000e+04, 4.11840000000000e+04, 9.55555165582914e-12]
	RefineElem[5: 2.55190000000000e+04, 2.83370000000000e+04, 2.83380000000000e+04, 2.83280000000000e+04, 9.55405277135925e-12]
	RefineElem[5: 9.67650000000000e+04, 4.88680000000000e+04, 4.04160000000000e+04, 4.67210000000000e+04, 9.55211350160192e-12]
	RefineElem[5: 7.26270000000000e+04, 4.18310000000000e+04, 2.74760000000000e+04, 4.15820000000000e+04, 9.55068174192662e-12]
	RefineElem[5: 7.41780000000000e+04, 4.06180000000000e+04, 4.21460000000000e+04, 4.21470000000000e+04, 9.54679759179791e-12]
	RefineElem[5: 7.26760000000000e+04, 4.18470000000000e+04, 6.95000000000000e+02, 7.04000000000000e+02, 9.54210837202522e-12]
	RefineElem[5: 6.85000000000000e+04, 4.07840000000000e+04, 2.70190000000000e+04, 2.70570000000000e+04, 9.51202239668002e-12]
	RefineElem[5: 7.68820000000000e+04, 2.16850000000000e+04, 2.38610000000000e+04, 4.27430000000000e+04, 9.50774434317180e-12]
	RefineElem[5: 7.41600000000000e+04, 4.21430000000000e+04, 2.04140000000000e+04, 2.03920000000000e+04, 9.50493324801870e-12]
	RefineElem[5: 7.33130000000000e+04, 1.25630000000000e+04, 1.26050000000000e+04, 4.19660000000000e+04, 9.48914875492381e-12]
	RefineElem[5: 7.41910000000000e+04, 4.21490000000000e+04, 4.21480000000000e+04, 7.83300000000000e+03, 9.48031732173895e-12]
	RefineElem[5: 7.38580000000000e+04, 2.18480000000000e+04, 2.17950000000000e+04, 4.20940000000000e+04, 9.47879790482381e-12]
	RefineElem[5: 1.91070000000000e+04, 1.72680000000000e+04, 1.72670000000000e+04, 1.72390000000000e+04, 9.47703372210678e-12]
	RefineElem[5: 6.41710000000000e+04, 1.47420000000000e+04, 1.47430000000000e+04, 1.48080000000000e+04, 9.47141939376210e-12]
	RefineElem[5: 7.15400000000000e+04, 4.16080000000000e+04, 2.13870000000000e+04, 2.13910000000000e+04, 9.46989670155231e-12]
	RefineElem[5: 8.31910000000000e+04, 4.43610000000000e+04, 2.41470000000000e+04, 4.43570000000000e+04, 9.46627086334113e-12]
	RefineElem[5: 9.57100000000000e+04, 4.84960000000000e+04, 2.82460000000000e+04, 4.84950000000000e+04, 9.45805555389163e-12]
	RefineElem[5: 9.50480000000000e+04, 4.82800000000000e+04, 4.82870000000000e+04, 2.82600000000000e+04, 9.45720094837580e-12]
	RefineElem[5: 9.68580000000000e+04, 4.89110000000000e+04, 4.20260000000000e+04, 4.89100000000000e+04, 9.45145267423083e-12]
	RefineElem[5: 7.11170000000000e+04, 8.37000000000000e+02, 4.15000000000000e+03, 4.15060000000000e+04, 9.44942804745296e-12]
	RefineElem[5: 7.31700000000000e+04, 7.36500000000000e+03, 7.39400000000000e+03, 4.19450000000000e+04, 9.43183266115913e-12]
	RefineElem[5: 7.00550000000000e+04, 4.12410000000000e+04, 4.08480000000000e+04, 2.18280000000000e+04, 9.43152156970717e-12]
	RefineElem[5: 9.50650000000000e+04, 4.57480000000000e+04, 4.57490000000000e+04, 4.82920000000000e+04, 9.41379819492016e-12]
	RefineElem[5: 7.22860000000000e+04, 2.18090000000000e+04, 4.17600000000000e+04, 2.18450000000000e+04, 9.41076956622848e-12]
	RefineElem[5: 2.27510000000000e+04, 2.32030000000000e+04, 2.32040000000000e+04, 2.32020000000000e+04, 9.40315339552776e-12]
	RefineElem[5: 6.96450000000000e+04, 2.36030000000000e+04, 2.35790000000000e+04, 4.11150000000000e+04, 9.40234063041056e-12]
	RefineElem[5: 7.27360000000000e+04, 4.18590000000000e+04, 3.94830000000000e+04, 3.95270000000000e+04, 9.39779845253604e-12]
	RefineElem[5: 7.13950000000000e+04, 2.13350000000000e+04, 1.93600000000000e+04, 4.15800000000000e+04, 9.34736434685201e-12]
	RefineElem[5: 7.24630000000000e+04, 4.12810000000000e+04, 2.60680000000000e+04, 4.17890000000000e+04, 9.34353546839964e-12]
	RefineElem[5: 7.51300000000000e+04, 4.23390000000000e+04, 2.14820000000000e+04, 2.05530000000000e+04, 9.34319319068360e-12]
	RefineElem[5: 7.16590000000000e+04, 3.89630000000000e+04, 3.49060000000000e+04, 4.16320000000000e+04, 9.34110165015505e-12]
	RefineElem[5: 6.52140000000000e+04, 2.78770000000000e+04, 2.78130000000000e+04, 2.78840000000000e+04, 9.33845159235480e-12]
	RefineElem[5: 5.25250000000000e+04, 3.90730000000000e+04, 2.53890000000000e+04, 2.53780000000000e+04, 9.32955497865071e-12]
	RefineElem[5: 7.77760000000000e+04, 4.29090000000000e+04, 1.33970000000000e+04, 4.11280000000000e+04, 9.32415266231323e-12]
	RefineElem[5: 7.45800000000000e+04, 2.12980000000000e+04, 1.93800000000000e+04, 4.22120000000000e+04, 9.32087810498076e-12]
	RefineElem[5: 8.30580000000000e+04, 4.43270000000000e+04, 1.91970000000000e+04, 1.91880000000000e+04, 9.32045725405049e-12]
	RefineElem[5: 7.03740000000000e+04, 4.13150000000000e+04, 1.54230000000000e+04, 1.54240000000000e+04, 9.31632279385020e-12]
	RefineElem[5: 6.39670000000000e+04, 2.45790000000000e+04, 2.46680000000000e+04, 2.47400000000000e+04, 9.30974657263315e-12]
	RefineElem[5: 7.06890000000000e+04, 4.86100000000000e+03, 4.13940000000000e+04, 3.58400000000000e+03, 9.30864152033190e-12]
	RefineElem[5: 7.37620000000000e+04, 7.39900000000000e+03, 7.41100000000000e+03, 4.20660000000000e+04, 9.27596280094881e-12]
	RefineElem[5: 1.77800000000000e+04, 1.25330000000000e+04, 1.45210000000000e+04, 1.45140000000000e+04, 9.27172626316911e-12]
	RefineElem[5: 2.19370000000000e+04, 2.03840000000000e+04, 2.04130000000000e+04, 2.06260000000000e+04, 9.26293657481995e-12]
	RefineElem[5: 5.98480000000000e+04, 2.71480000000000e+04, 2.71400000000000e+04, 2.87460000000000e+04, 9.24587329952156e-12]
	RefineElem[5: 9.63330000000000e+04, 4.40280000000000e+04, 4.86940000000000e+04, 4.40290000000000e+04, 9.24462950435025e-12]
	RefineElem[5: 6.35910000000000e+04, 4.23300000000000e+03, 3.64000000000000e+03, 3.61800000000000e+03, 9.24374583448499e-12]
	RefineElem[5: 9.54200000000000e+04, 4.84090000000000e+04, 4.03430000000000e+04, 3.47770000000000e+04, 9.23957102649185e-12]
	RefineElem[5: 7.13450000000000e+04, 4.15510000000000e+04, 4.15640000000000e+04, 4.15520000000000e+04, 9.23865525035498e-12]
	RefineElem[5: 7.67450000000000e+04, 2.26110000000000e+04, 2.26130000000000e+04, 4.27250000000000e+04, 9.23676023523548e-12]
	RefineElem[5: 7.99090000000000e+04, 4.34520000000000e+04, 2.82540000000000e+04, 2.82530000000000e+04, 9.22949010584047e-12]
	RefineElem[5: 9.52210000000000e+04, 4.83400000000000e+04, 3.49860000000000e+04, 4.83430000000000e+04, 9.22189121913215e-12]
	RefineElem[5: 9.55940000000000e+04, 4.84670000000000e+04, 4.53610000000000e+04, 4.53620000000000e+04, 9.21079780133260e-12]
	RefineElem[5: 7.43250000000000e+04, 4.21670000000000e+04, 4.20580000000000e+04, 2.28310000000000e+04, 9.21040442566627e-12]
	RefineElem[5: 6.39220000000000e+04, 2.00150000000000e+04, 2.00180000000000e+04, 2.00820000000000e+04, 9.20509764219777e-12]
	RefineElem[5: 6.40620000000000e+04, 1.34570000000000e+04, 1.34830000000000e+04, 1.34800000000000e+04, 9.20474489947652e-12]
	RefineElem[5: 3.58410000000000e+04, 3.74440000000000e+04, 3.50210000000000e+04, 3.50220000000000e+04, 9.19816889599428e-12]
	RefineElem[5: 9.55340000000000e+04, 4.58140000000000e+04, 4.58130000000000e+04, 4.84440000000000e+04, 9.19625524372719e-12]
	RefineElem[5: 6.94080000000000e+04, 4.10600000000000e+04, 3.92000000000000e+04, 2.03530000000000e+04, 9.19307884269136e-12]
	RefineElem[5: 6.87420000000000e+04, 5.93500000000000e+03, 3.57700000000000e+03, 4.08700000000000e+04, 9.17735694685240e-12]
	RefineElem[5: 8.40240000000000e+04, 4.19040000000000e+04, 4.19030000000000e+04, 4.46040000000000e+04, 9.17257662388014e-12]
	RefineElem[5: 7.24770000000000e+04, 4.17910000000000e+04, 4.12750000000000e+04, 1.67650000000000e+04, 9.16971776136472e-12]
	RefineElem[5: 2.21420000000000e+04, 2.17810000000000e+04, 2.17860000000000e+04, 2.17820000000000e+04, 9.16270683589344e-12]
	RefineElem[5: 9.52080000000000e+04, 4.83370000000000e+04, 4.83380000000000e+04, 4.50140000000000e+04, 9.15408990652567e-12]
	RefineElem[5: 6.92550000000000e+04, 3.84920000000000e+04, 3.84900000000000e+04, 4.10080000000000e+04, 9.14625352547062e-12]
	RefineElem[5: 1.87510000000000e+04, 1.70460000000000e+04, 1.70500000000000e+04, 1.70360000000000e+04, 9.14180387804173e-12]
	RefineElem[5: 7.04830000000000e+04, 4.13460000000000e+04, 4.13450000000000e+04, 2.39490000000000e+04, 9.14030248356323e-12]
	RefineElem[5: 7.08350000000000e+04, 2.43860000000000e+04, 2.43870000000000e+04, 4.14370000000000e+04, 9.13845024739133e-12]
	RefineElem[5: 7.48860000000000e+04, 4.22960000000000e+04, 4.22940000000000e+04, 4.22950000000000e+04, 9.13208530744253e-12]
	RefineElem[5: 7.70100000000000e+04, 4.27580000000000e+04, 2.55590000000000e+04, 2.57080000000000e+04, 9.12353501844892e-12]
	RefineElem[5: 7.43100000000000e+04, 4.21650000000000e+04, 3.72900000000000e+04, 3.48850000000000e+04, 9.11464976118770e-12]
	RefineElem[5: 5.91050000000000e+04, 1.14110000000000e+04, 1.13880000000000e+04, 1.23680000000000e+04, 9.10852083408673e-12]
	RefineElem[5: 6.51020000000000e+04, 2.81190000000000e+04, 2.81130000000000e+04, 2.79470000000000e+04, 9.10147160362145e-12]
	RefineElem[5: 7.36210000000000e+04, 4.20360000000000e+04, 2.02040000000000e+04, 2.01430000000000e+04, 9.09777691777398e-12]
	RefineElem[5: 4.71360000000000e+04, 3.90740000000000e+04, 3.92810000000000e+04, 1.92140000000000e+04, 9.09067021462798e-12]
	RefineElem[5: 1.01170000000000e+04, 1.13290000000000e+04, 1.00570000000000e+04, 1.12950000000000e+04, 9.08611542882248e-12]
	RefineElem[5: 5.79730000000000e+04, 2.71550000000000e+04, 2.71620000000000e+04, 2.72130000000000e+04, 9.07454494840754e-12]
	RefineElem[5: 1.01991000000000e+05, 5.06100000000000e+04, 5.06050000000000e+04, 5.06110000000000e+04, 9.06233155776524e-12]
	RefineElem[5: 9.91680000000000e+04, 4.96770000000000e+04, 4.40310000000000e+04, 3.47630000000000e+04, 9.05413852254302e-12]
	RefineElem[5: 6.83500000000000e+04, 4.07220000000000e+04, 4.07230000000000e+04, 4.05020000000000e+04, 9.04810310954276e-12]
	RefineElem[5: 7.85460000000000e+04, 4.09270000000000e+04, 4.09260000000000e+04, 4.31110000000000e+04, 9.03873838914602e-12]
	RefineElem[5: 7.16400000000000e+03, 7.14000000000000e+02, 7.09000000000000e+02, 3.59500000000000e+03, 9.03705888315769e-12]
	RefineElem[5: 5.68540000000000e+04, 4.69400000000000e+03, 3.58500000000000e+03, 4.71400000000000e+03, 9.02765012217041e-12]
	RefineElem[5: 7.88240000000000e+04, 4.31720000000000e+04, 4.05610000000000e+04, 2.58470000000000e+04, 9.02733301192697e-12]
	RefineElem[5: 9.50020000000000e+04, 2.07230000000000e+04, 4.57410000000000e+04, 4.82740000000000e+04, 8.99689039129230e-12]
	RefineElem[5: 7.05960000000000e+04, 4.26200000000000e+03, 4.13720000000000e+04, 3.63400000000000e+03, 8.99652045968788e-12]
	RefineElem[5: 6.78060000000000e+04, 4.05490000000000e+04, 3.48000000000000e+04, 3.47270000000000e+04, 8.99385122498153e-12]
	RefineElem[5: 9.57170000000000e+04, 4.84970000000000e+04, 4.53630000000000e+04, 4.53640000000000e+04, 8.99347582104517e-12]
	RefineElem[5: 6.26590000000000e+04, 2.25350000000000e+04, 2.24850000000000e+04, 2.25630000000000e+04, 8.98855454093830e-12]
	RefineElem[5: 7.12360000000000e+04, 2.82560000000000e+04, 2.82520000000000e+04, 4.15290000000000e+04, 8.98800641386255e-12]
	RefineElem[5: 7.30510000000000e+04, 2.87780000000000e+04, 4.06030000000000e+04, 4.19210000000000e+04, 8.98675137183635e-12]
	RefineElem[5: 6.65620000000000e+04, 4.01040000000000e+04, 3.93260000000000e+04, 2.12700000000000e+04, 8.98027258655737e-12]
	RefineElem[5: 9.33840000000000e+04, 4.77590000000000e+04, 4.24030000000000e+04, 2.41500000000000e+04, 8.97662580719951e-12]
	RefineElem[5: 8.01450000000000e+04, 2.31850000000000e+04, 4.35030000000000e+04, 2.31880000000000e+04, 8.97074825227161e-12]
	RefineElem[5: 9.50600000000000e+04, 4.82900000000000e+04, 4.57490000000000e+04, 4.57500000000000e+04, 8.96941346738248e-12]
	RefineElem[5: 8.25470000000000e+04, 2.79460000000000e+04, 4.41980000000000e+04, 4.08580000000000e+04, 8.96901038909047e-12]
	RefineElem[5: 7.09940000000000e+04, 3.87290000000000e+04, 3.49090000000000e+04, 4.14780000000000e+04, 8.95509313060971e-12]
	RefineElem[5: 7.24110000000000e+04, 4.17800000000000e+04, 4.17790000000000e+04, 4.04300000000000e+04, 8.94208009132693e-12]
	RefineElem[5: 7.43840000000000e+04, 4.21780000000000e+04, 6.46300000000000e+03, 5.60400000000000e+03, 8.94122579244780e-12]
	RefineElem[5: 7.10530000000000e+04, 4.14930000000000e+04, 1.16430000000000e+04, 1.06860000000000e+04, 8.93767960361892e-12]
	RefineElem[5: 6.85710000000000e+04, 1.95080000000000e+04, 4.03400000000000e+04, 4.08150000000000e+04, 8.92296741729391e-12]
	RefineElem[5: 7.69570000000000e+04, 4.27520000000000e+04, 2.38720000000000e+04, 2.16930000000000e+04, 8.92213834287858e-12]
	RefineElem[5: 7.36910000000000e+04, 4.20520000000000e+04, 2.88810000000000e+04, 2.68870000000000e+04, 8.90135862081726e-12]
	RefineElem[5: 1.02511000000000e+05, 3.50110000000000e+04, 4.89060000000000e+04, 5.07490000000000e+04, 8.89846778926260e-12]
	RefineElem[5: 6.82130000000000e+04, 3.50260000000000e+04, 4.06890000000000e+04, 3.49450000000000e+04, 8.89271966884943e-12]
	RefineElem[5: 9.55450000000000e+04, 4.84480000000000e+04, 4.58120000000000e+04, 2.00300000000000e+04, 8.88347830827611e-12]
	RefineElem[5: 6.77050000000000e+04, 4.05150000000000e+04, 2.11390000000000e+04, 2.11360000000000e+04, 8.88269011256576e-12]
	RefineElem[5: 5.55950000000000e+04, 2.07410000000000e+04, 2.07400000000000e+04, 2.07310000000000e+04, 8.85597701701882e-12]
	RefineElem[5: 1.78880000000000e+04, 1.35440000000000e+04, 1.35480000000000e+04, 1.54580000000000e+04, 8.85588308598048e-12]
	RefineElem[5: 6.82790000000000e+04, 2.00170000000000e+04, 2.00980000000000e+04, 4.07060000000000e+04, 8.83774117687419e-12]
	RefineElem[5: 7.04100000000000e+04, 1.93590000000000e+04, 1.93520000000000e+04, 4.13270000000000e+04, 8.83409453456265e-12]
	RefineElem[5: 7.86120000000000e+04, 2.82340000000000e+04, 2.87720000000000e+04, 4.31300000000000e+04, 8.83086143169596e-12]
	RefineElem[5: 4.98040000000000e+04, 3.95290000000000e+04, 3.84770000000000e+04, 3.84750000000000e+04, 8.83059044026000e-12]
	RefineElem[5: 6.58620000000000e+04, 1.67420000000000e+04, 2.27300000000000e+04, 2.27270000000000e+04, 8.82960117648184e-12]
	RefineElem[5: 7.34960000000000e+04, 4.20050000000000e+04, 4.04060000000000e+04, 2.18590000000000e+04, 8.82353519684146e-12]
	RefineElem[5: 1.83470000000000e+04, 1.67490000000000e+04, 1.67590000000000e+04, 1.67600000000000e+04, 8.82229160531093e-12]
	RefineElem[5: 9.41780000000000e+04, 4.80010000000000e+04, 4.07700000000000e+04, 4.80080000000000e+04, 8.81820726454577e-12]
	RefineElem[5: 7.40370000000000e+04, 4.21210000000000e+04, 1.00110000000000e+04, 4.10740000000000e+04, 8.81414568164968e-12]
	RefineElem[5: 7.43470000000000e+04, 9.68000000000000e+03, 9.65200000000000e+03, 4.21690000000000e+04, 8.80379714589606e-12]
	RefineElem[5: 9.15480000000000e+04, 4.72110000000000e+04, 1.24950000000000e+04, 4.22010000000000e+04, 8.79963369907357e-12]
	RefineElem[5: 3.46320000000000e+04, 3.41080000000000e+04, 3.41090000000000e+04, 3.41060000000000e+04, 8.79910590043483e-12]
	RefineElem[5: 7.27410000000000e+04, 2.30560000000000e+04, 4.18610000000000e+04, 4.11670000000000e+04, 8.79804105128270e-12]
	RefineElem[5: 8.60970000000000e+04, 4.53640000000000e+04, 4.53630000000000e+04, 4.53590000000000e+04, 8.79627340076999e-12]
	RefineElem[5: 7.08100000000000e+04, 4.14320000000000e+04, 4.14310000000000e+04, 4.11850000000000e+04, 8.79130779677207e-12]
	RefineElem[5: 7.07580000000000e+04, 2.57490000000000e+04, 2.51840000000000e+04, 4.14160000000000e+04, 8.78903580748338e-12]
	RefineElem[5: 7.07410000000000e+04, 4.14110000000000e+04, 2.57400000000000e+04, 4.05440000000000e+04, 8.78738446573740e-12]
	RefineElem[5: 9.49620000000000e+04, 3.59850000000000e+04, 4.52240000000000e+04, 4.82630000000000e+04, 8.78635161689169e-12]
	RefineElem[5: 7.59730000000000e+04, 1.15980000000000e+04, 1.15970000000000e+04, 4.25050000000000e+04, 8.78016113452421e-12]
	RefineElem[5: 5.23810000000000e+04, 2.32100000000000e+04, 2.32260000000000e+04, 2.32300000000000e+04, 8.77620289041101e-12]
	RefineElem[5: 7.22810000000000e+04, 4.17580000000000e+04, 4.05030000000000e+04, 4.17570000000000e+04, 8.76081994571121e-12]
	RefineElem[5: 6.26120000000000e+04, 2.38630000000000e+04, 3.90540000000000e+04, 2.16860000000000e+04, 8.75901744199325e-12]
	RefineElem[5: 9.83680000000000e+04, 4.94560000000000e+04, 2.55300000000000e+04, 2.55320000000000e+04, 8.75117920884769e-12]
	RefineElem[5: 6.78750000000000e+04, 4.05750000000000e+04, 3.48000000000000e+04, 3.47620000000000e+04, 8.73288647862978e-12]
	RefineElem[5: 6.87980000000000e+04, 4.04970000000000e+04, 4.04980000000000e+04, 4.09000000000000e+04, 8.73186711857308e-12]
	RefineElem[5: 6.96260000000000e+04, 9.00000000000000e+02, 7.43000000000000e+02, 4.11120000000000e+04, 8.72466272519889e-12]
	RefineElem[5: 2.06500000000000e+03, 4.83600000000000e+03, 3.57400000000000e+03, 3.58000000000000e+03, 8.72241800327116e-12]
	RefineElem[5: 7.01320000000000e+04, 3.48530000000000e+04, 4.12610000000000e+04, 4.06660000000000e+04, 8.70533685635255e-12]
	RefineElem[5: 6.99150000000000e+04, 4.11960000000000e+04, 8.92500000000000e+03, 8.92200000000000e+03, 8.70183938854042e-12]
	RefineElem[5: 6.84780000000000e+04, 3.98610000000000e+04, 4.07810000000000e+04, 3.98590000000000e+04, 8.69987583940038e-12]
	RefineElem[5: 7.81250000000000e+04, 2.09550000000000e+04, 4.17170000000000e+04, 4.29800000000000e+04, 8.69582425060161e-12]
	RefineElem[5: 6.77560000000000e+04, 2.39630000000000e+04, 2.39570000000000e+04, 4.05260000000000e+04, 8.69288375035672e-12]
	RefineElem[5: 7.15960000000000e+04, 2.82950000000000e+04, 2.82940000000000e+04, 4.16190000000000e+04, 8.68984873714393e-12]
	RefineElem[5: 6.82580000000000e+04, 4.05540000000000e+04, 2.52450000000000e+04, 4.07000000000000e+04, 8.68900025136760e-12]
	RefineElem[5: 6.80230000000000e+04, 4.06140000000000e+04, 2.88830000000000e+04, 2.69030000000000e+04, 8.68398548148465e-12]
	RefineElem[5: 7.07250000000000e+04, 2.83140000000000e+04, 2.83450000000000e+04, 4.14060000000000e+04, 8.67816328021870e-12]
	RefineElem[5: 8.66070000000000e+04, 2.90220000000000e+04, 2.67540000000000e+04, 4.55710000000000e+04, 8.66166727702422e-12]
	RefineElem[5: 6.85800000000000e+04, 2.02730000000000e+04, 2.02740000000000e+04, 4.08160000000000e+04, 8.64519630143069e-12]
	RefineElem[5: 4.87440000000000e+04, 3.95920000000000e+04, 3.77980000000000e+04, 3.95910000000000e+04, 8.63428837729846e-12]
	RefineElem[5: 6.94440000000000e+04, 3.58300000000000e+03, 3.61200000000000e+03, 4.10730000000000e+04, 8.62645702106494e-12]
	RefineElem[5: 6.80630000000000e+04, 2.69800000000000e+04, 2.69790000000000e+04, 4.06370000000000e+04, 8.60802573043673e-12]
	RefineElem[5: 9.41420000000000e+04, 4.79970000000000e+04, 4.04450000000000e+04, 2.01100000000000e+04, 8.59514011058771e-12]
	RefineElem[5: 7.10330000000000e+04, 2.58020000000000e+04, 2.58010000000000e+04, 4.14860000000000e+04, 8.59132536051447e-12]
	RefineElem[5: 6.94190000000000e+04, 4.10690000000000e+04, 4.07180000000000e+04, 2.31780000000000e+04, 8.58966487017889e-12]
	RefineElem[5: 7.72260000000000e+04, 4.27920000000000e+04, 4.27910000000000e+04, 2.29140000000000e+04, 8.58776314819175e-12]
	RefineElem[5: 5.94120000000000e+04, 6.26500000000000e+03, 6.26400000000000e+03, 3.58200000000000e+03, 8.57094980548174e-12]
	RefineElem[5: 6.96020000000000e+04, 4.10730000000000e+04, 3.61200000000000e+03, 4.11070000000000e+04, 8.56568402684111e-12]
	RefineElem[5: 6.93990000000000e+04, 2.06730000000000e+04, 4.04970000000000e+04, 4.10580000000000e+04, 8.56188191047388e-12]
	RefineElem[5: 7.67520000000000e+04, 2.26420000000000e+04, 2.26120000000000e+04, 4.27250000000000e+04, 8.55959937826608e-12]
	RefineElem[5: 6.87190000000000e+04, 4.08630000000000e+04, 2.31490000000000e+04, 2.24750000000000e+04, 8.54909255986209e-12]
	RefineElem[5: 7.14760000000000e+04, 1.15870000000000e+04, 9.87300000000000e+03, 4.15930000000000e+04, 8.54330367538003e-12]
	RefineElem[5: 9.55380000000000e+04, 4.58130000000000e+04, 4.58120000000000e+04, 4.84460000000000e+04, 8.53898670283561e-12]
	RefineElem[5: 6.65890000000000e+04, 4.01090000000000e+04, 3.94050000000000e+04, 2.12800000000000e+04, 8.53175692884898e-12]
	RefineElem[5: 6.87790000000000e+04, 4.08940000000000e+04, 2.04750000000000e+04, 3.93380000000000e+04, 8.52844930810782e-12]
	RefineElem[5: 7.20100000000000e+04, 4.17070000000000e+04, 4.17060000000000e+04, 1.93040000000000e+04, 8.52314685758126e-12]
	RefineElem[5: 4.98370000000000e+04, 3.84930000000000e+04, 3.84950000000000e+04, 3.84990000000000e+04, 8.52166861479686e-12]
	RefineElem[5: 9.72910000000000e+04, 4.91200000000000e+04, 4.91150000000000e+04, 4.90950000000000e+04, 8.51190715593939e-12]
	RefineElem[5: 7.04730000000000e+04, 2.82850000000000e+04, 2.57530000000000e+04, 4.13430000000000e+04, 8.48403991472874e-12]
	RefineElem[5: 6.64330000000000e+04, 4.00800000000000e+04, 3.94130000000000e+04, 2.77790000000000e+04, 8.48138736559715e-12]
	RefineElem[5: 8.36360000000000e+04, 4.04720000000000e+04, 4.44850000000000e+04, 2.79230000000000e+04, 8.48040837452618e-12]
	RefineElem[5: 7.15020000000000e+04, 4.16000000000000e+04, 4.05860000000000e+04, 2.45370000000000e+04, 8.47716897021680e-12]
	RefineElem[5: 7.04690000000000e+04, 4.13430000000000e+04, 2.57520000000000e+04, 2.82860000000000e+04, 8.47107847878867e-12]
	RefineElem[5: 6.25620000000000e+04, 2.00470000000000e+04, 2.00780000000000e+04, 2.00480000000000e+04, 8.46954533443898e-12]
	RefineElem[5: 1.01976000000000e+05, 5.06040000000000e+04, 5.06060000000000e+04, 3.48390000000000e+04, 8.46819121026384e-12]
	RefineElem[5: 6.89230000000000e+04, 2.42830000000000e+04, 2.42490000000000e+04, 4.09330000000000e+04, 8.46671203299467e-12]
	RefineElem[5: 5.50220000000000e+04, 9.87200000000000e+03, 1.01150000000000e+04, 1.15530000000000e+04, 8.45921174808642e-12]
	RefineElem[5: 7.14150000000000e+04, 2.75540000000000e+04, 4.15840000000000e+04, 4.15830000000000e+04, 8.45895176922771e-12]
	RefineElem[5: 9.85000000000000e+04, 4.94940000000000e+04, 4.07240000000000e+04, 4.07250000000000e+04, 8.45548542515879e-12]
	RefineElem[5: 8.55490000000000e+04, 1.25740000000000e+04, 1.25640000000000e+04, 4.50680000000000e+04, 8.45097923336074e-12]
	RefineElem[5: 7.84420000000000e+04, 4.30780000000000e+04, 4.06390000000000e+04, 2.10670000000000e+04, 8.44915501066523e-12]
	RefineElem[5: 7.13420000000000e+04, 2.25270000000000e+04, 4.15630000000000e+04, 4.04270000000000e+04, 8.44910000234600e-12]
	RefineElem[5: 7.33790000000000e+04, 2.87760000000000e+04, 2.11410000000000e+04, 4.19810000000000e+04, 8.44413590356883e-12]
	RefineElem[5: 7.08210000000000e+04, 2.57650000000000e+04, 4.14340000000000e+04, 2.82750000000000e+04, 8.43818089885707e-12]
	RefineElem[5: 6.86250000000000e+04, 4.08240000000000e+04, 2.01100000000000e+04, 4.04450000000000e+04, 8.39644658012634e-12]
	RefineElem[5: 7.19570000000000e+04, 2.45100000000000e+04, 2.62530000000000e+04, 4.16970000000000e+04, 8.39471009300988e-12]
	RefineElem[5: 3.46270000000000e+04, 3.41010000000000e+04, 3.41000000000000e+04, 3.41020000000000e+04, 8.39017428533060e-12]
	RefineElem[5: 7.11980000000000e+04, 2.68910000000000e+04, 2.68920000000000e+04, 4.15220000000000e+04, 8.37616606249948e-12]
	RefineElem[5: 7.71590000000000e+04, 4.27770000000000e+04, 1.63860000000000e+04, 1.45770000000000e+04, 8.37495751002334e-12]
	RefineElem[5: 7.08230000000000e+04, 4.14340000000000e+04, 2.57630000000000e+04, 2.82760000000000e+04, 8.36797658152923e-12]
	RefineElem[5: 8.99850000000000e+04, 4.67410000000000e+04, 4.36840000000000e+04, 2.41470000000000e+04, 8.36604654908639e-12]
	RefineElem[5: 7.28960000000000e+04, 4.18830000000000e+04, 2.03470000000000e+04, 2.77870000000000e+04, 8.36435348212006e-12]
	RefineElem[5: 2.21010000000000e+04, 2.07060000000000e+04, 2.07040000000000e+04, 2.06990000000000e+04, 8.36031987804610e-12]
	RefineElem[5: 5.86340000000000e+04, 1.46340000000000e+04, 1.46390000000000e+04, 1.46870000000000e+04, 8.35507982001881e-12]
	RefineElem[5: 9.83170000000000e+04, 4.94400000000000e+04, 2.04870000000000e+04, 2.04890000000000e+04, 8.34747473053278e-12]
	RefineElem[5: 4.45940000000000e+04, 2.82430000000000e+04, 2.82410000000000e+04, 2.07640000000000e+04, 8.34309310084746e-12]
	RefineElem[5: 7.40100000000000e+04, 2.62010000000000e+04, 2.61940000000000e+04, 4.21160000000000e+04, 8.31184728466207e-12]
	RefineElem[5: 6.79300000000000e+04, 4.05900000000000e+04, 2.66370000000000e+04, 2.66270000000000e+04, 8.30775133146225e-12]
	RefineElem[5: 5.70490000000000e+04, 7.94700000000000e+03, 7.35700000000000e+03, 8.12600000000000e+03, 8.29945175642265e-12]
	RefineElem[5: 9.55620000000000e+04, 4.84540000000000e+04, 4.58150000000000e+04, 4.58140000000000e+04, 8.29717322839938e-12]
	RefineElem[5: 7.00020000000000e+04, 2.21050000000000e+04, 2.20930000000000e+04, 4.12270000000000e+04, 8.29266938763466e-12]
	RefineElem[5: 7.32180000000000e+04, 4.10710000000000e+04, 2.53950000000000e+04, 4.19520000000000e+04, 8.28117996263613e-12]
	RefineElem[5: 7.82110000000000e+04, 4.23670000000000e+04, 4.12910000000000e+04, 4.30200000000000e+04, 8.26866289265848e-12]
	RefineElem[5: 7.01050000000000e+04, 2.44080000000000e+04, 4.12510000000000e+04, 2.44150000000000e+04, 8.26756171567480e-12]
	RefineElem[5: 7.12780000000000e+04, 4.15410000000000e+04, 2.54020000000000e+04, 2.54000000000000e+04, 8.25941166419424e-12]
	RefineElem[5: 6.82830000000000e+04, 2.50530000000000e+04, 2.50520000000000e+04, 4.07070000000000e+04, 8.25277867191965e-12]
	RefineElem[5: 8.61290000000000e+04, 2.79080000000000e+04, 2.80450000000000e+04, 4.53780000000000e+04, 8.24989682346027e-12]
	RefineElem[5: 6.41640000000000e+04, 1.26760000000000e+04, 1.27430000000000e+04, 1.27440000000000e+04, 8.24391755503208e-12]
	RefineElem[5: 9.36300000000000e+04, 3.40610000000000e+04, 4.49300000000000e+04, 4.78250000000000e+04, 8.24314284476030e-12]
	RefineElem[5: 2.29430000000000e+04, 2.14150000000000e+04, 2.39390000000000e+04, 2.39380000000000e+04, 8.23830579811597e-12]
	RefineElem[5: 9.17480000000000e+04, 4.72740000000000e+04, 4.49970000000000e+04, 3.49260000000000e+04, 8.23166050325046e-12]
	RefineElem[5: 2.29440000000000e+04, 2.39380000000000e+04, 2.39400000000000e+04, 2.14160000000000e+04, 8.23068472704190e-12]
	RefineElem[5: 7.85880000000000e+04, 4.31230000000000e+04, 2.31580000000000e+04, 2.07890000000000e+04, 8.22938600833169e-12]
	RefineElem[5: 7.78900000000000e+04, 3.17800000000000e+03, 3.56900000000000e+03, 4.29250000000000e+04, 8.22934723218767e-12]
	RefineElem[5: 5.60100000000000e+04, 2.78330000000000e+04, 2.78270000000000e+04, 2.77280000000000e+04, 8.22136340338521e-12]
	RefineElem[5: 6.39620000000000e+04, 1.95570000000000e+04, 1.96460000000000e+04, 1.97140000000000e+04, 8.22111893295377e-12]
	RefineElem[5: 6.64340000000000e+04, 4.00800000000000e+04, 3.92400000000000e+04, 2.03560000000000e+04, 8.21374296296432e-12]
	RefineElem[5: 7.48360000000000e+04, 4.22870000000000e+04, 4.07060000000000e+04, 4.12910000000000e+04, 8.21022751247939e-12]
	RefineElem[5: 7.43160000000000e+04, 4.21660000000000e+04, 3.89720000000000e+04, 4.01320000000000e+04, 8.20753882088429e-12]
	RefineElem[5: 9.71520000000000e+04, 4.90550000000000e+04, 4.90540000000000e+04, 4.06760000000000e+04, 8.17380299748110e-12]
	RefineElem[5: 7.28270000000000e+04, 4.18740000000000e+04, 2.39540000000000e+04, 4.06170000000000e+04, 8.16845057329774e-12]
	RefineElem[5: 5.92730000000000e+04, 2.48980000000000e+04, 2.48910000000000e+04, 2.61350000000000e+04, 8.16126714175566e-12]
	RefineElem[5: 8.31980000000000e+04, 4.43630000000000e+04, 2.31540000000000e+04, 2.31530000000000e+04, 8.15428231287854e-12]
	RefineElem[5: 7.22270000000000e+04, 2.75580000000000e+04, 2.75740000000000e+04, 4.17470000000000e+04, 8.15245554832679e-12]
	RefineElem[5: 6.79340000000000e+04, 2.66450000000000e+04, 2.66290000000000e+04, 4.05900000000000e+04, 8.15160434581985e-12]
	RefineElem[5: 7.88070000000000e+04, 4.05440000000000e+04, 2.81960000000000e+04, 4.31670000000000e+04, 8.15160171284156e-12]
	RefineElem[5: 8.20060000000000e+04, 4.40260000000000e+04, 3.49270000000000e+04, 3.49140000000000e+04, 8.14913593930598e-12]
	RefineElem[5: 8.01820000000000e+04, 2.07590000000000e+04, 4.07600000000000e+04, 4.35140000000000e+04, 8.14889399158851e-12]
	RefineElem[5: 1.04300000000000e+04, 1.12950000000000e+04, 1.22600000000000e+04, 1.22610000000000e+04, 8.14252196642271e-12]
	RefineElem[5: 7.32340000000000e+04, 2.82860000000000e+04, 4.19550000000000e+04, 4.09520000000000e+04, 8.11642197810428e-12]
	RefineElem[5: 9.50380000000000e+04, 4.82840000000000e+04, 4.57460000000000e+04, 4.57470000000000e+04, 8.10654443535630e-12]
	RefineElem[5: 7.80260000000000e+04, 4.29560000000000e+04, 4.09780000000000e+04, 3.60400000000000e+04, 8.10573706873523e-12]
	RefineElem[5: 7.25800000000000e+04, 2.67500000000000e+04, 3.90990000000000e+04, 4.18210000000000e+04, 8.10283170214849e-12]
	RefineElem[5: 6.78580000000000e+04, 3.50310000000000e+04, 4.05710000000000e+04, 3.49430000000000e+04, 8.10041327438284e-12]
	RefineElem[5: 7.01840000000000e+04, 4.12690000000000e+04, 3.49970000000000e+04, 3.49310000000000e+04, 8.09860769681883e-12]
	RefineElem[5: 7.06110000000000e+04, 3.49840000000000e+04, 4.13770000000000e+04, 4.13760000000000e+04, 8.09656893236126e-12]
	RefineElem[5: 6.76660000000000e+04, 1.00580000000000e+04, 4.04990000000000e+04, 1.12730000000000e+04, 8.09434157359844e-12]
	RefineElem[5: 7.73400000000000e+03, 7.15000000000000e+02, 7.23000000000000e+02, 4.37500000000000e+03, 8.08767041306912e-12]
	RefineElem[5: 7.11130000000000e+04, 4.15060000000000e+04, 3.69500000000000e+03, 7.54000000000000e+02, 8.08261737482729e-12]
	RefineElem[5: 3.57220000000000e+04, 3.83240000000000e+04, 3.48510000000000e+04, 3.83250000000000e+04, 8.07786806332831e-12]
	RefineElem[5: 4.93950000000000e+04, 3.82850000000000e+04, 3.95570000000000e+04, 3.95510000000000e+04, 8.07596685092582e-12]
	RefineElem[5: 8.59840000000000e+04, 4.53050000000000e+04, 2.40660000000000e+04, 2.40570000000000e+04, 8.07470974848735e-12]
	RefineElem[5: 9.63250000000000e+04, 4.40310000000000e+04, 4.40300000000000e+04, 4.86910000000000e+04, 8.07409454003305e-12]
	RefineElem[5: 2.21460000000000e+04, 2.17810000000000e+04, 2.17920000000000e+04, 2.17910000000000e+04, 8.07226349467816e-12]
	RefineElem[5: 7.07450000000000e+04, 4.14120000000000e+04, 4.14110000000000e+04, 4.05450000000000e+04, 8.06643123906134e-12]
	RefineElem[5: 2.19500000000000e+04, 2.00940000000000e+04, 2.06970000000000e+04, 2.06980000000000e+04, 8.05776107749543e-12]
	RefineElem[5: 4.78270000000000e+04, 3.94850000000000e+04, 3.73530000000000e+04, 3.73500000000000e+04, 8.04992462814224e-12]
	RefineElem[5: 7.16740000000000e+04, 4.16380000000000e+04, 4.16370000000000e+04, 2.43790000000000e+04, 8.04286212505021e-12]
	RefineElem[5: 8.94740000000000e+04, 4.65970000000000e+04, 4.50100000000000e+04, 4.50160000000000e+04, 8.04152093891940e-12]
	RefineElem[5: 6.84070000000000e+04, 2.07610000000000e+04, 4.07560000000000e+04, 4.07570000000000e+04, 8.03652593279628e-12]
	RefineElem[5: 7.63740000000000e+04, 7.39100000000000e+03, 4.03800000000000e+04, 4.26200000000000e+04, 8.03517549794711e-12]
	RefineElem[5: 7.55880000000000e+04, 4.24190000000000e+04, 7.41000000000000e+03, 7.44600000000000e+03, 8.02872135277980e-12]
	RefineElem[5: 7.32890000000000e+04, 4.19640000000000e+04, 6.83000000000000e+02, 6.88000000000000e+02, 8.02828043319258e-12]
	RefineElem[5: 9.17460000000000e+04, 3.50310000000000e+04, 3.50120000000000e+04, 4.72730000000000e+04, 8.02389613162350e-12]
	RefineElem[5: 8.10610000000000e+04, 2.82850000000000e+04, 4.37800000000000e+04, 4.37810000000000e+04, 8.02280284403438e-12]
	RefineElem[5: 8.10510000000000e+04, 2.57620000000000e+04, 4.12930000000000e+04, 4.37790000000000e+04, 8.01992821747686e-12]
	RefineElem[5: 6.01010000000000e+04, 2.84380000000000e+04, 2.84530000000000e+04, 2.85360000000000e+04, 8.00585473666902e-12]
	RefineElem[5: 8.17480000000000e+04, 1.46140000000000e+04, 1.46250000000000e+04, 4.39280000000000e+04, 7.99388062501094e-12]
	RefineElem[5: 7.23000000000000e+04, 4.17610000000000e+04, 2.43060000000000e+04, 2.43040000000000e+04, 7.98846489700788e-12]
	RefineElem[5: 3.46330000000000e+04, 3.41060000000000e+04, 3.41070000000000e+04, 3.41080000000000e+04, 7.96546210439047e-12]
	RefineElem[5: 7.16710000000000e+04, 4.16380000000000e+04, 2.63270000000000e+04, 4.16370000000000e+04, 7.96303697772081e-12]
	RefineElem[5: 7.41640000000000e+04, 4.21440000000000e+04, 4.21430000000000e+04, 3.94460000000000e+04, 7.95151602791694e-12]
	RefineElem[5: 7.41730000000000e+04, 4.21460000000000e+04, 4.06180000000000e+04, 4.21450000000000e+04, 7.95032357993555e-12]
	RefineElem[5: 7.08160000000000e+04, 4.14310000000000e+04, 4.14320000000000e+04, 4.14330000000000e+04, 7.95030089634578e-12]
	RefineElem[5: 7.05390000000000e+04, 4.13610000000000e+04, 4.13600000000000e+04, 2.24090000000000e+04, 7.94725443856898e-12]
	RefineElem[5: 2.27140000000000e+04, 2.39330000000000e+04, 2.39400000000000e+04, 2.17760000000000e+04, 7.93631546351284e-12]
	RefineElem[5: 3.58430000000000e+04, 3.50180000000000e+04, 3.49980000000000e+04, 3.74340000000000e+04, 7.93558409014190e-12]
	RefineElem[5: 7.08510000000000e+04, 4.14400000000000e+04, 3.41030000000000e+04, 3.41060000000000e+04, 7.93427811774283e-12]
	RefineElem[5: 7.13810000000000e+04, 4.15780000000000e+04, 2.52790000000000e+04, 2.57060000000000e+04, 7.93233368093587e-12]
	RefineElem[5: 8.18790000000000e+04, 4.39720000000000e+04, 2.16830000000000e+04, 4.39700000000000e+04, 7.92599528467329e-12]
	RefineElem[5: 7.27160000000000e+04, 2.32010000000000e+04, 2.07500000000000e+04, 4.18550000000000e+04, 7.91879545097451e-12]
	RefineElem[5: 7.77390000000000e+04, 4.28980000000000e+04, 4.28990000000000e+04, 4.06260000000000e+04, 7.91696180705411e-12]
	RefineElem[5: 9.55510000000000e+04, 2.01890000000000e+04, 4.58160000000000e+04, 4.84500000000000e+04, 7.91536526494805e-12]
	RefineElem[5: 7.48890000000000e+04, 4.22970000000000e+04, 2.08020000000000e+04, 4.22940000000000e+04, 7.91320446286703e-12]
	RefineElem[5: 9.63560000000000e+04, 4.40350000000000e+04, 4.87010000000000e+04, 4.40340000000000e+04, 7.90751528903445e-12]
	RefineElem[5: 7.27130000000000e+04, 4.18550000000000e+04, 2.07490000000000e+04, 2.32030000000000e+04, 7.90477010872177e-12]
	RefineElem[5: 4.46050000000000e+04, 2.07600000000000e+04, 2.82350000000000e+04, 2.07610000000000e+04, 7.89462981509978e-12]
	RefineElem[5: 6.93550000000000e+04, 4.10400000000000e+04, 2.02170000000000e+04, 2.01770000000000e+04, 7.88368417386087e-12]
	RefineElem[5: 6.87590000000000e+04, 4.08780000000000e+04, 4.08770000000000e+04, 3.47930000000000e+04, 7.88227019129865e-12]
	RefineElem[5: 7.17930000000000e+04, 4.16640000000000e+04, 3.84870000000000e+04, 3.85010000000000e+04, 7.88158772393376e-12]
	RefineElem[5: 7.38130000000000e+04, 4.20760000000000e+04, 2.18310000000000e+04, 2.18120000000000e+04, 7.88049131441333e-12]
	RefineElem[5: 7.51510000000000e+04, 4.06620000000000e+04, 4.06610000000000e+04, 4.23420000000000e+04, 7.87877976609641e-12]
	RefineElem[5: 6.85470000000000e+04, 4.07990000000000e+04, 2.74250000000000e+04, 2.86840000000000e+04, 7.87818886420308e-12]
	RefineElem[5: 7.16000000000000e+04, 7.35300000000000e+03, 4.16200000000000e+04, 1.07290000000000e+04, 7.87766815168495e-12]
	RefineElem[5: 7.82030000000000e+04, 9.68400000000000e+03, 1.16040000000000e+04, 4.30190000000000e+04, 7.87247430183721e-12]
	RefineElem[5: 7.03310000000000e+04, 4.13020000000000e+04, 4.13000000000000e+04, 4.03340000000000e+04, 7.86953118548002e-12]
	RefineElem[5: 9.52030000000000e+04, 4.36720000000000e+04, 4.50080000000000e+04, 4.83360000000000e+04, 7.86382757570545e-12]
	RefineElem[5: 7.82000000000000e+04, 4.30190000000000e+04, 1.16050000000000e+04, 9.68700000000000e+03, 7.86274137692250e-12]
	RefineElem[5: 1.78890000000000e+04, 1.54550000000000e+04, 1.54580000000000e+04, 1.35480000000000e+04, 7.85749619082208e-12]
	RefineElem[5: 7.15510000000000e+04, 4.16090000000000e+04, 2.57950000000000e+04, 2.82490000000000e+04, 7.85250133820764e-12]
	RefineElem[5: 7.16010000000000e+04, 4.16200000000000e+04, 7.36500000000000e+03, 1.07320000000000e+04, 7.84525941285138e-12]
	RefineElem[5: 4.76660000000000e+04, 3.89470000000000e+04, 3.73000000000000e+04, 3.50350000000000e+04, 7.84195509693871e-12]
	RefineElem[5: 1.35610000000000e+04, 1.24930000000000e+04, 1.25010000000000e+04, 9.84300000000000e+03, 7.84146885423226e-12]
	RefineElem[5: 7.21230000000000e+04, 2.52440000000000e+04, 2.52430000000000e+04, 4.17310000000000e+04, 7.83941281561236e-12]
	RefineElem[5: 7.15530000000000e+04, 2.82470000000000e+04, 2.57960000000000e+04, 4.16090000000000e+04, 7.83349089594529e-12]
	RefineElem[5: 7.15920000000000e+04, 1.16420000000000e+04, 9.60200000000000e+03, 4.16180000000000e+04, 7.81143477447039e-12]
	RefineElem[5: 7.14680000000000e+04, 2.33670000000000e+04, 2.20610000000000e+04, 4.15920000000000e+04, 7.80995802084586e-12]
	RefineElem[5: 1.01120000000000e+05, 4.57630000000000e+04, 4.57640000000000e+04, 5.02580000000000e+04, 7.80490052480355e-12]
	RefineElem[5: 7.74490000000000e+04, 4.28340000000000e+04, 4.06270000000000e+04, 2.86770000000000e+04, 7.79751728017502e-12]
	RefineElem[5: 6.96900000000000e+04, 2.52580000000000e+04, 2.52930000000000e+04, 4.11260000000000e+04, 7.79394633660417e-12]
	RefineElem[5: 7.08110000000000e+04, 3.49850000000000e+04, 3.49290000000000e+04, 4.14320000000000e+04, 7.79195850034933e-12]
	RefineElem[5: 1.83760000000000e+04, 1.67790000000000e+04, 1.67980000000000e+04, 1.67910000000000e+04, 7.78934842356368e-12]
	RefineElem[5: 4.76470000000000e+04, 3.89670000000000e+04, 3.72930000000000e+04, 3.48810000000000e+04, 7.78465470841527e-12]
	RefineElem[5: 6.34860000000000e+04, 2.67790000000000e+04, 2.68240000000000e+04, 2.68340000000000e+04, 7.78208481493039e-12]
	RefineElem[5: 7.15890000000000e+04, 4.16180000000000e+04, 9.59300000000000e+03, 1.16430000000000e+04, 7.78073225280943e-12]
	RefineElem[5: 6.79650000000000e+04, 2.32000000000000e+04, 2.32020000000000e+04, 4.05950000000000e+04, 7.76874707215769e-12]
	RefineElem[5: 7.23740000000000e+04, 4.17720000000000e+04, 4.14390000000000e+04, 2.37170000000000e+04, 7.75492177513714e-12]
	RefineElem[5: 6.37960000000000e+04, 7.35000000000000e+02, 7.13000000000000e+02, 1.94000000000000e+03, 7.74702100061018e-12]
	RefineElem[5: 7.79650000000000e+04, 1.88800000000000e+03, 2.82100000000000e+03, 4.29420000000000e+04, 7.74350233308746e-12]
	RefineElem[5: 1.00151000000000e+05, 4.72000000000000e+04, 4.71990000000000e+04, 4.99650000000000e+04, 7.72466772789683e-12]
	RefineElem[5: 6.39090000000000e+04, 1.53020000000000e+04, 1.52880000000000e+04, 1.53090000000000e+04, 7.71483387293743e-12]
	RefineElem[5: 2.39260000000000e+04, 2.30670000000000e+04, 2.30660000000000e+04, 2.05900000000000e+04, 7.70710954812644e-12]
	RefineElem[5: 7.16210000000000e+04, 4.05180000000000e+04, 2.68820000000000e+04, 4.16220000000000e+04, 7.70163058520461e-12]
	RefineElem[5: 7.15590000000000e+04, 4.16110000000000e+04, 2.07500000000000e+04, 2.32010000000000e+04, 7.70007158854097e-12]
	RefineElem[5: 7.21360000000000e+04, 4.17330000000000e+04, 4.08430000000000e+04, 2.37110000000000e+04, 7.69324126394821e-12]
	RefineElem[5: 7.80360000000000e+04, 3.60380000000000e+04, 4.09780000000000e+04, 4.29590000000000e+04, 7.68525916195235e-12]
	RefineElem[5: 9.56000000000000e+04, 4.84690000000000e+04, 4.53600000000000e+04, 4.53610000000000e+04, 7.68497976670050e-12]
	RefineElem[5: 8.03810000000000e+04, 1.21590000000000e+04, 4.10790000000000e+04, 4.35700000000000e+04, 7.68472448351312e-12]
	RefineElem[5: 6.99760000000000e+04, 4.12200000000000e+04, 3.94640000000000e+04, 3.95000000000000e+04, 7.67861705004935e-12]
	RefineElem[5: 6.79710000000000e+04, 4.05950000000000e+04, 2.32990000000000e+04, 2.35880000000000e+04, 7.67413091408814e-12]
	RefineElem[5: 7.15630000000000e+04, 2.31990000000000e+04, 2.07510000000000e+04, 4.16110000000000e+04, 7.66801608875300e-12]
	RefineElem[5: 9.24450000000000e+04, 2.17140000000000e+04, 4.13450000000000e+04, 4.74860000000000e+04, 7.66688532669515e-12]
	RefineElem[5: 6.82040000000000e+04, 3.49180000000000e+04, 4.06850000000000e+04, 4.06860000000000e+04, 7.66479825249063e-12]
	RefineElem[5: 2.39250000000000e+04, 2.05850000000000e+04, 2.05840000000000e+04, 2.30700000000000e+04, 7.66192845334514e-12]
	RefineElem[5: 8.31750000000000e+04, 4.43490000000000e+04, 2.92000000000000e+04, 4.43580000000000e+04, 7.65233750354976e-12]
	RefineElem[5: 7.25900000000000e+04, 2.26320000000000e+04, 2.26420000000000e+04, 4.18230000000000e+04, 7.64260810879119e-12]
	RefineElem[5: 6.28890000000000e+04, 3.93100000000000e+04, 2.27780000000000e+04, 2.31120000000000e+04, 7.63887019383248e-12]
	RefineElem[5: 6.95630000000000e+04, 2.40000000000000e+04, 2.18100000000000e+04, 4.11040000000000e+04, 7.63435319206022e-12]
	RefineElem[5: 1.01987000000000e+05, 5.06040000000000e+04, 5.06030000000000e+04, 5.06100000000000e+04, 7.63171124927091e-12]
	RefineElem[5: 9.32600000000000e+04, 4.54970000000000e+04, 4.55020000000000e+04, 4.77130000000000e+04, 7.62906821632541e-12]
	RefineElem[5: 5.83030000000000e+04, 3.59500000000000e+03, 3.59600000000000e+03, 4.36100000000000e+03, 7.62006866429576e-12]
	RefineElem[5: 6.27810000000000e+04, 2.54260000000000e+04, 2.54690000000000e+04, 2.56700000000000e+04, 7.61862034233729e-12]
	RefineElem[5: 7.16270000000000e+04, 4.16220000000000e+04, 4.15200000000000e+04, 4.06960000000000e+04, 7.60220284551587e-12]
	RefineElem[5: 4.80060000000000e+04, 3.98410000000000e+04, 3.74440000000000e+04, 3.74310000000000e+04, 7.59240563987670e-12]
	RefineElem[5: 7.63160000000000e+04, 4.26110000000000e+04, 2.45370000000000e+04, 4.26100000000000e+04, 7.58837014336681e-12]
	RefineElem[5: 8.01830000000000e+04, 4.35140000000000e+04, 4.35150000000000e+04, 4.35020000000000e+04, 7.57692270623944e-12]
	RefineElem[5: 7.13080000000000e+04, 2.25060000000000e+04, 4.15510000000000e+04, 4.15500000000000e+04, 7.57295399737993e-12]
	RefineElem[5: 4.98500000000000e+04, 3.95160000000000e+04, 3.85000000000000e+04, 3.95140000000000e+04, 7.55581080358658e-12]
	RefineElem[5: 8.60940000000000e+04, 4.53620000000000e+04, 4.53610000000000e+04, 4.53590000000000e+04, 7.54728919447148e-12]
	RefineElem[5: 6.81970000000000e+04, 4.06840000000000e+04, 3.49460000000000e+04, 3.49190000000000e+04, 7.54025489492980e-12]
	RefineElem[5: 7.12990000000000e+04, 4.15470000000000e+04, 4.03270000000000e+04, 4.03180000000000e+04, 7.53303324048054e-12]
	RefineElem[5: 9.54250000000000e+04, 4.07240000000000e+04, 4.84120000000000e+04, 4.07250000000000e+04, 7.52809201204045e-12]
	RefineElem[5: 5.98700000000000e+04, 1.02700000000000e+03, 3.41100000000000e+03, 3.41700000000000e+03, 7.52030359580418e-12]
	RefineElem[5: 7.07570000000000e+04, 4.14160000000000e+04, 2.57390000000000e+04, 2.57490000000000e+04, 7.51322031519034e-12]
	RefineElem[5: 9.79580000000000e+04, 4.93430000000000e+04, 4.72010000000000e+04, 4.72000000000000e+04, 7.50941838345677e-12]
	RefineElem[5: 6.02670000000000e+04, 2.32000000000000e+03, 3.55300000000000e+03, 3.56400000000000e+03, 7.50869591694530e-12]
	RefineElem[5: 8.60950000000000e+04, 4.53620000000000e+04, 4.53630000000000e+04, 4.04620000000000e+04, 7.50509680768370e-12]
	RefineElem[5: 7.06150000000000e+04, 4.11860000000000e+04, 4.13750000000000e+04, 4.13770000000000e+04, 7.50501520839343e-12]
	RefineElem[5: 8.47950000000000e+04, 4.47700000000000e+04, 1.42430000000000e+04, 1.42360000000000e+04, 7.50322150312987e-12]
	RefineElem[5: 6.76370000000000e+04, 2.53220000000000e+04, 4.04770000000000e+04, 2.52490000000000e+04, 7.48812285333512e-12]
	RefineElem[5: 6.95960000000000e+04, 3.48160000000000e+04, 3.48060000000000e+04, 4.11060000000000e+04, 7.48632836584373e-12]
	RefineElem[5: 9.70840000000000e+04, 2.60870000000000e+04, 4.14640000000000e+04, 4.90200000000000e+04, 7.47795700265819e-12]
	RefineElem[5: 7.77610000000000e+04, 1.95940000000000e+04, 4.29040000000000e+04, 4.29050000000000e+04, 7.47101532761896e-12]
	RefineElem[5: 8.34670000000000e+04, 4.06730000000000e+04, 4.06720000000000e+04, 4.44300000000000e+04, 7.46909761179500e-12]
	RefineElem[5: 7.12720000000000e+04, 4.15360000000000e+04, 2.61130000000000e+04, 2.51850000000000e+04, 7.46672054732323e-12]
	RefineElem[5: 7.01650000000000e+04, 4.12660000000000e+04, 2.32070000000000e+04, 2.07410000000000e+04, 7.45705639558456e-12]
	RefineElem[5: 7.01680000000000e+04, 2.07280000000000e+04, 2.32140000000000e+04, 4.12660000000000e+04, 7.45501814325357e-12]
	RefineElem[5: 6.82280000000000e+04, 2.14100000000000e+04, 2.14110000000000e+04, 4.06930000000000e+04, 7.45419177771777e-12]
	RefineElem[5: 8.05990000000000e+04, 4.08100000000000e+04, 4.08090000000000e+04, 4.36210000000000e+04, 7.45267789574543e-12]
	RefineElem[5: 8.35510000000000e+04, 2.65460000000000e+04, 4.06240000000000e+04, 4.44530000000000e+04, 7.45162531633747e-12]
	RefineElem[5: 9.50230000000000e+04, 4.82790000000000e+04, 4.04090000000000e+04, 4.57430000000000e+04, 7.43535510766786e-12]
	RefineElem[5: 9.50190000000000e+04, 4.82780000000000e+04, 4.82790000000000e+04, 4.57440000000000e+04, 7.42785709369652e-12]
	RefineElem[5: 2.18570000000000e+04, 2.01390000000000e+04, 2.01430000000000e+04, 2.01810000000000e+04, 7.42309399904100e-12]
	RefineElem[5: 6.13760000000000e+04, 2.33080000000000e+04, 2.32060000000000e+04, 2.32130000000000e+04, 7.42219730224034e-12]
	RefineElem[5: 7.01820000000000e+04, 1.67440000000000e+04, 1.67460000000000e+04, 4.12680000000000e+04, 7.42049179151539e-12]
	RefineElem[5: 7.14550000000000e+04, 3.87100000000000e+04, 3.50600000000000e+04, 4.15900000000000e+04, 7.41626889491956e-12]
	RefineElem[5: 6.99430000000000e+04, 3.61050000000000e+04, 4.06380000000000e+04, 4.12030000000000e+04, 7.39693564821459e-12]
	RefineElem[5: 8.36830000000000e+04, 4.45000000000000e+04, 4.04170000000000e+04, 2.16900000000000e+04, 7.39147320146539e-12]
	RefineElem[5: 8.87580000000000e+04, 4.29080000000000e+04, 2.46160000000000e+04, 4.64020000000000e+04, 7.39074167609346e-12]
	RefineElem[5: 9.52060000000000e+04, 4.83360000000000e+04, 4.83370000000000e+04, 4.50140000000000e+04, 7.38777320840343e-12]
	RefineElem[5: 7.92580000000000e+04, 2.57950000000000e+04, 2.57970000000000e+04, 2.47090000000000e+04, 7.38712908860374e-12]
	RefineElem[5: 7.03870000000000e+04, 2.31820000000000e+04, 2.07670000000000e+04, 4.13180000000000e+04, 7.38696731101802e-12]
	RefineElem[5: 6.64760000000000e+04, 4.00880000000000e+04, 3.92890000000000e+04, 2.77870000000000e+04, 7.38663574321171e-12]
	RefineElem[5: 7.36680000000000e+04, 4.20470000000000e+04, 2.68250000000000e+04, 2.88870000000000e+04, 7.37878151384829e-12]
	RefineElem[5: 9.90880000000000e+04, 4.96580000000000e+04, 4.04070000000000e+04, 4.49970000000000e+04, 7.36186520119148e-12]
	RefineElem[5: 9.34700000000000e+04, 4.43430000000000e+04, 4.22890000000000e+04, 4.77830000000000e+04, 7.35510324895544e-12]
	RefineElem[5: 7.14750000000000e+04, 4.15930000000000e+04, 9.87300000000000e+03, 1.15990000000000e+04, 7.35304420403140e-12]
	RefineElem[5: 9.62660000000000e+04, 4.57540000000000e+04, 4.57550000000000e+04, 4.86650000000000e+04, 7.35171101683803e-12]
	RefineElem[5: 7.01090000000000e+04, 4.12530000000000e+04, 4.04850000000000e+04, 1.93670000000000e+04, 7.33322240949654e-12]
	RefineElem[5: 8.69280000000000e+04, 4.58070000000000e+04, 4.23990000000000e+04, 2.15430000000000e+04, 7.33215322531991e-12]
	RefineElem[5: 9.55540000000000e+04, 4.58160000000000e+04, 4.58150000000000e+04, 4.84520000000000e+04, 7.32548998898185e-12]
	RefineElem[5: 6.70060000000000e+04, 4.02040000000000e+04, 3.77930000000000e+04, 3.99370000000000e+04, 7.32272533813476e-12]
	RefineElem[5: 8.89060000000000e+04, 4.53820000000000e+04, 2.66460000000000e+04, 4.64480000000000e+04, 7.31018840197325e-12]
	RefineElem[5: 8.60990000000000e+04, 4.33530000000000e+04, 2.57980000000000e+04, 4.53640000000000e+04, 7.30644081652416e-12]
	RefineElem[5: 6.64680000000000e+04, 4.00860000000000e+04, 2.03520000000000e+04, 2.77830000000000e+04, 7.29454762099683e-12]
	RefineElem[5: 7.03830000000000e+04, 4.13180000000000e+04, 2.07590000000000e+04, 2.31830000000000e+04, 7.29056814474291e-12]
	RefineElem[5: 5.57110000000000e+04, 2.24620000000000e+04, 2.24650000000000e+04, 2.25130000000000e+04, 7.28868779555294e-12]
	RefineElem[5: 1.02506000000000e+05, 5.07470000000000e+04, 4.89060000000000e+04, 4.89070000000000e+04, 7.28778584882705e-12]
	RefineElem[5: 6.91590000000000e+04, 4.09840000000000e+04, 4.04820000000000e+04, 4.09830000000000e+04, 7.28655060777603e-12]
	RefineElem[5: 5.91390000000000e+04, 1.54320000000000e+04, 1.61230000000000e+04, 1.63930000000000e+04, 7.28509018539649e-12]
	RefineElem[5: 8.82090000000000e+04, 4.42150000000000e+04, 4.08880000000000e+04, 4.62510000000000e+04, 7.27893864140198e-12]
	RefineElem[5: 7.53340000000000e+04, 4.23660000000000e+04, 7.39300000000000e+03, 4.14450000000000e+04, 7.27608862151651e-12]
	RefineElem[5: 6.95310000000000e+04, 4.10970000000000e+04, 3.90980000000000e+04, 2.53970000000000e+04, 7.27274947756058e-12]
	RefineElem[5: 8.01490000000000e+04, 4.35040000000000e+04, 4.03250000000000e+04, 4.07580000000000e+04, 7.27218130076786e-12]
	RefineElem[5: 7.14260000000000e+04, 4.15860000000000e+04, 2.75850000000000e+04, 4.15850000000000e+04, 7.25569635150252e-12]
	RefineElem[5: 2.27220000000000e+04, 2.39620000000000e+04, 2.39560000000000e+04, 2.18080000000000e+04, 7.25318273540658e-12]
	RefineElem[5: 8.26410000000000e+04, 1.23810000000000e+04, 1.24120000000000e+04, 4.42290000000000e+04, 7.24777407212821e-12]
	RefineElem[5: 6.80860000000000e+04, 4.06480000000000e+04, 1.06800000000000e+03, 1.06700000000000e+03, 7.24636315638696e-12]
	RefineElem[5: 7.75720000000000e+04, 1.45730000000000e+04, 4.17810000000000e+04, 4.28570000000000e+04, 7.24190003067406e-12]
	RefineElem[5: 6.27020000000000e+04, 2.43280000000000e+04, 2.63240000000000e+04, 2.64640000000000e+04, 7.23400826546763e-12]
	RefineElem[5: 6.84950000000000e+04, 4.07840000000000e+04, 4.06370000000000e+04, 2.69790000000000e+04, 7.22280950732088e-12]
	RefineElem[5: 7.58960000000000e+04, 5.90700000000000e+03, 4.11070000000000e+04, 4.24880000000000e+04, 7.21915232726013e-12]
	RefineElem[5: 6.82020000000000e+04, 3.50250000000000e+04, 3.50170000000000e+04, 4.06850000000000e+04, 7.21177144797931e-12]
	RefineElem[5: 7.46650000000000e+04, 4.22360000000000e+04, 3.89780000000000e+04, 4.22350000000000e+04, 7.20563132070061e-12]
	RefineElem[5: 7.11450000000000e+04, 4.15120000000000e+04, 4.15110000000000e+04, 2.31270000000000e+04, 7.18649145200037e-12]
	RefineElem[5: 1.02231000000000e+05, 5.06720000000000e+04, 5.04630000000000e+04, 4.07720000000000e+04, 7.18468688721619e-12]
	RefineElem[5: 6.39790000000000e+04, 7.02000000000000e+02, 1.76500000000000e+03, 1.76600000000000e+03, 7.17394248882287e-12]
	RefineElem[5: 8.64790000000000e+04, 2.28820000000000e+04, 4.55030000000000e+04, 4.55080000000000e+04, 7.17110651281408e-12]
	RefineElem[5: 6.93960000000000e+04, 4.10570000000000e+04, 2.27190000000000e+04, 2.31230000000000e+04, 7.17036255512521e-12]
	RefineElem[5: 7.06190000000000e+04, 2.65900000000000e+04, 4.13780000000000e+04, 2.44370000000000e+04, 7.16549633535281e-12]
	RefineElem[5: 7.85860000000000e+04, 4.31110000000000e+04, 4.31230000000000e+04, 4.09270000000000e+04, 7.15702954917852e-12]
	RefineElem[5: 8.01520000000000e+04, 4.35050000000000e+04, 4.35040000000000e+04, 4.07570000000000e+04, 7.15477723496639e-12]
	RefineElem[5: 6.94060000000000e+04, 4.10600000000000e+04, 2.02790000000000e+04, 4.10590000000000e+04, 7.14985741957984e-12]
	RefineElem[5: 1.49740000000000e+04, 9.67300000000000e+03, 9.65600000000000e+03, 1.16140000000000e+04, 7.13973834620801e-12]
	RefineElem[5: 9.04330000000000e+04, 4.50190000000000e+04, 4.68710000000000e+04, 4.50180000000000e+04, 7.13569326109824e-12]
	RefineElem[5: 7.14460000000000e+04, 5.13200000000000e+03, 4.15880000000000e+04, 3.63200000000000e+03, 7.13398954760494e-12]
	RefineElem[5: 7.26090000000000e+04, 4.18290000000000e+04, 2.07980000000000e+04, 2.31510000000000e+04, 7.13186957195876e-12]
	RefineElem[5: 6.93460000000000e+04, 2.32850000000000e+04, 2.32930000000000e+04, 4.10390000000000e+04, 7.12227195381990e-12]
	RefineElem[5: 5.60690000000000e+04, 2.68870000000000e+04, 2.89990000000000e+04, 2.90000000000000e+04, 7.11177396243153e-12]
	RefineElem[5: 9.71550000000000e+04, 4.07730000000000e+04, 4.90550000000000e+04, 4.90560000000000e+04, 7.10693380204146e-12]
	RefineElem[5: 9.41440000000000e+04, 4.79970000000000e+04, 4.05790000000000e+04, 2.02810000000000e+04, 7.09760914948576e-12]
	RefineElem[5: 7.09200000000000e+04, 1.16450000000000e+04, 9.58100000000000e+03, 4.14540000000000e+04, 7.09639537624372e-12]
	RefineElem[5: 5.55870000000000e+04, 2.03280000000000e+04, 2.03240000000000e+04, 2.03210000000000e+04, 7.08755945632522e-12]
	RefineElem[5: 7.05140000000000e+04, 4.13560000000000e+04, 3.49090000000000e+04, 3.87290000000000e+04, 7.08692783524657e-12]
	RefineElem[5: 6.84480000000000e+04, 4.07680000000000e+04, 3.47700000000000e+04, 3.47560000000000e+04, 7.07357862854632e-12]
	RefineElem[5: 6.81940000000000e+04, 2.31470000000000e+04, 4.06830000000000e+04, 2.25280000000000e+04, 7.07220050088907e-12]
	RefineElem[5: 7.14140000000000e+04, 4.15830000000000e+04, 4.11350000000000e+04, 4.15820000000000e+04, 7.06974826724149e-12]
	RefineElem[5: 7.13040000000000e+04, 2.25060000000000e+04, 4.15490000000000e+04, 4.15480000000000e+04, 7.06946744624075e-12]
	RefineElem[5: 7.39250000000000e+04, 4.21030000000000e+04, 2.14200000000000e+04, 1.93030000000000e+04, 7.06880200957819e-12]
	RefineElem[5: 7.35160000000000e+04, 4.20080000000000e+04, 4.20120000000000e+04, 4.20100000000000e+04, 7.06875732377362e-12]
	RefineElem[5: 7.26120000000000e+04, 2.31500000000000e+04, 2.07990000000000e+04, 4.18290000000000e+04, 7.06851552826491e-12]
	RefineElem[5: 7.46800000000000e+04, 3.50560000000000e+04, 4.12890000000000e+04, 4.22410000000000e+04, 7.06072684808657e-12]
	RefineElem[5: 1.91020000000000e+04, 1.72430000000000e+04, 1.72850000000000e+04, 1.72720000000000e+04, 7.06058489843102e-12]
	RefineElem[5: 7.16250000000000e+04, 4.16220000000000e+04, 2.68850000000000e+04, 4.15200000000000e+04, 7.05253271316748e-12]
	RefineElem[5: 5.24760000000000e+04, 2.46240000000000e+04, 2.46480000000000e+04, 2.46380000000000e+04, 7.05006118492969e-12]
	RefineElem[5: 6.94570000000000e+04, 2.30680000000000e+04, 2.30690000000000e+04, 4.10750000000000e+04, 7.03001980508345e-12]
	RefineElem[5: 7.40040000000000e+04, 4.21160000000000e+04, 2.62060000000000e+04, 2.58060000000000e+04, 7.02952861588958e-12]
	RefineElem[5: 7.44100000000000e+04, 2.45370000000000e+04, 2.58710000000000e+04, 4.21840000000000e+04, 7.02747000544446e-12]
	RefineElem[5: 9.03180000000000e+04, 4.68350000000000e+04, 4.54700000000000e+04, 3.88370000000000e+04, 7.02077130873638e-12]
	RefineElem[5: 7.20710000000000e+04, 4.17200000000000e+04, 9.30000000000000e+02, 4.00800000000000e+03, 7.00792225020984e-12]
	RefineElem[5: 7.20730000000000e+04, 3.99700000000000e+03, 9.25000000000000e+02, 4.17200000000000e+04, 7.00384137932907e-12]
	RefineElem[5: 8.10530000000000e+04, 4.37800000000000e+04, 4.09520000000000e+04, 2.74810000000000e+04, 7.00215866399701e-12]
	RefineElem[5: 4.94640000000000e+04, 3.94980000000000e+04, 3.83180000000000e+04, 3.83200000000000e+04, 6.99276889901148e-12]
	RefineElem[5: 6.41120000000000e+04, 8.57500000000000e+03, 7.44600000000000e+03, 7.41000000000000e+03, 6.99072411793476e-12]
	RefineElem[5: 7.09180000000000e+04, 4.14540000000000e+04, 9.57700000000000e+03, 1.16470000000000e+04, 6.97965416977762e-12]
	RefineElem[5: 6.96190000000000e+04, 4.11110000000000e+04, 2.77840000000000e+04, 3.92700000000000e+04, 6.97827927048988e-12]
	RefineElem[5: 1.01243000000000e+05, 4.76040000000000e+04, 5.02980000000000e+04, 5.02990000000000e+04, 6.97255887629090e-12]
	RefineElem[5: 9.56760000000000e+04, 4.84890000000000e+04, 4.03570000000000e+04, 4.84550000000000e+04, 6.95524969768900e-12]
	RefineElem[5: 6.94070000000000e+04, 2.03570000000000e+04, 4.10600000000000e+04, 4.10590000000000e+04, 6.95198260371818e-12]
	RefineElem[5: 7.50480000000000e+04, 4.23310000000000e+04, 2.03670000000000e+04, 2.05740000000000e+04, 6.95178518768711e-12]
	RefineElem[5: 9.71570000000000e+04, 4.90560000000000e+04, 4.90570000000000e+04, 4.07720000000000e+04, 6.93500397667454e-12]
	RefineElem[5: 8.65840000000000e+04, 4.55590000000000e+04, 2.17090000000000e+04, 4.55630000000000e+04, 6.93234540532471e-12]
	RefineElem[5: 7.02700000000000e+04, 4.12890000000000e+04, 3.50560000000000e+04, 3.50320000000000e+04, 6.92800831442105e-12]
	RefineElem[5: 7.62440000000000e+04, 4.08120000000000e+04, 4.08110000000000e+04, 4.25850000000000e+04, 6.92220634083429e-12]
	RefineElem[5: 6.86400000000000e+04, 4.08380000000000e+04, 4.08390000000000e+04, 4.06080000000000e+04, 6.92161277075695e-12]
	RefineElem[5: 6.94030000000000e+04, 4.10590000000000e+04, 4.04970000000000e+04, 4.09000000000000e+04, 6.92109987435802e-12]
	RefineElem[5: 7.02530000000000e+04, 2.54030000000000e+04, 2.56450000000000e+04, 4.12820000000000e+04, 6.91543147171190e-12]
	RefineElem[5: 6.78120000000000e+04, 4.05510000000000e+04, 3.60710000000000e+04, 3.60730000000000e+04, 6.90817902524260e-12]
	RefineElem[5: 6.16430000000000e+04, 2.56420000000000e+04, 2.56400000000000e+04, 3.90890000000000e+04, 6.90688895272337e-12]
	RefineElem[5: 1.01981000000000e+05, 5.06090000000000e+04, 5.06030000000000e+04, 5.06020000000000e+04, 6.90123789715638e-12]
	RefineElem[5: 4.80170000000000e+04, 3.74320000000000e+04, 3.98660000000000e+04, 3.98640000000000e+04, 6.88620961054774e-12]
	RefineElem[5: 6.28190000000000e+04, 2.67690000000000e+04, 2.67790000000000e+04, 2.68390000000000e+04, 6.88366611252386e-12]
	RefineElem[5: 7.42730000000000e+04, 4.21590000000000e+04, 9.88200000000000e+03, 4.08600000000000e+04, 6.87593896106526e-12]
	RefineElem[5: 6.50930000000000e+04, 2.80890000000000e+04, 2.79590000000000e+04, 2.79100000000000e+04, 6.87167268158966e-12]
	RefineElem[5: 7.17100000000000e+04, 1.28680000000000e+04, 1.28800000000000e+04, 4.16470000000000e+04, 6.86774163849093e-12]
	RefineElem[5: 1.01984000000000e+05, 5.06090000000000e+04, 5.06020000000000e+04, 5.06010000000000e+04, 6.86633614155911e-12]
	RefineElem[5: 5.91220000000000e+04, 1.27970000000000e+04, 1.28050000000000e+04, 1.28500000000000e+04, 6.86117856803514e-12]
	RefineElem[5: 7.93390000000000e+04, 1.11990000000000e+04, 1.21350000000000e+04, 4.32970000000000e+04, 6.86058267086824e-12]
	RefineElem[5: 8.06040000000000e+04, 4.08090000000000e+04, 4.08080000000000e+04, 4.36230000000000e+04, 6.84515472144303e-12]
	RefineElem[5: 1.79800000000000e+04, 1.31540000000000e+04, 1.51170000000000e+04, 1.50950000000000e+04, 6.84443326521529e-12]
	RefineElem[5: 7.07190000000000e+04, 4.14060000000000e+04, 2.83270000000000e+04, 2.83050000000000e+04, 6.84249983108045e-12]
	RefineElem[5: 7.03080000000000e+04, 4.12960000000000e+04, 4.12950000000000e+04, 2.50550000000000e+04, 6.84119339895469e-12]
	RefineElem[5: 9.33260000000000e+04, 4.77340000000000e+04, 4.55100000000000e+04, 4.55090000000000e+04, 6.83993333625885e-12]
	RefineElem[5: 7.00390000000000e+04, 4.12370000000000e+04, 3.91010000000000e+04, 2.53960000000000e+04, 6.83792039511302e-12]
	RefineElem[5: 2.21430000000000e+04, 2.17910000000000e+04, 2.17920000000000e+04, 2.17890000000000e+04, 6.83240394152573e-12]
	RefineElem[5: 7.08970000000000e+04, 4.14470000000000e+04, 2.78790000000000e+04, 2.79180000000000e+04, 6.83219377680686e-12]
	RefineElem[5: 7.17000000000000e+03, 3.62300000000000e+03, 7.36000000000000e+02, 1.46200000000000e+03, 6.82900909151019e-12]
	RefineElem[5: 6.53220000000000e+04, 3.87180000000000e+04, 3.49250000000000e+04, 3.49230000000000e+04, 6.82209929305961e-12]
	RefineElem[5: 7.01590000000000e+04, 4.12640000000000e+04, 3.49040000000000e+04, 3.48880000000000e+04, 6.81277114829498e-12]
	RefineElem[5: 8.40550000000000e+04, 4.46120000000000e+04, 4.07910000000000e+04, 4.07920000000000e+04, 6.81105607998877e-12]
	RefineElem[5: 7.07070000000000e+04, 8.83900000000000e+03, 8.59200000000000e+03, 4.14040000000000e+04, 6.81044907297328e-12]
	RefineElem[5: 6.80420000000000e+04, 4.06180000000000e+04, 2.06050000000000e+04, 2.06080000000000e+04, 6.80569711372746e-12]
	RefineElem[5: 8.98210000000000e+04, 4.67030000000000e+04, 2.04450000000000e+04, 2.05400000000000e+04, 6.79952084384391e-12]
	RefineElem[5: 7.67950000000000e+04, 2.60280000000000e+04, 2.59140000000000e+04, 4.27290000000000e+04, 6.79709731675286e-12]
	RefineElem[5: 6.89200000000000e+04, 4.09330000000000e+04, 2.64320000000000e+04, 2.64360000000000e+04, 6.79497879246653e-12]
	RefineElem[5: 7.00320000000000e+04, 4.12350000000000e+04, 2.53210000000000e+04, 4.04770000000000e+04, 6.78848597163598e-12]
	RefineElem[5: 1.01172000000000e+05, 5.02740000000000e+04, 5.02730000000000e+04, 5.02720000000000e+04, 6.78073583812889e-12]
	RefineElem[5: 7.02430000000000e+04, 4.12810000000000e+04, 2.57780000000000e+04, 2.48060000000000e+04, 6.78041640723701e-12]
	RefineElem[5: 7.29170000000000e+04, 4.18930000000000e+04, 4.18920000000000e+04, 2.72730000000000e+04, 6.77062394003137e-12]
	RefineElem[5: 5.43170000000000e+04, 1.78500000000000e+03, 6.80000000000000e+02, 1.80400000000000e+03, 6.76851360744721e-12]
	RefineElem[5: 5.13980000000000e+04, 1.16390000000000e+04, 1.00020000000000e+04, 1.00010000000000e+04, 6.75956542990519e-12]
	RefineElem[5: 1.83780000000000e+04, 1.67920000000000e+04, 1.67880000000000e+04, 1.67900000000000e+04, 6.75343352745881e-12]
	RefineElem[5: 8.38180000000000e+04, 4.45390000000000e+04, 2.10630000000000e+04, 4.11210000000000e+04, 6.74220256411289e-12]
	RefineElem[5: 7.23750000000000e+04, 4.17720000000000e+04, 2.37090000000000e+04, 4.17330000000000e+04, 6.74160235313538e-12]
	RefineElem[5: 9.49670000000000e+04, 4.82640000000000e+04, 4.52280000000000e+04, 3.60430000000000e+04, 6.73950142583384e-12]
	RefineElem[5: 7.03720000000000e+04, 2.37670000000000e+04, 2.37630000000000e+04, 4.13130000000000e+04, 6.73932842357941e-12]
	RefineElem[5: 1.01165000000000e+05, 4.40280000000000e+04, 5.02700000000000e+04, 5.02710000000000e+04, 6.73851515805340e-12]
	RefineElem[5: 8.39810000000000e+04, 4.45920000000000e+04, 4.17650000000000e+04, 4.17640000000000e+04, 6.73840526056740e-12]
	RefineElem[5: 7.13630000000000e+04, 2.32440000000000e+04, 2.32400000000000e+04, 4.15680000000000e+04, 6.73441746300865e-12]
	RefineElem[5: 6.82880000000000e+04, 2.51410000000000e+04, 2.51400000000000e+04, 2.51260000000000e+04, 6.73347349292722e-12]
	RefineElem[5: 7.30300000000000e+04, 3.94160000000000e+04, 4.19160000000000e+04, 2.79570000000000e+04, 6.73284516585909e-12]
	RefineElem[5: 3.46430000000000e+04, 3.41170000000000e+04, 3.41160000000000e+04, 3.41180000000000e+04, 6.73123386368998e-12]
	RefineElem[5: 4.84440000000000e+04, 3.76330000000000e+04, 3.98930000000000e+04, 3.98710000000000e+04, 6.73003246192928e-12]
	RefineElem[5: 6.38210000000000e+04, 7.53000000000000e+02, 8.36000000000000e+02, 8.35000000000000e+02, 6.72676089547635e-12]
	RefineElem[5: 7.05980000000000e+04, 4.11870000000000e+04, 4.03890000000000e+04, 4.13730000000000e+04, 6.72531411747995e-12]
	RefineElem[5: 8.94750000000000e+04, 4.50200000000000e+04, 4.50090000000000e+04, 4.65970000000000e+04, 6.72354612540418e-12]
	RefineElem[5: 6.77800000000000e+04, 2.57580000000000e+04, 2.57610000000000e+04, 4.05340000000000e+04, 6.71971840044956e-12]
	RefineElem[5: 5.24780000000000e+04, 2.46480000000000e+04, 2.46240000000000e+04, 2.46230000000000e+04, 6.71905180475377e-12]
	RefineElem[5: 4.98360000000000e+04, 3.84910000000000e+04, 3.84990000000000e+04, 3.84980000000000e+04, 6.71254998070925e-12]
	RefineElem[5: 7.44220000000000e+04, 4.21860000000000e+04, 4.07780000000000e+04, 4.03960000000000e+04, 6.70182455441573e-12]
	RefineElem[5: 6.88530000000000e+04, 4.09130000000000e+04, 4.09120000000000e+04, 3.49130000000000e+04, 6.69922209255525e-12]
	RefineElem[5: 9.72530000000000e+04, 4.90960000000000e+04, 1.92210000000000e+04, 4.09400000000000e+04, 6.69588679816161e-12]
	RefineElem[5: 7.05440000000000e+04, 2.31270000000000e+04, 4.13620000000000e+04, 2.31260000000000e+04, 6.69172074980379e-12]
	RefineElem[5: 8.41060000000000e+04, 4.46230000000000e+04, 4.18950000000000e+04, 4.18960000000000e+04, 6.68283348388308e-12]
	RefineElem[5: 5.72710000000000e+04, 9.60800000000000e+03, 9.59500000000000e+03, 9.58100000000000e+03, 6.67760722394435e-12]
	RefineElem[5: 6.88840000000000e+04, 4.09220000000000e+04, 3.72930000000000e+04, 3.72910000000000e+04, 6.67326667672584e-12]
	RefineElem[5: 5.43130000000000e+04, 1.77200000000000e+03, 1.77700000000000e+03, 2.64100000000000e+03, 6.67291430776143e-12]
	RefineElem[5: 8.01530000000000e+04, 4.35050000000000e+04, 4.35060000000000e+04, 4.35030000000000e+04, 6.67289717882413e-12]
	RefineElem[5: 8.39710000000000e+04, 4.45900000000000e+04, 4.17640000000000e+04, 2.23510000000000e+04, 6.67234297047322e-12]
	RefineElem[5: 9.02720000000000e+04, 3.93180000000000e+04, 4.54620000000000e+04, 4.68230000000000e+04, 6.66944721025943e-12]
	RefineElem[5: 7.41620000000000e+04, 4.05310000000000e+04, 4.21440000000000e+04, 4.21420000000000e+04, 6.66293023759494e-12]
	RefineElem[5: 7.45590000000000e+04, 4.22090000000000e+04, 4.06900000000000e+04, 4.22080000000000e+04, 6.65754887845162e-12]
	RefineElem[5: 7.38200000000000e+04, 4.20770000000000e+04, 3.94260000000000e+04, 2.81240000000000e+04, 6.65470550972625e-12]
	RefineElem[5: 2.53860000000000e+04, 2.76580000000000e+04, 2.76590000000000e+04, 2.76600000000000e+04, 6.65364280840685e-12]
	RefineElem[5: 6.86780000000000e+04, 2.19000000000000e+04, 2.38120000000000e+04, 4.08460000000000e+04, 6.65117838448945e-12]
	RefineElem[5: 2.16370000000000e+04, 1.94480000000000e+04, 1.94040000000000e+04, 1.94050000000000e+04, 6.64596212460730e-12]
	RefineElem[5: 6.94160000000000e+04, 4.10690000000000e+04, 2.31790000000000e+04, 4.07180000000000e+04, 6.63943564210960e-12]
	RefineElem[5: 7.35210000000000e+04, 4.20130000000000e+04, 4.20120000000000e+04, 2.19390000000000e+04, 6.63467451167017e-12]
	RefineElem[5: 6.14820000000000e+04, 2.53820000000000e+04, 2.53620000000000e+04, 2.53120000000000e+04, 6.62792949986835e-12]
	RefineElem[5: 6.25710000000000e+04, 2.02630000000000e+04, 2.02690000000000e+04, 2.03170000000000e+04, 6.62286204388908e-12]
	RefineElem[5: 9.66580000000000e+04, 4.88280000000000e+04, 4.56880000000000e+04, 1.70340000000000e+04, 6.62213790694842e-12]
	RefineElem[5: 1.44620000000000e+04, 1.08250000000000e+04, 7.34600000000000e+03, 7.35100000000000e+03, 6.62191352578531e-12]
	RefineElem[5: 1.49700000000000e+04, 1.16150000000000e+04, 9.65300000000000e+03, 9.65200000000000e+03, 6.61915300270571e-12]
	RefineElem[5: 9.91820000000000e+04, 4.03580000000000e+04, 4.96810000000000e+04, 4.51730000000000e+04, 6.61571171059330e-12]
	RefineElem[5: 6.53700000000000e+04, 3.87150000000000e+04, 3.49210000000000e+04, 3.49190000000000e+04, 6.61352304289672e-12]
	RefineElem[5: 6.98030000000000e+04, 2.51260000000000e+04, 2.57510000000000e+04, 4.11600000000000e+04, 6.61330969005755e-12]
	RefineElem[5: 9.90970000000000e+04, 4.96610000000000e+04, 4.96600000000000e+04, 4.49970000000000e+04, 6.60698330538888e-12]
	RefineElem[5: 9.66470000000000e+04, 4.88180000000000e+04, 2.77110000000000e+04, 4.47910000000000e+04, 6.58843822531781e-12]
	RefineElem[5: 7.21870000000000e+04, 4.17420000000000e+04, 4.05550000000000e+04, 2.51840000000000e+04, 6.58372410538448e-12]
	RefineElem[5: 7.35220000000000e+04, 4.20110000000000e+04, 4.20140000000000e+04, 2.19380000000000e+04, 6.58232049355511e-12]
	RefineElem[5: 7.16530000000000e+04, 3.98680000000000e+04, 3.98590000000000e+04, 4.16290000000000e+04, 6.58145690660588e-12]
	RefineElem[5: 9.72610000000000e+04, 4.91020000000000e+04, 4.90970000000000e+04, 4.90960000000000e+04, 6.57716362214184e-12]
	RefineElem[5: 7.11430000000000e+04, 2.31170000000000e+04, 2.26640000000000e+04, 4.15120000000000e+04, 6.57415926585715e-12]
	RefineElem[5: 6.91150000000000e+04, 4.09750000000000e+04, 3.59700000000000e+03, 4.09740000000000e+04, 6.57403546019914e-12]
	RefineElem[5: 7.35820000000000e+04, 4.20270000000000e+04, 7.42100000000000e+03, 4.03780000000000e+04, 6.56787868074533e-12]
	RefineElem[5: 7.35580000000000e+04, 3.48170000000000e+04, 4.20200000000000e+04, 4.20210000000000e+04, 6.54848319248817e-12]
	RefineElem[5: 4.94690000000000e+04, 3.83200000000000e+04, 3.83240000000000e+04, 3.95080000000000e+04, 6.54353478568715e-12]
	RefineElem[5: 7.26780000000000e+04, 7.10000000000000e+02, 4.49300000000000e+03, 4.18470000000000e+04, 6.52282700201135e-12]
	RefineElem[5: 8.40490000000000e+04, 4.46100000000000e+04, 4.07920000000000e+04, 2.82040000000000e+04, 6.51262242947340e-12]
	RefineElem[5: 6.80740000000000e+04, 4.06420000000000e+04, 2.07000000000000e+04, 2.06980000000000e+04, 6.51187956073374e-12]
	RefineElem[5: 6.79330000000000e+04, 2.66290000000000e+04, 2.66240000000000e+04, 4.05900000000000e+04, 6.51179549947394e-12]
	RefineElem[5: 6.13270000000000e+04, 2.22380000000000e+04, 2.22560000000000e+04, 2.31550000000000e+04, 6.51014659740927e-12]
	RefineElem[5: 7.01080000000000e+04, 4.04850000000000e+04, 4.12530000000000e+04, 1.94130000000000e+04, 6.50949323106661e-12]
	RefineElem[5: 7.45540000000000e+04, 4.22070000000000e+04, 7.43000000000000e+02, 8.99000000000000e+02, 6.50710987725570e-12]
	RefineElem[5: 6.93130000000000e+04, 2.32000000000000e+04, 2.33180000000000e+04, 4.10330000000000e+04, 6.50548587077918e-12]
	RefineElem[5: 7.38730000000000e+04, 4.10200000000000e+04, 2.18560000000000e+04, 4.20960000000000e+04, 6.50402614698485e-12]
	RefineElem[5: 6.83160000000000e+04, 4.07140000000000e+04, 2.03300000000000e+04, 2.03210000000000e+04, 6.49971371088123e-12]
	RefineElem[5: 7.40830000000000e+04, 4.21280000000000e+04, 6.67000000000000e+02, 2.62600000000000e+03, 6.49045518585682e-12]
	RefineElem[5: 7.83860000000000e+04, 2.48110000000000e+04, 2.47930000000000e+04, 4.30640000000000e+04, 6.47874879807278e-12]
	RefineElem[5: 5.55630000000000e+04, 1.97550000000000e+04, 1.97300000000000e+04, 1.97310000000000e+04, 6.47807872838495e-12]
	RefineElem[5: 1.01962000000000e+05, 5.06000000000000e+04, 3.48120000000000e+04, 4.11060000000000e+04, 6.47520984824295e-12]
	RefineElem[5: 6.96640000000000e+04, 2.07170000000000e+04, 4.11210000000000e+04, 2.00230000000000e+04, 6.47494060003784e-12]
	RefineElem[5: 9.99340000000000e+04, 3.48100000000000e+04, 4.99060000000000e+04, 4.99070000000000e+04, 6.46401182189295e-12]
	RefineElem[5: 1.83480000000000e+04, 1.67600000000000e+04, 1.67630000000000e+04, 1.67350000000000e+04, 6.46216489586545e-12]
	RefineElem[5: 6.96820000000000e+04, 2.07170000000000e+04, 2.07140000000000e+04, 4.11250000000000e+04, 6.45873358415853e-12]
	RefineElem[5: 7.40630000000000e+04, 4.21250000000000e+04, 2.30730000000000e+04, 4.11670000000000e+04, 6.45337638400699e-12]
	RefineElem[5: 6.55020000000000e+04, 1.67420000000000e+04, 1.67440000000000e+04, 1.67520000000000e+04, 6.44861232581766e-12]
	RefineElem[5: 7.19130000000000e+04, 2.76640000000000e+04, 4.16890000000000e+04, 2.75860000000000e+04, 6.44368464886637e-12]
	RefineElem[5: 7.23630000000000e+04, 4.17710000000000e+04, 2.86580000000000e+04, 4.12190000000000e+04, 6.44318139401377e-12]
	RefineElem[5: 9.59200000000000e+04, 4.85550000000000e+04, 4.85590000000000e+04, 4.85600000000000e+04, 6.43976665929383e-12]
	RefineElem[5: 1.49170000000000e+04, 9.59300000000000e+03, 9.58100000000000e+03, 1.16450000000000e+04, 6.43891196569277e-12]
	RefineElem[5: 7.34650000000000e+04, 4.11200000000000e+04, 4.20010000000000e+04, 2.83660000000000e+04, 6.43863078970854e-12]
	RefineElem[5: 9.43630000000000e+04, 4.15480000000000e+04, 4.80750000000000e+04, 2.24300000000000e+04, 6.43692107859716e-12]
	RefineElem[5: 9.50050000000000e+04, 4.82740000000000e+04, 2.32090000000000e+04, 2.32170000000000e+04, 6.43517671943721e-12]
	RefineElem[5: 6.89760000000000e+04, 4.09450000000000e+04, 9.68300000000000e+03, 9.68500000000000e+03, 6.43501139254830e-12]
	RefineElem[5: 6.64400000000000e+04, 4.00810000000000e+04, 2.77750000000000e+04, 2.03590000000000e+04, 6.43055206924158e-12]
	RefineElem[5: 7.55250000000000e+04, 4.24050000000000e+04, 4.13780000000000e+04, 2.65880000000000e+04, 6.42731752122836e-12]
	RefineElem[5: 9.42910000000000e+04, 4.80490000000000e+04, 4.80480000000000e+04, 4.37250000000000e+04, 6.42727322760505e-12]
	RefineElem[5: 5.58030000000000e+04, 2.62740000000000e+04, 2.45560000000000e+04, 2.45570000000000e+04, 6.40947438926208e-12]
	RefineElem[5: 6.90270000000000e+04, 2.33210000000000e+04, 2.33220000000000e+04, 4.09540000000000e+04, 6.40789148439680e-12]
	RefineElem[5: 9.43970000000000e+04, 4.80850000000000e+04, 4.49960000000000e+04, 2.07120000000000e+04, 6.39356185934535e-12]
	RefineElem[5: 4.78380000000000e+04, 3.95220000000000e+04, 3.73610000000000e+04, 3.73590000000000e+04, 6.38455564080890e-12]
	RefineElem[5: 6.76600000000000e+04, 4.04860000000000e+04, 2.07180000000000e+04, 2.07140000000000e+04, 6.38115494240168e-12]
	RefineElem[5: 7.17810000000000e+04, 1.30530000000000e+04, 1.50280000000000e+04, 4.16610000000000e+04, 6.37697464013349e-12]
	RefineElem[5: 5.78650000000000e+04, 2.45640000000000e+04, 2.44940000000000e+04, 2.62640000000000e+04, 6.36724626431398e-12]
	RefineElem[5: 7.17750000000000e+04, 4.16610000000000e+04, 1.50000000000000e+04, 1.30410000000000e+04, 6.36525617079723e-12]
	RefineElem[5: 6.05430000000000e+04, 9.22000000000000e+03, 9.22900000000000e+03, 9.19100000000000e+03, 6.36508581539065e-12]
	RefineElem[5: 6.78270000000000e+04, 4.05570000000000e+04, 4.05560000000000e+04, 2.52480000000000e+04, 6.36458268880349e-12]
	RefineElem[5: 7.82160000000000e+04, 4.30210000000000e+04, 4.16490000000000e+04, 1.54410000000000e+04, 6.36428025550542e-12]
	RefineElem[5: 8.01920000000000e+04, 4.07580000000000e+04, 4.03250000000000e+04, 4.35180000000000e+04, 6.36181479078672e-12]
	RefineElem[5: 6.36000000000000e+04, 3.64800000000000e+03, 4.01800000000000e+03, 5.65600000000000e+03, 6.35843583742589e-12]
	RefineElem[5: 7.85480000000000e+04, 4.31120000000000e+04, 4.14390000000000e+04, 2.37350000000000e+04, 6.35431391588637e-12]
	RefineElem[5: 6.74220000000000e+04, 4.02950000000000e+04, 2.12760000000000e+04, 2.88740000000000e+04, 6.34054895146725e-12]
	RefineElem[5: 8.01900000000000e+04, 4.35180000000000e+04, 4.35170000000000e+04, 4.07590000000000e+04, 6.34052754655136e-12]
	RefineElem[5: 8.36860000000000e+04, 4.44890000000000e+04, 4.04180000000000e+04, 4.45000000000000e+04, 6.32916555137167e-12]
	RefineElem[5: 6.65840000000000e+04, 4.01080000000000e+04, 2.88810000000000e+04, 2.12790000000000e+04, 6.32765359110809e-12]
	RefineElem[5: 8.30640000000000e+04, 4.43290000000000e+04, 2.42200000000000e+04, 2.42110000000000e+04, 6.32680519985799e-12]
	RefineElem[5: 9.85050000000000e+04, 4.94970000000000e+04, 4.03900000000000e+04, 4.20200000000000e+04, 6.32550877926884e-12]
	RefineElem[5: 7.11800000000000e+04, 4.15190000000000e+04, 2.21060000000000e+04, 2.20980000000000e+04, 6.31510725691840e-12]
	RefineElem[5: 7.87470000000000e+04, 2.02230000000000e+04, 2.02300000000000e+04, 4.31560000000000e+04, 6.31268448223711e-12]
	RefineElem[5: 5.22580000000000e+04, 2.18530000000000e+04, 2.18650000000000e+04, 2.18670000000000e+04, 6.29639628552460e-12]
	RefineElem[5: 7.79340000000000e+04, 4.08680000000000e+04, 4.08670000000000e+04, 4.29350000000000e+04, 6.29539737520080e-12]
	RefineElem[5: 8.49560000000000e+04, 3.87130000000000e+04, 3.50620000000000e+04, 4.48130000000000e+04, 6.28750332540950e-12]
	RefineElem[5: 9.99270000000000e+04, 4.99040000000000e+04, 4.99030000000000e+04, 4.49790000000000e+04, 6.27720127981880e-12]
	RefineElem[5: 8.39880000000000e+04, 4.17660000000000e+04, 4.17650000000000e+04, 4.45940000000000e+04, 6.27550295615501e-12]
	RefineElem[5: 5.92130000000000e+04, 2.33130000000000e+04, 2.33100000000000e+04, 2.36080000000000e+04, 6.27520205214409e-12]
	RefineElem[5: 4.98470000000000e+04, 3.85010000000000e+04, 3.84870000000000e+04, 3.95120000000000e+04, 6.26505594193285e-12]
	RefineElem[5: 9.56660000000000e+04, 4.84580000000000e+04, 4.03240000000000e+04, 4.84870000000000e+04, 6.26354882573220e-12]
	RefineElem[5: 7.96190000000000e+04, 4.33530000000000e+04, 4.16000000000000e+04, 2.57970000000000e+04, 6.26317563317221e-12]
	RefineElem[5: 7.06130000000000e+04, 4.13750000000000e+04, 4.13760000000000e+04, 4.13770000000000e+04, 6.26148399033066e-12]
	RefineElem[5: 9.63540000000000e+04, 4.03190000000000e+04, 4.86990000000000e+04, 4.87000000000000e+04, 6.24453779077376e-12]
	RefineElem[5: 8.33830000000000e+04, 4.04130000000000e+04, 4.44140000000000e+04, 4.44130000000000e+04, 6.22581476439209e-12]
	RefineElem[5: 5.57780000000000e+04, 2.18670000000000e+04, 2.38270000000000e+04, 3.87560000000000e+04, 6.22422388443594e-12]
	RefineElem[5: 9.67160000000000e+04, 4.88500000000000e+04, 2.04900000000000e+04, 2.04910000000000e+04, 6.22255574990195e-12]
	RefineElem[5: 6.34230000000000e+04, 2.17950000000000e+04, 2.18660000000000e+04, 2.17770000000000e+04, 6.22183349451695e-12]
	RefineElem[5: 7.06380000000000e+04, 3.83140000000000e+04, 3.48260000000000e+04, 4.13840000000000e+04, 6.21262884052796e-12]
	RefineElem[5: 7.19960000000000e+04, 4.17030000000000e+04, 4.13000000000000e+04, 1.93040000000000e+04, 6.21204922358740e-12]
	RefineElem[5: 7.15160000000000e+04, 4.08010000000000e+04, 4.16020000000000e+04, 2.32100000000000e+04, 6.21138308307899e-12]
	RefineElem[5: 7.77330000000000e+04, 4.28970000000000e+04, 4.28940000000000e+04, 4.28960000000000e+04, 6.20622219082978e-12]
	RefineElem[5: 7.41270000000000e+04, 2.32400000000000e+04, 4.21360000000000e+04, 2.06990000000000e+04, 6.20138654980840e-12]
	RefineElem[5: 7.39840000000000e+04, 4.05760000000000e+04, 1.70540000000000e+04, 4.21130000000000e+04, 6.20125022641625e-12]
	RefineElem[5: 6.16400000000000e+04, 3.90890000000000e+04, 2.54380000000000e+04, 2.56420000000000e+04, 6.19419429956274e-12]
	RefineElem[5: 8.42070000000000e+04, 3.59300000000000e+04, 3.59230000000000e+04, 4.46410000000000e+04, 6.19342506209524e-12]
	RefineElem[5: 5.92340000000000e+04, 2.38000000000000e+04, 2.37920000000000e+04, 2.37660000000000e+04, 6.19280991700016e-12]
	RefineElem[5: 7.46720000000000e+04, 4.22390000000000e+04, 4.12640000000000e+04, 3.49110000000000e+04, 6.19164138716235e-12]
	RefineElem[5: 6.18800000000000e+04, 3.59300000000000e+03, 3.58900000000000e+03, 3.59400000000000e+03, 6.18576075921330e-12]
	RefineElem[5: 7.19580000000000e+04, 2.44620000000000e+04, 2.45100000000000e+04, 4.16970000000000e+04, 6.17895627317983e-12]
	RefineElem[5: 9.24290000000000e+04, 4.74820000000000e+04, 3.48300000000000e+04, 3.48320000000000e+04, 6.17852124003069e-12]
	RefineElem[5: 7.05450000000000e+04, 4.13620000000000e+04, 4.03960000000000e+04, 4.04750000000000e+04, 6.17646173198307e-12]
	RefineElem[5: 5.55570000000000e+04, 1.96640000000000e+04, 2.15740000000000e+04, 2.15720000000000e+04, 6.17382322159666e-12]
	RefineElem[5: 9.56810000000000e+04, 4.84900000000000e+04, 2.31960000000000e+04, 4.10330000000000e+04, 6.17361147898634e-12]
	RefineElem[5: 1.83700000000000e+04, 1.67920000000000e+04, 1.67950000000000e+04, 1.67670000000000e+04, 6.16794034620103e-12]
	RefineElem[5: 7.35060000000000e+04, 2.18590000000000e+04, 2.19080000000000e+04, 4.20080000000000e+04, 6.16489938672134e-12]
	RefineElem[5: 2.66850000000000e+04, 2.82850000000000e+04, 2.82840000000000e+04, 2.57540000000000e+04, 6.16427034631173e-12]
	RefineElem[5: 7.07050000000000e+04, 4.14040000000000e+04, 8.59200000000000e+03, 8.77200000000000e+03, 6.16348810874488e-12]
	RefineElem[5: 4.98080000000000e+04, 3.84750000000000e+04, 3.95300000000000e+04, 3.95290000000000e+04, 6.16333219788291e-12]
	RefineElem[5: 6.85620000000000e+04, 4.08110000000000e+04, 4.08100000000000e+04, 4.03980000000000e+04, 6.16053275048363e-12]
	RefineElem[5: 1.01167000000000e+05, 5.02710000000000e+04, 5.02720000000000e+04, 4.40270000000000e+04, 6.15544580802463e-12]
	RefineElem[5: 7.22210000000000e+04, 4.17470000000000e+04, 2.81970000000000e+04, 4.11370000000000e+04, 6.15016218858090e-12]
	RefineElem[5: 6.64300000000000e+04, 4.00790000000000e+04, 2.77780000000000e+04, 2.03530000000000e+04, 6.14415072534613e-12]
	RefineElem[5: 7.48520000000000e+04, 2.91720000000000e+04, 4.22890000000000e+04, 2.91510000000000e+04, 6.14298964011586e-12]
	RefineElem[5: 1.00405000000000e+05, 5.00410000000000e+04, 4.49900000000000e+04, 5.00390000000000e+04, 6.13956931363649e-12]
	RefineElem[5: 1.00039000000000e+05, 4.99370000000000e+04, 4.90380000000000e+04, 4.90470000000000e+04, 6.13707048992326e-12]
	RefineElem[5: 7.34710000000000e+04, 2.82460000000000e+04, 4.20020000000000e+04, 4.20010000000000e+04, 6.13607483850974e-12]
	RefineElem[5: 7.07440000000000e+04, 4.05450000000000e+04, 4.05460000000000e+04, 4.14120000000000e+04, 6.13511280481723e-12]
	RefineElem[5: 5.78790000000000e+04, 2.48690000000000e+04, 2.48680000000000e+04, 2.48820000000000e+04, 6.13383270282580e-12]
	RefineElem[5: 6.78490000000000e+04, 4.05680000000000e+04, 4.05670000000000e+04, 4.05660000000000e+04, 6.13234645182221e-12]
	RefineElem[5: 9.99240000000000e+04, 4.99030000000000e+04, 4.85550000000000e+04, 4.49790000000000e+04, 6.13216487290872e-12]
	RefineElem[5: 5.86000000000000e+04, 1.21350000000000e+04, 1.11990000000000e+04, 1.21090000000000e+04, 6.13018181445533e-12]
	RefineElem[5: 7.26740000000000e+04, 4.18470000000000e+04, 4.52200000000000e+03, 6.95000000000000e+02, 6.12893403018303e-12]
	RefineElem[5: 6.78990000000000e+04, 2.18640000000000e+04, 2.18610000000000e+04, 4.05800000000000e+04, 6.12869352877374e-12]
	RefineElem[5: 8.40680000000000e+04, 4.46150000000000e+04, 4.17670000000000e+04, 4.17660000000000e+04, 6.12740593041348e-12]
	RefineElem[5: 6.37110000000000e+04, 1.51700000000000e+04, 1.51330000000000e+04, 1.51420000000000e+04, 6.11511501534964e-12]
	RefineElem[5: 8.41120000000000e+04, 4.18940000000000e+04, 4.18950000000000e+04, 4.46250000000000e+04, 6.11472636859697e-12]
	RefineElem[5: 9.15100000000000e+04, 4.71990000000000e+04, 4.41920000000000e+04, 4.05720000000000e+04, 6.11393100082120e-12]
	RefineElem[5: 8.41010000000000e+04, 4.46210000000000e+04, 4.18960000000000e+04, 2.74060000000000e+04, 6.11302611762240e-12]
	RefineElem[5: 9.34740000000000e+04, 4.77840000000000e+04, 4.43420000000000e+04, 4.77830000000000e+04, 6.11246239916685e-12]
	RefineElem[5: 7.10890000000000e+04, 2.82880000000000e+04, 4.15020000000000e+04, 2.82890000000000e+04, 6.11010282054120e-12]
	RefineElem[5: 8.44320000000000e+04, 4.47240000000000e+04, 2.24540000000000e+04, 2.24120000000000e+04, 6.10980370286739e-12]
	RefineElem[5: 8.30610000000000e+04, 4.43280000000000e+04, 2.04590000000000e+04, 2.04690000000000e+04, 6.10970890149363e-12]
	RefineElem[5: 5.78970000000000e+04, 3.90690000000000e+04, 2.53940000000000e+04, 2.53760000000000e+04, 6.10913646242985e-12]
	RefineElem[5: 7.84070000000000e+04, 4.30680000000000e+04, 4.14850000000000e+04, 2.31560000000000e+04, 6.10658205647090e-12]
	RefineElem[5: 7.13680000000000e+04, 1.67740000000000e+04, 1.67720000000000e+04, 4.15690000000000e+04, 6.10538879919047e-12]
	RefineElem[5: 5.93700000000000e+04, 2.44300000000000e+03, 2.48100000000000e+03, 2.51700000000000e+03, 6.09257356718157e-12]
	RefineElem[5: 7.31900000000000e+04, 4.19490000000000e+04, 3.62500000000000e+03, 4.06910000000000e+04, 6.09241643220385e-12]
	RefineElem[5: 9.15430000000000e+04, 4.36520000000000e+04, 1.24780000000000e+04, 4.72100000000000e+04, 6.08686070373440e-12]
	RefineElem[5: 6.90050000000000e+04, 6.12300000000000e+03, 3.58100000000000e+03, 4.09500000000000e+04, 6.08446791508591e-12]
	RefineElem[5: 7.74110000000000e+04, 4.28280000000000e+04, 4.17350000000000e+04, 2.43770000000000e+04, 6.07940883377932e-12]
	RefineElem[5: 4.98060000000000e+04, 3.84790000000000e+04, 3.84770000000000e+04, 3.95290000000000e+04, 6.07695179592080e-12]
	RefineElem[5: 8.00970000000000e+04, 4.34890000000000e+04, 4.18480000000000e+04, 2.04760000000000e+04, 6.07376921544268e-12]
	RefineElem[5: 6.86080000000000e+04, 4.08200000000000e+04, 2.46940000000000e+04, 2.47170000000000e+04, 6.07014762126989e-12]
	RefineElem[5: 7.53590000000000e+04, 4.23680000000000e+04, 2.48690000000000e+04, 2.48820000000000e+04, 6.06833767021535e-12]
	RefineElem[5: 6.78280000000000e+04, 4.05580000000000e+04, 2.52480000000000e+04, 4.05540000000000e+04, 6.06597553009572e-12]
	RefineElem[5: 5.26280000000000e+04, 2.68950000000000e+04, 2.69090000000000e+04, 2.88820000000000e+04, 6.06510090501395e-12]
	RefineElem[5: 8.48290000000000e+04, 4.47770000000000e+04, 2.21810000000000e+04, 2.21280000000000e+04, 6.04969960263282e-12]
	RefineElem[5: 8.39570000000000e+04, 4.45870000000000e+04, 4.07880000000000e+04, 4.07890000000000e+04, 6.04693505212647e-12]
	RefineElem[5: 2.27210000000000e+04, 2.39600000000000e+04, 2.39630000000000e+04, 2.17750000000000e+04, 6.04583367851187e-12]
	RefineElem[5: 6.52290000000000e+04, 2.67490000000000e+04, 2.90140000000000e+04, 2.90150000000000e+04, 6.04577977804845e-12]
	RefineElem[5: 6.87470000000000e+04, 5.92800000000000e+03, 4.08700000000000e+04, 4.08710000000000e+04, 6.03930018777925e-12]
	RefineElem[5: 2.48470000000000e+04, 2.58440000000000e+04, 2.51200000000000e+04, 2.50770000000000e+04, 6.03762611819315e-12]
	RefineElem[5: 6.94860000000000e+04, 4.07800000000000e+04, 2.77170000000000e+04, 4.10810000000000e+04, 6.03527640910675e-12]
	RefineElem[5: 6.00370000000000e+04, 3.88530000000000e+04, 2.31330000000000e+04, 2.29640000000000e+04, 6.03492246871974e-12]
	RefineElem[5: 4.78620000000000e+04, 3.73710000000000e+04, 3.94690000000000e+04, 3.94680000000000e+04, 6.02000278377207e-12]
	RefineElem[5: 5.80430000000000e+04, 2.82360000000000e+04, 2.82400000000000e+04, 2.87730000000000e+04, 6.01931895605163e-12]
	RefineElem[5: 7.94740000000000e+04, 4.33190000000000e+04, 4.33180000000000e+04, 2.62800000000000e+03, 6.00690636698464e-12]
	RefineElem[5: 9.49930000000000e+04, 4.82710000000000e+04, 4.82700000000000e+04, 4.82690000000000e+04, 6.00159602117007e-12]
	RefineElem[5: 8.63140000000000e+04, 4.42780000000000e+04, 4.42790000000000e+04, 4.54370000000000e+04, 5.99626792532063e-12]
	RefineElem[5: 8.20830000000000e+04, 4.40530000000000e+04, 1.26170000000000e+04, 1.26120000000000e+04, 5.99096491100772e-12]
	RefineElem[5: 2.19530000000000e+04, 2.07030000000000e+04, 2.00940000000000e+04, 2.01080000000000e+04, 5.98842670348662e-12]
	RefineElem[5: 6.81230000000000e+04, 2.36190000000000e+04, 2.35600000000000e+04, 4.06560000000000e+04, 5.98367072170258e-12]
	RefineElem[5: 6.92860000000000e+04, 4.10210000000000e+04, 2.15920000000000e+04, 2.15930000000000e+04, 5.98117564639371e-12]
	RefineElem[5: 6.90370000000000e+04, 4.09590000000000e+04, 2.51410000000000e+04, 2.50520000000000e+04, 5.97914886945600e-12]
	RefineElem[5: 6.01880000000000e+04, 1.37300000000000e+03, 8.09000000000000e+02, 8.18000000000000e+02, 5.97619545884822e-12]
	RefineElem[5: 8.40630000000000e+04, 4.07900000000000e+04, 4.07910000000000e+04, 4.46140000000000e+04, 5.97597360830529e-12]
	RefineElem[5: 9.90920000000000e+04, 4.96580000000000e+04, 4.96590000000000e+04, 4.81150000000000e+04, 5.97461094685285e-12]
	RefineElem[5: 2.28900000000000e+04, 2.39560000000000e+04, 2.39620000000000e+04, 2.13940000000000e+04, 5.97199019690326e-12]
	RefineElem[5: 7.30210000000000e+04, 4.19130000000000e+04, 2.39370000000000e+04, 2.39460000000000e+04, 5.97191582424611e-12]
	RefineElem[5: 2.38150000000000e+04, 2.07880000000000e+04, 2.07890000000000e+04, 2.31580000000000e+04, 5.96489477760397e-12]
	RefineElem[5: 8.40760000000000e+04, 4.46170000000000e+04, 4.17680000000000e+04, 4.17670000000000e+04, 5.96206566884835e-12]
	RefineElem[5: 2.28890000000000e+04, 2.13930000000000e+04, 2.13880000000000e+04, 2.39520000000000e+04, 5.95426493210113e-12]
	RefineElem[5: 2.27520000000000e+04, 2.32010000000000e+04, 2.32030000000000e+04, 2.32000000000000e+04, 5.94975882439129e-12]
	RefineElem[5: 7.27890000000000e+04, 4.18690000000000e+04, 2.83650000000000e+04, 2.83620000000000e+04, 5.94132277662464e-12]
	RefineElem[5: 7.17100000000000e+03, 1.46200000000000e+03, 4.36800000000000e+03, 3.62300000000000e+03, 5.93336954662095e-12]
	RefineElem[5: 5.81530000000000e+04, 2.15060000000000e+04, 2.04310000000000e+04, 2.06600000000000e+04, 5.93197191094291e-12]
	RefineElem[5: 6.64450000000000e+04, 3.94400000000000e+04, 4.00820000000000e+04, 2.03590000000000e+04, 5.92798402180273e-12]
	RefineElem[5: 6.62190000000000e+04, 2.57150000000000e+04, 2.53220000000000e+04, 2.53230000000000e+04, 5.91736955297086e-12]
	RefineElem[5: 6.24220000000000e+04, 1.53600000000000e+04, 1.53440000000000e+04, 1.53590000000000e+04, 5.91291496493755e-12]
	RefineElem[5: 1.00391000000000e+05, 4.49790000000000e+04, 4.49890000000000e+04, 5.00370000000000e+04, 5.91281240191515e-12]
	RefineElem[5: 6.65870000000000e+04, 4.01080000000000e+04, 2.12850000000000e+04, 2.88850000000000e+04, 5.91118319338144e-12]
	RefineElem[5: 5.58420000000000e+04, 2.53640000000000e+04, 2.53730000000000e+04, 2.53710000000000e+04, 5.90368685957018e-12]
	RefineElem[5: 7.03750000000000e+04, 1.54230000000000e+04, 4.13150000000000e+04, 1.54530000000000e+04, 5.90358187237530e-12]
	RefineElem[5: 1.00150000000000e+05, 4.99650000000000e+04, 4.71990000000000e+04, 2.16960000000000e+04, 5.89994136089315e-12]
	RefineElem[5: 7.34320000000000e+04, 2.43020000000000e+04, 2.42960000000000e+04, 4.19960000000000e+04, 5.87266712108516e-12]
	RefineElem[5: 9.56770000000000e+04, 4.84890000000000e+04, 4.09540000000000e+04, 4.84880000000000e+04, 5.87165062955872e-12]
	RefineElem[5: 7.22040000000000e+04, 4.17440000000000e+04, 4.17430000000000e+04, 1.11850000000000e+04, 5.86054458897319e-12]
	RefineElem[5: 7.24610000000000e+04, 2.60770000000000e+04, 2.60650000000000e+04, 4.17890000000000e+04, 5.85644150202774e-12]
	RefineElem[5: 6.77060000000000e+04, 2.11430000000000e+04, 2.11390000000000e+04, 4.05150000000000e+04, 5.85024550972261e-12]
	RefineElem[5: 2.43100000000000e+04, 2.27430000000000e+04, 3.88160000000000e+04, 2.27340000000000e+04, 5.84926313686960e-12]
	RefineElem[5: 7.73050000000000e+04, 4.28100000000000e+04, 4.17700000000000e+04, 1.00830000000000e+04, 5.84894764170242e-12]
	RefineElem[5: 7.88410000000000e+04, 4.31770000000000e+04, 1.91830000000000e+04, 4.27690000000000e+04, 5.84522621287942e-12]
	RefineElem[5: 2.12750000000000e+04, 1.88710000000000e+04, 1.88720000000000e+04, 1.88490000000000e+04, 5.83719309351131e-12]
	RefineElem[5: 7.96270000000000e+04, 4.33540000000000e+04, 4.33550000000000e+04, 4.26080000000000e+04, 5.83613873039502e-12]
	RefineElem[5: 7.23960000000000e+04, 4.17760000000000e+04, 2.07970000000000e+04, 2.31520000000000e+04, 5.83265211318338e-12]
	RefineElem[5: 9.99290000000000e+04, 4.99040000000000e+04, 4.99050000000000e+04, 4.85610000000000e+04, 5.83121414213286e-12]
	RefineElem[5: 9.35140000000000e+04, 4.43510000000000e+04, 4.22900000000000e+04, 4.77940000000000e+04, 5.82930837055167e-12]
	RefineElem[5: 9.54180000000000e+04, 4.07300000000000e+04, 4.07290000000000e+04, 4.84090000000000e+04, 5.81874940169732e-12]
	RefineElem[5: 7.43920000000000e+04, 4.21800000000000e+04, 2.02410000000000e+04, 4.21790000000000e+04, 5.81124408455421e-12]
	RefineElem[5: 9.84920000000000e+04, 4.81140000000000e+04, 4.94920000000000e+04, 4.40250000000000e+04, 5.81077233441808e-12]
	RefineElem[5: 5.39040000000000e+04, 3.71800000000000e+04, 3.71810000000000e+04, 3.71750000000000e+04, 5.80449463768589e-12]
	RefineElem[5: 6.84080000000000e+04, 4.07570000000000e+04, 2.07600000000000e+04, 2.07610000000000e+04, 5.80366656564240e-12]
	RefineElem[5: 9.24280000000000e+04, 3.48320000000000e+04, 4.08740000000000e+04, 4.74820000000000e+04, 5.80350928592871e-12]
	RefineElem[5: 1.02502000000000e+05, 5.07460000000000e+04, 4.89070000000000e+04, 4.89080000000000e+04, 5.79918561333740e-12]
	RefineElem[5: 7.24000000000000e+04, 2.31510000000000e+04, 2.07980000000000e+04, 4.17760000000000e+04, 5.79616590238937e-12]
	RefineElem[5: 7.19900000000000e+04, 4.17020000000000e+04, 2.52560000000000e+04, 2.53000000000000e+04, 5.78710252490916e-12]
	RefineElem[5: 2.37840000000000e+04, 2.32070000000000e+04, 2.32050000000000e+04, 2.07470000000000e+04, 5.78695202656003e-12]
	RefineElem[5: 8.27040000000000e+04, 4.42390000000000e+04, 6.79400000000000e+03, 6.80400000000000e+03, 5.78365766677903e-12]
	RefineElem[5: 7.08310000000000e+04, 4.14350000000000e+04, 2.02060000000000e+04, 2.02090000000000e+04, 5.77909699547730e-12]
	RefineElem[5: 8.08760000000000e+04, 4.37150000000000e+04, 4.11590000000000e+04, 3.41500000000000e+04, 5.77342645540651e-12]
	RefineElem[5: 6.65790000000000e+04, 3.92110000000000e+04, 4.01070000000000e+04, 2.12790000000000e+04, 5.77303045653437e-12]
	RefineElem[5: 6.70170000000000e+04, 3.99370000000000e+04, 3.77930000000000e+04, 4.02060000000000e+04, 5.76631486653927e-12]
	RefineElem[5: 7.27340000000000e+04, 4.18590000000000e+04, 3.73530000000000e+04, 3.94850000000000e+04, 5.76577627856412e-12]
	RefineElem[5: 7.19490000000000e+04, 4.16970000000000e+04, 2.45020000000000e+04, 2.45130000000000e+04, 5.76561620892636e-12]
	RefineElem[5: 7.29050000000000e+04, 4.18910000000000e+04, 6.92000000000000e+02, 4.11020000000000e+04, 5.76472437654881e-12]
	RefineElem[5: 7.10350000000000e+04, 2.58050000000000e+04, 4.14860000000000e+04, 4.14870000000000e+04, 5.76225945598975e-12]
	RefineElem[5: 6.41370000000000e+04, 1.64500000000000e+04, 1.25160000000000e+04, 1.64440000000000e+04, 5.75808701488733e-12]
	RefineElem[5: 6.45460000000000e+04, 2.05360000000000e+04, 2.06780000000000e+04, 3.91730000000000e+04, 5.75727355802689e-12]
	RefineElem[5: 2.24970000000000e+04, 2.26390000000000e+04, 2.26760000000000e+04, 2.26720000000000e+04, 5.74986521754845e-12]
	RefineElem[5: 8.27030000000000e+04, 6.88500000000000e+03, 6.88400000000000e+03, 4.42390000000000e+04, 5.74849370477545e-12]
	RefineElem[5: 3.56290000000000e+04, 3.47770000000000e+04, 3.47760000000000e+04, 3.48190000000000e+04, 5.74787071353661e-12]
	RefineElem[5: 7.37120000000000e+04, 1.34430000000000e+04, 1.34560000000000e+04, 4.20550000000000e+04, 5.74314896822742e-12]
	RefineElem[5: 7.07970000000000e+04, 2.73890000000000e+04, 2.73640000000000e+04, 4.14280000000000e+04, 5.73727766237338e-12]
	RefineElem[5: 7.28860000000000e+04, 1.43960000000000e+04, 1.25400000000000e+04, 4.18820000000000e+04, 5.72796795868618e-12]
	RefineElem[5: 7.58800000000000e+04, 4.12980000000000e+04, 4.24830000000000e+04, 2.24930000000000e+04, 5.72604159562131e-12]
	RefineElem[5: 7.28970000000000e+04, 4.18840000000000e+04, 2.07480000000000e+04, 2.32040000000000e+04, 5.72567818731158e-12]
	RefineElem[5: 1.35620000000000e+04, 9.84300000000000e+03, 9.84700000000000e+03, 1.24930000000000e+04, 5.71976916531659e-12]
	RefineElem[5: 8.39180000000000e+04, 4.45740000000000e+04, 2.52240000000000e+04, 4.45730000000000e+04, 5.71936650904748e-12]
	RefineElem[5: 7.86620000000000e+04, 4.31430000000000e+04, 4.11350000000000e+04, 4.19600000000000e+04, 5.71744421067674e-12]
	RefineElem[5: 7.29830000000000e+04, 4.19070000000000e+04, 4.19050000000000e+04, 4.19040000000000e+04, 5.71145632331710e-12]
	RefineElem[5: 6.92420000000000e+04, 4.05230000000000e+04, 2.08530000000000e+04, 4.10060000000000e+04, 5.70873820631719e-12]
	RefineElem[5: 1.63400000000000e+04, 1.61580000000000e+04, 1.61630000000000e+04, 1.61640000000000e+04, 5.70828135836360e-12]
	RefineElem[5: 7.29010000000000e+04, 2.32030000000000e+04, 2.07490000000000e+04, 4.18840000000000e+04, 5.70636963426218e-12]
	RefineElem[5: 7.13850000000000e+04, 4.15790000000000e+04, 1.46740000000000e+04, 4.09790000000000e+04, 5.70571854803084e-12]
	RefineElem[5: 7.05740000000000e+04, 2.38230000000000e+04, 4.04290000000000e+04, 4.13660000000000e+04, 5.70376284401507e-12]
	RefineElem[5: 6.77580000000000e+04, 4.05260000000000e+04, 2.39570000000000e+04, 2.39580000000000e+04, 5.69449572604307e-12]
	RefineElem[5: 8.39660000000000e+04, 2.82050000000000e+04, 4.07880000000000e+04, 4.45890000000000e+04, 5.69295992491731e-12]
	RefineElem[5: 6.96160000000000e+04, 4.11100000000000e+04, 3.47530000000000e+04, 3.48510000000000e+04, 5.69231878119524e-12]
	RefineElem[5: 7.41840000000000e+04, 7.74100000000000e+03, 7.85100000000000e+03, 4.21480000000000e+04, 5.69134085126392e-12]
	RefineElem[5: 9.99400000000000e+04, 4.99090000000000e+04, 4.99050000000000e+04, 4.99040000000000e+04, 5.68047647807871e-12]
	RefineElem[5: 6.26660000000000e+04, 2.26320000000000e+04, 2.26120000000000e+04, 2.26420000000000e+04, 5.67831769979825e-12]
	RefineElem[5: 6.91130000000000e+04, 4.09740000000000e+04, 3.59700000000000e+03, 3.61400000000000e+03, 5.67359553258645e-12]
	RefineElem[5: 8.39500000000000e+04, 4.45850000000000e+04, 4.07890000000000e+04, 4.07900000000000e+04, 5.65575247098405e-12]
	RefineElem[5: 8.63750000000000e+04, 4.54620000000000e+04, 1.92200000000000e+04, 2.13990000000000e+04, 5.65414239044021e-12]
	RefineElem[5: 7.62390000000000e+04, 4.25830000000000e+04, 4.13860000000000e+04, 4.11510000000000e+04, 5.65103249238982e-12]
	RefineElem[5: 5.87580000000000e+04, 2.28030000000000e+04, 2.27810000000000e+04, 2.26920000000000e+04, 5.64936045995635e-12]
	RefineElem[5: 6.03040000000000e+04, 3.15500000000000e+03, 3.17700000000000e+03, 3.56900000000000e+03, 5.64749771170588e-12]
	RefineElem[5: 2.29480000000000e+04, 2.39440000000000e+04, 2.39470000000000e+04, 2.14220000000000e+04, 5.64422553874982e-12]
	RefineElem[5: 7.04630000000000e+04, 3.49700000000000e+04, 4.13420000000000e+04, 3.50080000000000e+04, 5.64379292081767e-12]
	RefineElem[5: 9.10030000000000e+04, 4.70380000000000e+04, 2.47880000000000e+04, 2.47890000000000e+04, 5.63744127657945e-12]
	RefineElem[5: 7.49040000000000e+04, 4.10890000000000e+04, 4.07000000000000e+04, 4.23020000000000e+04, 5.63406000302233e-12]
	RefineElem[5: 7.74420000000000e+04, 4.28330000000000e+04, 2.77140000000000e+04, 2.81680000000000e+04, 5.63365018685911e-12]
	RefineElem[5: 6.80980000000000e+04, 3.84890000000000e+04, 4.06520000000000e+04, 3.84910000000000e+04, 5.62990031955491e-12]
	RefineElem[5: 7.67600000000000e+04, 2.76670000000000e+04, 2.76230000000000e+04, 4.27260000000000e+04, 5.62795363723651e-12]
	RefineElem[5: 1.01995000000000e+05, 5.06100000000000e+04, 5.06110000000000e+04, 5.06120000000000e+04, 5.62421562265890e-12]
	RefineElem[5: 6.95490000000000e+04, 4.11020000000000e+04, 1.75200000000000e+03, 1.75300000000000e+03, 5.62219855266963e-12]
	RefineElem[5: 7.81810000000000e+04, 2.16840000000000e+04, 4.20760000000000e+04, 4.30040000000000e+04, 5.61885553739648e-12]
	RefineElem[5: 3.56260000000000e+04, 3.48220000000000e+04, 3.48200000000000e+04, 3.47570000000000e+04, 5.60897517075149e-12]
	RefineElem[5: 2.12900000000000e+04, 1.88590000000000e+04, 1.88580000000000e+04, 1.88650000000000e+04, 5.60677207006571e-12]
	RefineElem[5: 6.65520000000000e+04, 3.91440000000000e+04, 4.01020000000000e+04, 2.12750000000000e+04, 5.60594540704275e-12]
	RefineElem[5: 8.83350000000000e+04, 4.14640000000000e+04, 2.48070000000000e+04, 4.62790000000000e+04, 5.60101509914198e-12]
	RefineElem[5: 2.51340000000000e+04, 2.70510000000000e+04, 2.70200000000000e+04, 2.70210000000000e+04, 5.59905385664138e-12]
	RefineElem[5: 5.44260000000000e+04, 2.84400000000000e+03, 2.86000000000000e+03, 2.78800000000000e+03, 5.59776919429353e-12]
	RefineElem[5: 7.59680000000000e+04, 4.25040000000000e+04, 7.50300000000000e+03, 7.50200000000000e+03, 5.59290930742608e-12]
	RefineElem[5: 8.18160000000000e+04, 1.53430000000000e+04, 1.53580000000000e+04, 4.39520000000000e+04, 5.59063942841006e-12]
	RefineElem[5: 2.12810000000000e+04, 1.88720000000000e+04, 1.88710000000000e+04, 1.88600000000000e+04, 5.59029461108229e-12]
	RefineElem[5: 9.34780000000000e+04, 2.92020000000000e+04, 4.43420000000000e+04, 4.77840000000000e+04, 5.58803155482790e-12]
	RefineElem[5: 7.03140000000000e+04, 4.12980000000000e+04, 2.24840000000000e+04, 2.24470000000000e+04, 5.58037314543950e-12]
	RefineElem[5: 7.16650000000000e+04, 1.70460000000000e+04, 1.71000000000000e+04, 4.16350000000000e+04, 5.57630042445082e-12]
	RefineElem[5: 5.96550000000000e+04, 2.29730000000000e+04, 2.31210000000000e+04, 2.31200000000000e+04, 5.57548413839807e-12]
	RefineElem[5: 8.40040000000000e+04, 2.85310000000000e+04, 4.18920000000000e+04, 4.45990000000000e+04, 5.57309779782970e-12]
	RefineElem[5: 8.18750000000000e+04, 4.39720000000000e+04, 2.16790000000000e+04, 4.30080000000000e+04, 5.57233734393790e-12]
	RefineElem[5: 7.86080000000000e+04, 4.31270000000000e+04, 4.07640000000000e+04, 4.31300000000000e+04, 5.56359371572613e-12]
	RefineElem[5: 3.68150000000000e+04, 3.61220000000000e+04, 3.60710000000000e+04, 3.60820000000000e+04, 5.54432825655706e-12]
	RefineElem[5: 6.33790000000000e+04, 1.53950000000000e+04, 1.54110000000000e+04, 1.54120000000000e+04, 5.54195336561986e-12]
	RefineElem[5: 7.87950000000000e+04, 4.31640000000000e+04, 4.31630000000000e+04, 4.31610000000000e+04, 5.53939401827702e-12]
	RefineElem[5: 8.18190000000000e+04, 4.39520000000000e+04, 1.34460000000000e+04, 1.34540000000000e+04, 5.53173495929063e-12]
	RefineElem[5: 8.63920000000000e+04, 4.54700000000000e+04, 2.54850000000000e+04, 2.56640000000000e+04, 5.52642533746786e-12]
	RefineElem[5: 4.84590000000000e+04, 3.76270000000000e+04, 3.76250000000000e+04, 3.98980000000000e+04, 5.51903413776569e-12]
	RefineElem[5: 7.16680000000000e+04, 4.16370000000000e+04, 2.63270000000000e+04, 2.63260000000000e+04, 5.51831125106498e-12]
	RefineElem[5: 5.80030000000000e+04, 2.77890000000000e+04, 3.92750000000000e+04, 2.77990000000000e+04, 5.50865264024428e-12]
	RefineElem[5: 7.44140000000000e+04, 2.58900000000000e+04, 4.16000000000000e+04, 4.21840000000000e+04, 5.49582050162131e-12]
	RefineElem[5: 7.07290000000000e+04, 4.14080000000000e+04, 3.50610000000000e+04, 3.87180000000000e+04, 5.46667959121898e-12]
	RefineElem[5: 9.71510000000000e+04, 4.07740000000000e+04, 4.03540000000000e+04, 4.90540000000000e+04, 5.46596537364697e-12]
	RefineElem[5: 9.55460000000000e+04, 4.84480000000000e+04, 4.30670000000000e+04, 4.23720000000000e+04, 5.46590568066475e-12]
	RefineElem[5: 7.84140000000000e+04, 2.31570000000000e+04, 4.14850000000000e+04, 4.30710000000000e+04, 5.46530497294654e-12]
	RefineElem[5: 7.62380000000000e+04, 9.92200000000000e+03, 4.08120000000000e+04, 4.25830000000000e+04, 5.46452919195478e-12]
	RefineElem[5: 7.48910000000000e+04, 4.22970000000000e+04, 4.22980000000000e+04, 4.06830000000000e+04, 5.46395606123206e-12]
	RefineElem[5: 7.19610000000000e+04, 4.16980000000000e+04, 3.58000000000000e+03, 3.57400000000000e+03, 5.46271408290275e-12]
	RefineElem[5: 6.83570000000000e+04, 4.07300000000000e+04, 3.47640000000000e+04, 3.48140000000000e+04, 5.46150533894148e-12]
	RefineElem[5: 6.86700000000000e+04, 4.08450000000000e+04, 2.27410000000000e+04, 2.27380000000000e+04, 5.46120601713020e-12]
	RefineElem[5: 6.93110000000000e+04, 4.09540000000000e+04, 4.10330000000000e+04, 2.33160000000000e+04, 5.45827070006603e-12]
	RefineElem[5: 1.49210000000000e+04, 1.16440000000000e+04, 1.16380000000000e+04, 9.63700000000000e+03, 5.45762571926372e-12]
	RefineElem[5: 6.89240000000000e+04, 2.64370000000000e+04, 2.64320000000000e+04, 4.09330000000000e+04, 5.45495277650345e-12]
	RefineElem[5: 9.50250000000000e+04, 4.82800000000000e+04, 4.28930000000000e+04, 2.82620000000000e+04, 5.45410287179458e-12]
	RefineElem[5: 5.26550000000000e+04, 2.71100000000000e+04, 2.71060000000000e+04, 2.71030000000000e+04, 5.44673255273574e-12]
	RefineElem[5: 8.20950000000000e+04, 4.40550000000000e+04, 1.49120000000000e+04, 1.49260000000000e+04, 5.44552560462168e-12]
	RefineElem[5: 7.25710000000000e+04, 2.67480000000000e+04, 3.90960000000000e+04, 4.18210000000000e+04, 5.44225068099657e-12]
	RefineElem[5: 7.36340000000000e+04, 3.50330000000000e+04, 3.87100000000000e+04, 4.20380000000000e+04, 5.43959376632890e-12]
	RefineElem[5: 6.29260000000000e+04, 3.91800000000000e+03, 5.63000000000000e+03, 3.86700000000000e+03, 5.43858277493300e-12]
	RefineElem[5: 6.96590000000000e+04, 2.26310000000000e+04, 4.11190000000000e+04, 2.26630000000000e+04, 5.43625317003685e-12]
	RefineElem[5: 5.22570000000000e+04, 2.18570000000000e+04, 2.18540000000000e+04, 2.18640000000000e+04, 5.43579088566837e-12]
	RefineElem[5: 8.45830000000000e+04, 5.94700000000000e+03, 5.99800000000000e+03, 4.47470000000000e+04, 5.43476203016960e-12]
	RefineElem[5: 6.54960000000000e+04, 1.67690000000000e+04, 1.67880000000000e+04, 1.67890000000000e+04, 5.43152660359727e-12]
	RefineElem[5: 2.30700000000000e+03, 5.74700000000000e+03, 5.77000000000000e+03, 3.90700000000000e+03, 5.42526234586410e-12]
	RefineElem[5: 9.54170000000000e+04, 4.07280000000000e+04, 4.84090000000000e+04, 4.07290000000000e+04, 5.42261532138273e-12]
	RefineElem[5: 7.16630000000000e+04, 4.16350000000000e+04, 1.71080000000000e+04, 1.70500000000000e+04, 5.41455827633090e-12]
	RefineElem[5: 6.77940000000000e+04, 4.05410000000000e+04, 3.59100000000000e+03, 3.62500000000000e+03, 5.41420614999304e-12]
	RefineElem[5: 7.30270000000000e+04, 2.77830000000000e+04, 3.92680000000000e+04, 4.19150000000000e+04, 5.41418947788366e-12]
	RefineElem[5: 7.07480000000000e+04, 4.14130000000000e+04, 4.14120000000000e+04, 4.05460000000000e+04, 5.40938066334506e-12]
	RefineElem[5: 9.56950000000000e+04, 4.84930000000000e+04, 4.11200000000000e+04, 2.83070000000000e+04, 5.39529156937734e-12]
	RefineElem[5: 7.49200000000000e+04, 2.81980000000000e+04, 4.11370000000000e+04, 4.23080000000000e+04, 5.39203277296494e-12]
	RefineElem[5: 7.53290000000000e+04, 8.61100000000000e+03, 4.23660000000000e+04, 8.59900000000000e+03, 5.39033873382918e-12]
	RefineElem[5: 9.54280000000000e+04, 4.07230000000000e+04, 4.84110000000000e+04, 4.84120000000000e+04, 5.38626902181548e-12]
	RefineElem[5: 7.96420000000000e+04, 4.33600000000000e+04, 4.26080000000000e+04, 4.33570000000000e+04, 5.38086175114826e-12]
	RefineElem[5: 6.91390000000000e+04, 4.09790000000000e+04, 1.46220000000000e+04, 1.45960000000000e+04, 5.38007664368716e-12]
	RefineElem[5: 7.98620000000000e+04, 1.42100000000000e+04, 1.42890000000000e+04, 4.34440000000000e+04, 5.37289843912981e-12]
	RefineElem[5: 6.86380000000000e+04, 4.08370000000000e+04, 4.08380000000000e+04, 4.06080000000000e+04, 5.37225158149830e-12]
	RefineElem[5: 7.46640000000000e+04, 3.49040000000000e+04, 4.12640000000000e+04, 4.22360000000000e+04, 5.37025791703985e-12]
	RefineElem[5: 9.52290000000000e+04, 4.45140000000000e+04, 4.45100000000000e+04, 4.83450000000000e+04, 5.36886430199640e-12]
	RefineElem[5: 3.58450000000000e+04, 3.50080000000000e+04, 3.74440000000000e+04, 3.74450000000000e+04, 5.36857595834845e-12]
	RefineElem[5: 5.59130000000000e+04, 3.87380000000000e+04, 2.43430000000000e+04, 2.43440000000000e+04, 5.36647640782799e-12]
	RefineElem[5: 6.84920000000000e+04, 4.07840000000000e+04, 2.70500000000000e+04, 4.06370000000000e+04, 5.36545635116394e-12]
	RefineElem[5: 7.88390000000000e+04, 4.05650000000000e+04, 4.05640000000000e+04, 4.31760000000000e+04, 5.36402389963242e-12]
	RefineElem[5: 1.83790000000000e+04, 1.67900000000000e+04, 1.67950000000000e+04, 1.67920000000000e+04, 5.35161299167767e-12]
	RefineElem[5: 7.41800000000000e+04, 7.41600000000000e+03, 4.21480000000000e+04, 7.39700000000000e+03, 5.35014978386380e-12]
	RefineElem[5: 7.24460000000000e+04, 4.17880000000000e+04, 2.81040000000000e+04, 2.81010000000000e+04, 5.34887711791973e-12]
	RefineElem[5: 7.00340000000000e+04, 2.57170000000000e+04, 4.09800000000000e+04, 4.12350000000000e+04, 5.34691604544188e-12]
	RefineElem[5: 4.76440000000000e+04, 3.47250000000000e+04, 3.48880000000000e+04, 3.87330000000000e+04, 5.34467504556277e-12]
	RefineElem[5: 5.35460000000000e+04, 3.71120000000000e+04, 3.71130000000000e+04, 3.71140000000000e+04, 5.34376798665596e-12]
	RefineElem[5: 7.22510000000000e+04, 4.17530000000000e+04, 2.06790000000000e+04, 2.03180000000000e+04, 5.34110043054610e-12]
	RefineElem[5: 5.35370000000000e+04, 3.71030000000000e+04, 3.71020000000000e+04, 3.71040000000000e+04, 5.33665090887166e-12]
	RefineElem[5: 1.83800000000000e+04, 1.67920000000000e+04, 1.67910000000000e+04, 1.67890000000000e+04, 5.33414356965301e-12]
	RefineElem[5: 4.76540000000000e+04, 3.72970000000000e+04, 3.72980000000000e+04, 3.72990000000000e+04, 5.33071068938306e-12]
	RefineElem[5: 6.86490000000000e+04, 4.08410000000000e+04, 4.08400000000000e+04, 3.47210000000000e+04, 5.32001780323744e-12]
	RefineElem[5: 7.01780000000000e+04, 1.67510000000000e+04, 4.12680000000000e+04, 1.67620000000000e+04, 5.31920760743902e-12]
	RefineElem[5: 7.73020000000000e+04, 2.09480000000000e+04, 4.18030000000000e+04, 4.28090000000000e+04, 5.31559334371621e-12]
	RefineElem[5: 6.98110000000000e+04, 2.37200000000000e+04, 4.07970000000000e+04, 4.11610000000000e+04, 5.31541638908646e-12]
	RefineElem[5: 6.42780000000000e+04, 2.77820000000000e+04, 2.77830000000000e+04, 2.80910000000000e+04, 5.31521040175290e-12]
	RefineElem[5: 6.75130000000000e+04, 4.03640000000000e+04, 2.30570000000000e+04, 2.30550000000000e+04, 5.31270449551049e-12]
	RefineElem[5: 5.74670000000000e+04, 1.11990000000000e+04, 1.21360000000000e+04, 1.21090000000000e+04, 5.30690492545906e-12]
	RefineElem[5: 1.01158000000000e+05, 5.02690000000000e+04, 4.03580000000000e+04, 4.03370000000000e+04, 5.30394107259567e-12]
	RefineElem[5: 7.04520000000000e+04, 5.67500000000000e+03, 4.13350000000000e+04, 3.09100000000000e+03, 5.30227801974742e-12]
	RefineElem[5: 7.65160000000000e+04, 9.93000000000000e+02, 2.29500000000000e+03, 4.26610000000000e+04, 5.29838709175995e-12]
	RefineElem[5: 6.41720000000000e+04, 1.48090000000000e+04, 1.48080000000000e+04, 1.47430000000000e+04, 5.29774307045347e-12]
	RefineElem[5: 7.77360000000000e+04, 5.66700000000000e+03, 3.11800000000000e+03, 4.28980000000000e+04, 5.28613646312014e-12]
	RefineElem[5: 7.83640000000000e+04, 4.25670000000000e+04, 4.06950000000000e+04, 4.30600000000000e+04, 5.28483691482216e-12]
	RefineElem[5: 6.28230000000000e+04, 2.89910000000000e+04, 2.89890000000000e+04, 3.90740000000000e+04, 5.27971833051993e-12]
	RefineElem[5: 6.88990000000000e+04, 4.09280000000000e+04, 2.11620000000000e+04, 2.07620000000000e+04, 5.27822869769629e-12]
	RefineElem[5: 1.77700000000000e+04, 1.35550000000000e+04, 1.54920000000000e+04, 1.54860000000000e+04, 5.27531402971999e-12]
	RefineElem[5: 6.25120000000000e+04, 1.93050000000000e+04, 1.93600000000000e+04, 2.13300000000000e+04, 5.27513243976362e-12]
	RefineElem[5: 8.25850000000000e+04, 4.42120000000000e+04, 2.66020000000000e+04, 2.66030000000000e+04, 5.27437190748974e-12]
	RefineElem[5: 7.00600000000000e+04, 4.12420000000000e+04, 2.18370000000000e+04, 4.12410000000000e+04, 5.27363948931469e-12]
	RefineElem[5: 9.83500000000000e+04, 4.94500000000000e+04, 4.79300000000000e+04, 4.79250000000000e+04, 5.27281099049964e-12]
	RefineElem[5: 7.46940000000000e+04, 4.22460000000000e+04, 3.48870000000000e+04, 3.89770000000000e+04, 5.27186324755987e-12]
	RefineElem[5: 7.58200000000000e+04, 4.24720000000000e+04, 4.14620000000000e+04, 2.81980000000000e+04, 5.27180766748764e-12]
	RefineElem[5: 7.04560000000000e+04, 4.13350000000000e+04, 5.67500000000000e+03, 5.69600000000000e+03, 5.27034893725767e-12]
	RefineElem[5: 7.84690000000000e+04, 4.30840000000000e+04, 4.30830000000000e+04, 2.70490000000000e+04, 5.26928011750874e-12]
	RefineElem[5: 7.24740000000000e+04, 4.15000000000000e+04, 2.52550000000000e+04, 4.17900000000000e+04, 5.26857946415067e-12]
	RefineElem[5: 9.16200000000000e+03, 8.56600000000000e+03, 8.57000000000000e+03, 7.44500000000000e+03, 5.26691863503119e-12]
	RefineElem[5: 5.43210000000000e+04, 1.78500000000000e+03, 1.80400000000000e+03, 1.80800000000000e+03, 5.26404216801748e-12]
	RefineElem[5: 8.60650000000000e+04, 4.44130000000000e+04, 4.53460000000000e+04, 4.04130000000000e+04, 5.26128995164820e-12]
	RefineElem[5: 6.85560000000000e+04, 4.08070000000000e+04, 3.84950000000000e+04, 4.07710000000000e+04, 5.26092500516528e-12]
	RefineElem[5: 6.17040000000000e+04, 2.86760000000000e+04, 2.86790000000000e+04, 2.86890000000000e+04, 5.25791946012699e-12]
	RefineElem[5: 7.15500000000000e+04, 4.16090000000000e+04, 2.57960000000000e+04, 2.57970000000000e+04, 5.25441457037264e-12]
	RefineElem[5: 6.50910000000000e+04, 2.79590000000000e+04, 2.80890000000000e+04, 2.80900000000000e+04, 5.25300058679948e-12]
	RefineElem[5: 1.02840000000000e+05, 3.49340000000000e+04, 5.02810000000000e+04, 5.08420000000000e+04, 5.25131826940538e-12]
	RefineElem[5: 5.22130000000000e+04, 1.95630000000000e+04, 1.95610000000000e+04, 2.12140000000000e+04, 5.24615268520142e-12]
	RefineElem[5: 6.98420000000000e+04, 4.11690000000000e+04, 3.50010000000000e+04, 3.74360000000000e+04, 5.23651660184905e-12]
	RefineElem[5: 9.17450000000000e+04, 4.72730000000000e+04, 4.05710000000000e+04, 3.50310000000000e+04, 5.23441406163847e-12]
	RefineElem[5: 7.01800000000000e+04, 4.12680000000000e+04, 1.67550000000000e+04, 1.67650000000000e+04, 5.22416782458771e-12]
	RefineElem[5: 4.98290000000000e+04, 3.84810000000000e+04, 3.84790000000000e+04, 3.95430000000000e+04, 5.21938132330350e-12]
	RefineElem[5: 6.87520000000000e+04, 4.08760000000000e+04, 4.08750000000000e+04, 4.05490000000000e+04, 5.21576566494444e-12]
	RefineElem[5: 6.52610000000000e+04, 3.93330000000000e+04, 2.88770000000000e+04, 2.88730000000000e+04, 5.21003684903544e-12]
	RefineElem[5: 9.15450000000000e+04, 4.72110000000000e+04, 4.72100000000000e+04, 1.24810000000000e+04, 5.20251297729025e-12]
	RefineElem[5: 6.94830000000000e+04, 2.77240000000000e+04, 2.77210000000000e+04, 4.10810000000000e+04, 5.19631436440857e-12]
	RefineElem[5: 7.87650000000000e+04, 4.31570000000000e+04, 2.53010000000000e+04, 4.15000000000000e+04, 5.19143877499204e-12]
	RefineElem[5: 6.83730000000000e+04, 4.07390000000000e+04, 3.49580000000000e+04, 3.49920000000000e+04, 5.19109616351209e-12]
	RefineElem[5: 6.85590000000000e+04, 4.08080000000000e+04, 1.00090000000000e+04, 4.03990000000000e+04, 5.18586722873925e-12]
	RefineElem[5: 8.85740000000000e+04, 2.28530000000000e+04, 4.27480000000000e+04, 4.63520000000000e+04, 5.18319635093343e-12]
	RefineElem[5: 6.14390000000000e+04, 2.47830000000000e+04, 2.47190000000000e+04, 2.48140000000000e+04, 5.18093577256052e-12]
	RefineElem[5: 9.62450000000000e+04, 4.86530000000000e+04, 4.42780000000000e+04, 4.03810000000000e+04, 5.17506008644773e-12]
	RefineElem[5: 6.40420000000000e+04, 1.00100000000000e+04, 1.14430000000000e+04, 1.14440000000000e+04, 5.17391288817434e-12]
	RefineElem[5: 5.75150000000000e+04, 1.27820000000000e+04, 1.27890000000000e+04, 1.28280000000000e+04, 5.17365670373867e-12]
	RefineElem[5: 9.32860000000000e+04, 4.53810000000000e+04, 4.77210000000000e+04, 4.77200000000000e+04, 5.16787976417303e-12]
	RefineElem[5: 6.83480000000000e+04, 3.48170000000000e+04, 3.47650000000000e+04, 4.07210000000000e+04, 5.16458959068992e-12]
	RefineElem[5: 7.85730000000000e+04, 2.21890000000000e+04, 2.31590000000000e+04, 4.31200000000000e+04, 5.16349776724082e-12]
	RefineElem[5: 6.86010000000000e+04, 2.66280000000000e+04, 2.66530000000000e+04, 4.08200000000000e+04, 5.16314156953070e-12]
	RefineElem[5: 6.64490000000000e+04, 4.00830000000000e+04, 3.94440000000000e+04, 2.03500000000000e+04, 5.16164158252350e-12]
	RefineElem[5: 1.00022000000000e+05, 4.84510000000000e+04, 4.84490000000000e+04, 4.99330000000000e+04, 5.16117029821093e-12]
	RefineElem[5: 7.42380000000000e+04, 3.03700000000000e+03, 9.91000000000000e+02, 4.21540000000000e+04, 5.14478261252551e-12]
	RefineElem[5: 7.28510000000000e+04, 4.18770000000000e+04, 1.13190000000000e+04, 1.22320000000000e+04, 5.14290476183782e-12]
	RefineElem[5: 6.51500000000000e+04, 2.27320000000000e+04, 1.67460000000000e+04, 1.67440000000000e+04, 5.14028113864616e-12]
	RefineElem[5: 1.03446000000000e+05, 5.10300000000000e+04, 3.49480000000000e+04, 5.07490000000000e+04, 5.13872577685189e-12]
	RefineElem[5: 7.04650000000000e+04, 4.13420000000000e+04, 3.49650000000000e+04, 3.50210000000000e+04, 5.13669882888014e-12]
	RefineElem[5: 7.79430000000000e+04, 4.29370000000000e+04, 4.08670000000000e+04, 3.57600000000000e+03, 5.13212147700446e-12]
	RefineElem[5: 8.34980000000000e+04, 4.44400000000000e+04, 4.16170000000000e+04, 2.20490000000000e+04, 5.13143108737555e-12]
	RefineElem[5: 8.35060000000000e+04, 4.44420000000000e+04, 4.16160000000000e+04, 4.16170000000000e+04, 5.12956874586771e-12]
	RefineElem[5: 8.58270000000000e+04, 4.32290000000000e+04, 2.14680000000000e+04, 4.52310000000000e+04, 5.12514570416864e-12]
	RefineElem[5: 9.31840000000000e+04, 4.76880000000000e+04, 4.39750000000000e+04, 4.76840000000000e+04, 5.12355655929366e-12]
	RefineElem[5: 6.58490000000000e+04, 3.92840000000000e+04, 2.03450000000000e+04, 2.03440000000000e+04, 5.12260523856061e-12]
	RefineElem[5: 6.88980000000000e+04, 2.07620000000000e+04, 1.96620000000000e+04, 4.09280000000000e+04, 5.12191552768469e-12]
	RefineElem[5: 6.87640000000000e+04, 4.08800000000000e+04, 3.83200000000000e+04, 3.83180000000000e+04, 5.11263789251433e-12]
	RefineElem[5: 6.88060000000000e+04, 4.09030000000000e+04, 4.09010000000000e+04, 4.08950000000000e+04, 5.10962851246186e-12]
	RefineElem[5: 1.79550000000000e+04, 1.63410000000000e+04, 1.47910000000000e+04, 1.27930000000000e+04, 5.10759538331425e-12]
	RefineElem[5: 7.87320000000000e+04, 2.27830000000000e+04, 2.26780000000000e+04, 4.31540000000000e+04, 5.10712606245629e-12]
	RefineElem[5: 6.96130000000000e+04, 3.47540000000000e+04, 4.11100000000000e+04, 3.48280000000000e+04, 5.10007268597228e-12]
	RefineElem[5: 8.39910000000000e+04, 4.45950000000000e+04, 4.18930000000000e+04, 4.18940000000000e+04, 5.09504039540554e-12]
	RefineElem[5: 7.04530000000000e+04, 4.13350000000000e+04, 5.68100000000000e+03, 3.10000000000000e+03, 5.09264199893415e-12]
	RefineElem[5: 4.93930000000000e+04, 3.82900000000000e+04, 3.82910000000000e+04, 3.95550000000000e+04, 5.09047768292484e-12]
	RefineElem[5: 9.71530000000000e+04, 4.07730000000000e+04, 4.90540000000000e+04, 4.90550000000000e+04, 5.08442175016403e-12]
	RefineElem[5: 6.81560000000000e+04, 4.06630000000000e+04, 2.83410000000000e+04, 2.83430000000000e+04, 5.08285206668676e-12]
	RefineElem[5: 8.06890000000000e+04, 4.17260000000000e+04, 4.09170000000000e+04, 4.36480000000000e+04, 5.08048842457882e-12]
	RefineElem[5: 9.69610000000000e+04, 2.86560000000000e+04, 2.86530000000000e+04, 4.89690000000000e+04, 5.07913722981735e-12]
	RefineElem[5: 7.12440000000000e+04, 2.38240000000000e+04, 3.87140000000000e+04, 4.15310000000000e+04, 5.07283769549133e-12]
	RefineElem[5: 5.55720000000000e+04, 2.00470000000000e+04, 2.00880000000000e+04, 2.00890000000000e+04, 5.06804084126701e-12]
	RefineElem[5: 3.46420000000000e+04, 3.41180000000000e+04, 3.41190000000000e+04, 3.41170000000000e+04, 5.05965474063456e-12]
	RefineElem[5: 7.70590000000000e+04, 4.27620000000000e+04, 2.55610000000000e+04, 2.57140000000000e+04, 5.05680823701080e-12]
	RefineElem[5: 6.81360000000000e+04, 4.06580000000000e+04, 2.83510000000000e+04, 2.82620000000000e+04, 5.05229363113187e-12]
	RefineElem[5: 7.21090000000000e+04, 4.07650000000000e+04, 4.16870000000000e+04, 4.17300000000000e+04, 5.04872779868619e-12]
	RefineElem[5: 7.03680000000000e+04, 2.77930000000000e+04, 2.77980000000000e+04, 4.13100000000000e+04, 5.04509145532559e-12]
	RefineElem[5: 7.56000000000000e+04, 4.24210000000000e+04, 9.67200000000000e+03, 9.67600000000000e+03, 5.04482590463389e-12]
	RefineElem[5: 5.35470000000000e+04, 3.71140000000000e+04, 3.71160000000000e+04, 3.71120000000000e+04, 5.04023962410884e-12]
	RefineElem[5: 6.34500000000000e+04, 2.28390000000000e+04, 2.40610000000000e+04, 1.91730000000000e+04, 5.03873953662099e-12]
	RefineElem[5: 9.44030000000000e+04, 4.80870000000000e+04, 4.80860000000000e+04, 4.80840000000000e+04, 5.03608363829551e-12]
	RefineElem[5: 6.93310000000000e+04, 1.94870000000000e+04, 1.95000000000000e+04, 4.10370000000000e+04, 5.03466317453830e-12]
	RefineElem[5: 8.25380000000000e+04, 4.41930000000000e+04, 2.17050000000000e+04, 2.17040000000000e+04, 5.03312473749202e-12]
	RefineElem[5: 7.63720000000000e+04, 4.26190000000000e+04, 2.46460000000000e+04, 2.46290000000000e+04, 5.02852649143260e-12]
	RefineElem[5: 6.85900000000000e+04, 4.08170000000000e+04, 2.03460000000000e+04, 2.03340000000000e+04, 5.02742035705263e-12]
	RefineElem[5: 7.00490000000000e+04, 3.11800000000000e+03, 5.66700000000000e+03, 4.12380000000000e+04, 5.02660342667164e-12]
	RefineElem[5: 1.02043000000000e+05, 5.06230000000000e+04, 5.00410000000000e+04, 3.47450000000000e+04, 5.01910880333209e-12]
	RefineElem[5: 4.76530000000000e+04, 3.73010000000000e+04, 3.72950000000000e+04, 3.72940000000000e+04, 5.01903773292864e-12]
	RefineElem[5: 7.23880000000000e+04, 2.06630000000000e+04, 4.17740000000000e+04, 4.05240000000000e+04, 5.01367829192080e-12]
	RefineElem[5: 6.98710000000000e+04, 4.11780000000000e+04, 4.04820000000000e+04, 4.04150000000000e+04, 5.01345319903814e-12]
	RefineElem[5: 7.16500000000000e+03, 3.59500000000000e+03, 3.60600000000000e+03, 7.14000000000000e+02, 5.01165785208572e-12]
	RefineElem[5: 6.83660000000000e+04, 3.49870000000000e+04, 3.49520000000000e+04, 4.07340000000000e+04, 5.00634855328113e-12]
	RefineElem[5: 6.85930000000000e+04, 4.08170000000000e+04, 2.03340000000000e+04, 2.03370000000000e+04, 4.99520964513192e-12]
	RefineElem[5: 6.85340000000000e+04, 1.46990000000000e+04, 4.07950000000000e+04, 1.47190000000000e+04, 4.99325194108215e-12]
	RefineElem[5: 7.21920000000000e+04, 1.11310000000000e+04, 1.11850000000000e+04, 4.17430000000000e+04, 4.98940040562754e-12]
	RefineElem[5: 7.00910000000000e+04, 4.12490000000000e+04, 2.74970000000000e+04, 2.75420000000000e+04, 4.98817112454983e-12]
	RefineElem[5: 6.35220000000000e+04, 2.86760000000000e+04, 2.86890000000000e+04, 2.86880000000000e+04, 4.98576349586689e-12]
	RefineElem[5: 2.29410000000000e+04, 2.14150000000000e+04, 2.14140000000000e+04, 2.39430000000000e+04, 4.98291617471831e-12]
	RefineElem[5: 4.84380000000000e+04, 3.98730000000000e+04, 3.76340000000000e+04, 3.98710000000000e+04, 4.98024062524363e-12]
	RefineElem[5: 6.92110000000000e+04, 4.09990000000000e+04, 4.09980000000000e+04, 2.63250000000000e+04, 4.97641503259029e-12]
	RefineElem[5: 2.74000000000000e+04, 2.88850000000000e+04, 3.92310000000000e+04, 2.68870000000000e+04, 4.97038936146141e-12]
	RefineElem[5: 7.00450000000000e+04, 4.12380000000000e+04, 5.64000000000000e+03, 3.11900000000000e+03, 4.96627765678138e-12]
	RefineElem[5: 7.42320000000000e+04, 4.21540000000000e+04, 9.91000000000000e+02, 9.85000000000000e+02, 4.96238931921067e-12]
	RefineElem[5: 6.99320000000000e+04, 4.09710000000000e+04, 4.09720000000000e+04, 4.12000000000000e+04, 4.95986521747399e-12]
	RefineElem[5: 5.27140000000000e+04, 2.76870000000000e+04, 2.76580000000000e+04, 2.76600000000000e+04, 4.95976297695411e-12]
	RefineElem[5: 6.82270000000000e+04, 3.93830000000000e+04, 2.12780000000000e+04, 4.06930000000000e+04, 4.95957636933973e-12]
	RefineElem[5: 5.23030000000000e+04, 2.21960000000000e+04, 2.21940000000000e+04, 2.21850000000000e+04, 4.95744281630580e-12]
	RefineElem[5: 2.29420000000000e+04, 2.39380000000000e+04, 2.14180000000000e+04, 2.14150000000000e+04, 4.95400865719591e-12]
	RefineElem[5: 6.81610000000000e+04, 2.48420000000000e+04, 2.48580000000000e+04, 4.06640000000000e+04, 4.95346359143320e-12]
	RefineElem[5: 1.47820000000000e+04, 9.52100000000000e+03, 9.50100000000000e+03, 1.17130000000000e+04, 4.94884146373254e-12]
	RefineElem[5: 6.95700000000000e+04, 4.11040000000000e+04, 2.17680000000000e+04, 2.17480000000000e+04, 4.94857664870701e-12]
	RefineElem[5: 9.50540000000000e+04, 4.82880000000000e+04, 4.57500000000000e+04, 2.57660000000000e+04, 4.94703603025880e-12]
	RefineElem[5: 5.78730000000000e+04, 2.48610000000000e+04, 2.47640000000000e+04, 2.47230000000000e+04, 4.93855464050967e-12]
	RefineElem[5: 5.53810000000000e+04, 1.47150000000000e+04, 1.47090000000000e+04, 1.46980000000000e+04, 4.93733481942685e-12]
	RefineElem[5: 8.36630000000000e+04, 4.44840000000000e+04, 4.04360000000000e+04, 4.44920000000000e+04, 4.93724242518838e-12]
	RefineElem[5: 1.79820000000000e+04, 1.27630000000000e+04, 1.47620000000000e+04, 1.47300000000000e+04, 4.93694089705469e-12]
	RefineElem[5: 6.33390000000000e+04, 1.50850000000000e+04, 1.50810000000000e+04, 1.50610000000000e+04, 4.93465308277136e-12]
	RefineElem[5: 9.99350000000000e+04, 4.99060000000000e+04, 4.99050000000000e+04, 4.99080000000000e+04, 4.93425989990886e-12]
	RefineElem[5: 6.41110000000000e+04, 8.57700000000000e+03, 7.41000000000000e+03, 7.43000000000000e+03, 4.92965105779062e-12]
	RefineElem[5: 1.02208000000000e+05, 3.47370000000000e+04, 4.99100000000000e+04, 5.06670000000000e+04, 4.92767266473015e-12]
	RefineElem[5: 2.12790000000000e+04, 1.88450000000000e+04, 1.88700000000000e+04, 1.88710000000000e+04, 4.92550968560121e-12]
	RefineElem[5: 6.79720000000000e+04, 2.35880000000000e+04, 2.35870000000000e+04, 4.05950000000000e+04, 4.92341488107038e-12]
	RefineElem[5: 7.12910000000000e+04, 2.56390000000000e+04, 2.56370000000000e+04, 4.15420000000000e+04, 4.92021875276317e-12]
	RefineElem[5: 1.79740000000000e+04, 1.50950000000000e+04, 1.31230000000000e+04, 1.31540000000000e+04, 4.91756506763187e-12]
	RefineElem[5: 7.06100000000000e+04, 4.11850000000000e+04, 4.13770000000000e+04, 3.49850000000000e+04, 4.91748039547207e-12]
	RefineElem[5: 9.35260000000000e+04, 4.77960000000000e+04, 2.40890000000000e+04, 2.40900000000000e+04, 4.91705407100009e-12]
	RefineElem[5: 8.32450000000000e+04, 4.43700000000000e+04, 2.82040000000000e+04, 2.82030000000000e+04, 4.91372930357733e-12]
	RefineElem[5: 6.39380000000000e+04, 2.42060000000000e+04, 2.43270000000000e+04, 3.88010000000000e+04, 4.90858565077167e-12]
	RefineElem[5: 7.82280000000000e+04, 1.54340000000000e+04, 4.16490000000000e+04, 4.30240000000000e+04, 4.90721300137018e-12]
	RefineElem[5: 7.69590000000000e+04, 4.27520000000000e+04, 3.86610000000000e+04, 2.18430000000000e+04, 4.90715606604198e-12]
	RefineElem[5: 6.57060000000000e+04, 1.44280000000000e+04, 1.43530000000000e+04, 1.41780000000000e+04, 4.90367176184399e-12]
	RefineElem[5: 2.54860000000000e+04, 2.82010000000000e+04, 2.82020000000000e+04, 2.74260000000000e+04, 4.90332435976277e-12]
	RefineElem[5: 3.57410000000000e+04, 3.83160000000000e+04, 3.48270000000000e+04, 3.48520000000000e+04, 4.90161694056941e-12]
	RefineElem[5: 7.41530000000000e+04, 4.21420000000000e+04, 2.06090000000000e+04, 2.06100000000000e+04, 4.90026707470622e-12]
	RefineElem[5: 9.84980000000000e+04, 3.47460000000000e+04, 3.48180000000000e+04, 4.94930000000000e+04, 4.89710739933494e-12]
	RefineElem[5: 7.41900000000000e+03, 5.60500000000000e+03, 5.60600000000000e+03, 3.56800000000000e+03, 4.89605161188467e-12]
	RefineElem[5: 7.62790000000000e+04, 3.93420000000000e+04, 2.18770000000000e+04, 4.25930000000000e+04, 4.88817126243864e-12]
	RefineElem[5: 8.54710000000000e+04, 4.50370000000000e+04, 4.10930000000000e+04, 4.43030000000000e+04, 4.88662681614451e-12]
	RefineElem[5: 7.98730000000000e+04, 2.61150000000000e+04, 4.34450000000000e+04, 2.51850000000000e+04, 4.88635253307554e-12]
	RefineElem[5: 6.94470000000000e+04, 1.00020000000000e+04, 4.10740000000000e+04, 1.00110000000000e+04, 4.88301232356190e-12]
	RefineElem[5: 6.88540000000000e+04, 4.09130000000000e+04, 4.09140000000000e+04, 4.05300000000000e+04, 4.88139897738674e-12]
	RefineElem[5: 7.27750000000000e+04, 4.18670000000000e+04, 7.29600000000000e+03, 9.87900000000000e+03, 4.87960397610383e-12]
	RefineElem[5: 7.35200000000000e+04, 4.20130000000000e+04, 4.20110000000000e+04, 4.20100000000000e+04, 4.87646780645967e-12]
	RefineElem[5: 6.00760000000000e+04, 2.34810000000000e+04, 2.22270000000000e+04, 2.33850000000000e+04, 4.87625475429919e-12]
	RefineElem[5: 6.20890000000000e+04, 1.00460000000000e+04, 1.00380000000000e+04, 1.04080000000000e+04, 4.87562581974207e-12]
	RefineElem[5: 6.22540000000000e+04, 1.34830000000000e+04, 1.34860000000000e+04, 1.34800000000000e+04, 4.86858338791624e-12]
	RefineElem[5: 4.98250000000000e+04, 3.95400000000000e+04, 3.84700000000000e+04, 3.95360000000000e+04, 4.86744384211815e-12]
	RefineElem[5: 7.86570000000000e+04, 2.58330000000000e+04, 4.14210000000000e+04, 4.31420000000000e+04, 4.86692371686651e-12]
	RefineElem[5: 6.15500000000000e+04, 2.90080000000000e+04, 2.90090000000000e+04, 2.68570000000000e+04, 4.86444591725004e-12]
	RefineElem[5: 7.98300000000000e+04, 3.41580000000000e+04, 4.34250000000000e+04, 4.34290000000000e+04, 4.86338183562899e-12]
	RefineElem[5: 5.40170000000000e+04, 3.73010000000000e+04, 3.72940000000000e+04, 3.72990000000000e+04, 4.86214541906654e-12]
	RefineElem[5: 4.64170000000000e+04, 1.88520000000000e+04, 2.38240000000000e+04, 3.87080000000000e+04, 4.85630958930405e-12]
	RefineElem[5: 7.15600000000000e+04, 4.16110000000000e+04, 2.07510000000000e+04, 4.06940000000000e+04, 4.85423731594822e-12]
	RefineElem[5: 9.15410000000000e+04, 1.24960000000000e+04, 4.09170000000000e+04, 4.72100000000000e+04, 4.85365664381327e-12]
	RefineElem[5: 6.95910000000000e+04, 4.11050000000000e+04, 8.96100000000000e+03, 8.94400000000000e+03, 4.85326471870910e-12]
	RefineElem[5: 7.27790000000000e+04, 9.88300000000000e+03, 7.29800000000000e+03, 4.18670000000000e+04, 4.85250783441411e-12]
	RefineElem[5: 3.95890000000000e+04, 3.93850000000000e+04, 2.03530000000000e+04, 2.77780000000000e+04, 4.85063091031288e-12]
	RefineElem[5: 6.06950000000000e+04, 9.98200000000000e+03, 1.02070000000000e+04, 1.16140000000000e+04, 4.84824079028197e-12]
	RefineElem[5: 2.13010000000000e+04, 1.89040000000000e+04, 1.88970000000000e+04, 1.88830000000000e+04, 4.84223055468030e-12]
	RefineElem[5: 7.58280000000000e+04, 1.92740000000000e+04, 1.91830000000000e+04, 4.24740000000000e+04, 4.83164654164853e-12]
	RefineElem[5: 8.36450000000000e+04, 2.38630000000000e+04, 2.16860000000000e+04, 4.44860000000000e+04, 4.82691721087042e-12]
	RefineElem[5: 7.18920000000000e+04, 2.35090000000000e+04, 2.23620000000000e+04, 4.16850000000000e+04, 4.82590185964910e-12]
	RefineElem[5: 8.30220000000000e+04, 5.66000000000000e+02, 5.65000000000000e+02, 4.43200000000000e+04, 4.82381065462546e-12]
	RefineElem[5: 7.41450000000000e+04, 5.77100000000000e+03, 5.76500000000000e+03, 4.21410000000000e+04, 4.82001020306024e-12]
	RefineElem[5: 7.30100000000000e+04, 1.93800000000000e+04, 2.12980000000000e+04, 4.19120000000000e+04, 4.81564840105927e-12]
	RefineElem[5: 2.25820000000000e+04, 2.32020000000000e+04, 2.32000000000000e+04, 2.32030000000000e+04, 4.81413735085535e-12]
	RefineElem[5: 5.88210000000000e+04, 2.53760000000000e+04, 2.53770000000000e+04, 2.53890000000000e+04, 4.81354919081147e-12]
	RefineElem[5: 7.34900000000000e+04, 4.20040000000000e+04, 3.58600000000000e+03, 4.62600000000000e+03, 4.81346477912793e-12]
	RefineElem[5: 9.67180000000000e+04, 4.67050000000000e+04, 4.04380000000000e+04, 4.88500000000000e+04, 4.81211921880890e-12]
	RefineElem[5: 7.42740000000000e+04, 4.21590000000000e+04, 4.20400000000000e+04, 1.15830000000000e+04, 4.81159784831608e-12]
	RefineElem[5: 6.74690000000000e+04, 1.93640000000000e+04, 1.93650000000000e+04, 1.93670000000000e+04, 4.81090304100593e-12]
	RefineElem[5: 2.37870000000000e+04, 2.31970000000000e+04, 2.31950000000000e+04, 2.07540000000000e+04, 4.81028477289701e-12]
	RefineElem[5: 6.76560000000000e+04, 4.04860000000000e+04, 2.00250000000000e+04, 2.00190000000000e+04, 4.79810495612951e-12]
	RefineElem[5: 7.96490000000000e+04, 4.33630000000000e+04, 4.07930000000000e+04, 2.82370000000000e+04, 4.79590764338571e-12]
	RefineElem[5: 1.79190000000000e+04, 1.28980000000000e+04, 1.29200000000000e+04, 1.48880000000000e+04, 4.79491244114551e-12]
	RefineElem[5: 7.15950000000000e+04, 4.16190000000000e+04, 2.82940000000000e+04, 2.82890000000000e+04, 4.79477508624493e-12]
	RefineElem[5: 7.00870000000000e+04, 1.94870000000000e+04, 2.12090000000000e+04, 4.12470000000000e+04, 4.79469162919408e-12]
	RefineElem[5: 8.36760000000000e+04, 4.44850000000000e+04, 4.04710000000000e+04, 4.44970000000000e+04, 4.79401200560989e-12]
	RefineElem[5: 6.75120000000000e+04, 4.03610000000000e+04, 2.43870000000000e+04, 2.43890000000000e+04, 4.79365737756423e-12]
	RefineElem[5: 7.26070000000000e+04, 3.89600000000000e+04, 2.30260000000000e+04, 4.18280000000000e+04, 4.77885517584210e-12]
	RefineElem[5: 7.35810000000000e+04, 8.50400000000000e+03, 8.50500000000000e+03, 4.20270000000000e+04, 4.77825496548716e-12]
	RefineElem[5: 1.79330000000000e+04, 1.46920000000000e+04, 1.46490000000000e+04, 1.26460000000000e+04, 4.77721048562434e-12]
	RefineElem[5: 7.55960000000000e+04, 4.24210000000000e+04, 4.03800000000000e+04, 4.24200000000000e+04, 4.77247213582426e-12]
	RefineElem[5: 7.33140000000000e+04, 4.19660000000000e+04, 1.42900000000000e+04, 1.25630000000000e+04, 4.77084379731841e-12]
	RefineElem[5: 7.39790000000000e+04, 1.70550000000000e+04, 4.21130000000000e+04, 1.70940000000000e+04, 4.77002000104872e-12]
	RefineElem[5: 1.79280000000000e+04, 1.53110000000000e+04, 1.52710000000000e+04, 1.33280000000000e+04, 4.76735887425223e-12]
	RefineElem[5: 1.79560000000000e+04, 1.26920000000000e+04, 1.46880000000000e+04, 1.46920000000000e+04, 4.76731662268959e-12]
	RefineElem[5: 8.04880000000000e+04, 2.12540000000000e+04, 4.35960000000000e+04, 2.11870000000000e+04, 4.76295610537374e-12]
	RefineElem[5: 6.84300000000000e+04, 4.05900000000000e+04, 2.45400000000000e+04, 4.07620000000000e+04, 4.75917204732434e-12]
	RefineElem[5: 7.77290000000000e+04, 4.28950000000000e+04, 4.22070000000000e+04, 2.15300000000000e+03, 4.75604821841745e-12]
	RefineElem[5: 7.88260000000000e+04, 4.31730000000000e+04, 4.31720000000000e+04, 4.31710000000000e+04, 4.75304661754460e-12]
	RefineElem[5: 6.81460000000000e+04, 4.06590000000000e+04, 4.06600000000000e+04, 2.70470000000000e+04, 4.74908492477937e-12]
	RefineElem[5: 5.98620000000000e+04, 2.81780000000000e+04, 3.94480000000000e+04, 2.80220000000000e+04, 4.74526803453366e-12]
	RefineElem[5: 7.44950000000000e+04, 4.22010000000000e+04, 4.13870000000000e+04, 9.83000000000000e+03, 4.74153932220561e-12]
	RefineElem[5: 1.79520000000000e+04, 1.50500000000000e+04, 1.30960000000000e+04, 1.31070000000000e+04, 4.74102553322944e-12]
	RefineElem[5: 8.25440000000000e+04, 4.41960000000000e+04, 2.67500000000000e+04, 4.18210000000000e+04, 4.74051663312065e-12]
	RefineElem[5: 2.16220000000000e+04, 1.94050000000000e+04, 1.94040000000000e+04, 1.94110000000000e+04, 4.73943691907444e-12]
	RefineElem[5: 7.11090000000000e+04, 4.15040000000000e+04, 3.49100000000000e+04, 3.87310000000000e+04, 4.73677533950095e-12]
	RefineElem[5: 1.79270000000000e+04, 1.33280000000000e+04, 1.52710000000000e+04, 1.52760000000000e+04, 4.73624272074668e-12]
	RefineElem[5: 1.79150000000000e+04, 1.52760000000000e+04, 1.52440000000000e+04, 1.32490000000000e+04, 4.73361537342961e-12]
	RefineElem[5: 9.04360000000000e+04, 4.68720000000000e+04, 4.50190000000000e+04, 3.49370000000000e+04, 4.73021880197691e-12]
	RefineElem[5: 7.10710000000000e+04, 2.04670000000000e+04, 2.04680000000000e+04, 4.14980000000000e+04, 4.72426629315897e-12]
	RefineElem[5: 5.87550000000000e+04, 2.27620000000000e+04, 2.27590000000000e+04, 2.26680000000000e+04, 4.72110579276397e-12]
	RefineElem[5: 2.13060000000000e+04, 1.88920000000000e+04, 1.88910000000000e+04, 1.89040000000000e+04, 4.71895532939937e-12]
	RefineElem[5: 2.21560000000000e+04, 2.18460000000000e+04, 2.18470000000000e+04, 2.18480000000000e+04, 4.71801215583542e-12]
	RefineElem[5: 7.03800000000000e+04, 4.13150000000000e+04, 1.54110000000000e+04, 1.53950000000000e+04, 4.71575303683909e-12]
	RefineElem[5: 8.48430000000000e+04, 4.47790000000000e+04, 2.84220000000000e+04, 2.84290000000000e+04, 4.70988194939202e-12]
	RefineElem[5: 2.73430000000000e+04, 3.90260000000000e+04, 2.63240000000000e+04, 2.43280000000000e+04, 4.70756281877145e-12]
	RefineElem[5: 7.16310000000000e+04, 1.89030000000000e+04, 1.89020000000000e+04, 4.16230000000000e+04, 4.70589296947945e-12]
	RefineElem[5: 2.39380000000000e+04, 2.30480000000000e+04, 2.30530000000000e+04, 2.06090000000000e+04, 4.70241985572696e-12]
	RefineElem[5: 7.39800000000000e+04, 4.21130000000000e+04, 1.70540000000000e+04, 1.70950000000000e+04, 4.70156158587003e-12]
	RefineElem[5: 8.99200000000000e+04, 4.45030000000000e+04, 4.67270000000000e+04, 4.67320000000000e+04, 4.69918504706355e-12]
	RefineElem[5: 6.92870000000000e+04, 2.16120000000000e+04, 2.15920000000000e+04, 4.10210000000000e+04, 4.69784085154565e-12]
	RefineElem[5: 7.04600000000000e+04, 5.69400000000000e+03, 5.68100000000000e+03, 4.13350000000000e+04, 4.69669002229548e-12]
	RefineElem[5: 5.21690000000000e+04, 2.03300000000000e+04, 2.03270000000000e+04, 2.03280000000000e+04, 4.69148190140524e-12]
	RefineElem[5: 5.84830000000000e+04, 8.94300000000000e+03, 8.53200000000000e+03, 8.54800000000000e+03, 4.68940644663203e-12]
	RefineElem[5: 7.12340000000000e+04, 4.15290000000000e+04, 2.82540000000000e+04, 2.57920000000000e+04, 4.67746504615744e-12]
	RefineElem[5: 7.12380000000000e+04, 2.57910000000000e+04, 2.82550000000000e+04, 4.15290000000000e+04, 4.67521075249567e-12]
	RefineElem[5: 2.38140000000000e+04, 2.31580000000000e+04, 2.31590000000000e+04, 2.07880000000000e+04, 4.67276143745706e-12]
	RefineElem[5: 2.46160000000000e+04, 2.48150000000000e+04, 2.48160000000000e+04, 2.47830000000000e+04, 4.67150339899150e-12]
	RefineElem[5: 7.02020000000000e+04, 4.11890000000000e+04, 3.49800000000000e+04, 4.12730000000000e+04, 4.66615014087421e-12]
	RefineElem[5: 7.46880000000000e+04, 4.22440000000000e+04, 4.12890000000000e+04, 3.50590000000000e+04, 4.66350237799579e-12]
	RefineElem[5: 7.02490000000000e+04, 2.56450000000000e+04, 2.56440000000000e+04, 4.12820000000000e+04, 4.65636230476761e-12]
	RefineElem[5: 6.13050000000000e+04, 2.19250000000000e+04, 2.19560000000000e+04, 2.18730000000000e+04, 4.65623955225962e-12]
	RefineElem[5: 6.75050000000000e+04, 4.03510000000000e+04, 4.03500000000000e+04, 4.03470000000000e+04, 4.65546751977575e-12]
	RefineElem[5: 7.70290000000000e+04, 4.27600000000000e+04, 2.63520000000000e+04, 2.42640000000000e+04, 4.65245053608118e-12]
	RefineElem[5: 7.25760000000000e+04, 4.18210000000000e+04, 2.88720000000000e+04, 3.91550000000000e+04, 4.65090421437191e-12]
	RefineElem[5: 5.72080000000000e+04, 8.54800000000000e+03, 8.97700000000000e+03, 8.95600000000000e+03, 4.64902917073170e-12]
	RefineElem[5: 7.22770000000000e+04, 2.17800000000000e+04, 4.17570000000000e+04, 2.17850000000000e+04, 4.64767839541149e-12]
	RefineElem[5: 7.23070000000000e+04, 4.17610000000000e+04, 2.42380000000000e+04, 2.64580000000000e+04, 4.64706810926438e-12]
	RefineElem[5: 7.27980000000000e+04, 4.18690000000000e+04, 2.83620000000000e+04, 2.83630000000000e+04, 4.64553630424000e-12]
	RefineElem[5: 6.87230000000000e+04, 9.73000000000000e+03, 7.25400000000000e+03, 7.26000000000000e+03, 4.64467230230492e-12]
	RefineElem[5: 7.20870000000000e+04, 4.17210000000000e+04, 4.10480000000000e+04, 2.74940000000000e+04, 4.64466052935227e-12]
	RefineElem[5: 7.58110000000000e+04, 2.81990000000000e+04, 4.14620000000000e+04, 4.24690000000000e+04, 4.64252134291274e-12]
	RefineElem[5: 6.76540000000000e+04, 4.04850000000000e+04, 1.94130000000000e+04, 1.95180000000000e+04, 4.63065374914565e-12]
	RefineElem[5: 5.80550000000000e+04, 2.68870000000000e+04, 2.90000000000000e+04, 2.89870000000000e+04, 4.63050325634554e-12]
	RefineElem[5: 7.05870000000000e+04, 1.35180000000000e+04, 1.25170000000000e+04, 1.44700000000000e+04, 4.62768254068277e-12]
	RefineElem[5: 7.59190000000000e+04, 1.98160000000000e+04, 4.12400000000000e+04, 4.24910000000000e+04, 4.62670049375860e-12]
	RefineElem[5: 6.58660000000000e+04, 2.31190000000000e+04, 2.31230000000000e+04, 2.27190000000000e+04, 4.62641266927525e-12]
	RefineElem[5: 8.08800000000000e+04, 4.37170000000000e+04, 4.11580000000000e+04, 4.11590000000000e+04, 4.62310613395338e-12]
	RefineElem[5: 6.14110000000000e+04, 2.44660000000000e+04, 2.44650000000000e+04, 2.44880000000000e+04, 4.61686320723721e-12]
	RefineElem[5: 7.12730000000000e+04, 2.51850000000000e+04, 2.51110000000000e+04, 4.15360000000000e+04, 4.61504624821627e-12]
	RefineElem[5: 6.82350000000000e+04, 2.14120000000000e+04, 2.14100000000000e+04, 4.06930000000000e+04, 4.61130578480797e-12]
	RefineElem[5: 7.22530000000000e+04, 4.17530000000000e+04, 2.03220000000000e+04, 2.06810000000000e+04, 4.61021031752647e-12]
	RefineElem[5: 7.41000000000000e+04, 5.63400000000000e+03, 3.91700000000000e+03, 4.21300000000000e+04, 4.60884723430778e-12]
	RefineElem[5: 5.96700000000000e+04, 3.08100000000000e+03, 3.05400000000000e+03, 3.05200000000000e+03, 4.60838972070509e-12]
	RefineElem[5: 7.81290000000000e+04, 2.08700000000000e+04, 2.09840000000000e+04, 4.29800000000000e+04, 4.60772129270825e-12]
	RefineElem[5: 2.56630000000000e+04, 2.74260000000000e+04, 2.74850000000000e+04, 2.82010000000000e+04, 4.60477977711683e-12]
	RefineElem[5: 7.27770000000000e+04, 4.11510000000000e+04, 7.29900000000000e+03, 4.18670000000000e+04, 4.60094146427098e-12]
	RefineElem[5: 3.95670000000000e+04, 1.67410000000000e+04, 1.67430000000000e+04, 1.67380000000000e+04, 4.59366708713122e-12]
	RefineElem[5: 5.89310000000000e+04, 3.93790000000000e+04, 2.03620000000000e+04, 2.05560000000000e+04, 4.59306587562427e-12]
	RefineElem[5: 7.00970000000000e+04, 4.12490000000000e+04, 2.73640000000000e+04, 2.73610000000000e+04, 4.58919128518110e-12]
	RefineElem[5: 7.06720000000000e+04, 2.80170000000000e+04, 2.79260000000000e+04, 4.13930000000000e+04, 4.58703310245728e-12]
	RefineElem[5: 2.39370000000000e+04, 2.06110000000000e+04, 2.06120000000000e+04, 2.30490000000000e+04, 4.58401285762801e-12]
	RefineElem[5: 7.81390000000000e+04, 2.59140000000000e+04, 2.60280000000000e+04, 4.29810000000000e+04, 4.56569072152944e-12]
	RefineElem[5: 5.68690000000000e+04, 4.89000000000000e+03, 3.57800000000000e+03, 3.57200000000000e+03, 4.56543992911549e-12]
	RefineElem[5: 9.50430000000000e+04, 2.57670000000000e+04, 4.57460000000000e+04, 4.82860000000000e+04, 4.56339997106270e-12]
	RefineElem[5: 9.68500000000000e+04, 4.89080000000000e+04, 4.89090000000000e+04, 4.74460000000000e+04, 4.56085360338485e-12]
	RefineElem[5: 4.84400000000000e+04, 3.98910000000000e+04, 3.76310000000000e+04, 3.76290000000000e+04, 4.55766821938580e-12]
	RefineElem[5: 1.49180000000000e+04, 1.16450000000000e+04, 1.16430000000000e+04, 9.59300000000000e+03, 4.55558232688641e-12]
	RefineElem[5: 7.28700000000000e+04, 2.09070000000000e+04, 1.96190000000000e+04, 4.18800000000000e+04, 4.54934110567540e-12]
	RefineElem[5: 5.57080000000000e+04, 2.24700000000000e+04, 2.24390000000000e+04, 2.23810000000000e+04, 4.54467457145077e-12]
	RefineElem[5: 6.42880000000000e+04, 3.94260000000000e+04, 2.81060000000000e+04, 2.81240000000000e+04, 4.54115289773944e-12]
	RefineElem[5: 6.47190000000000e+04, 1.88480000000000e+04, 1.88600000000000e+04, 1.88630000000000e+04, 4.53950962241646e-12]
	RefineElem[5: 7.95030000000000e+04, 2.02700000000000e+03, 4.16720000000000e+04, 4.33240000000000e+04, 4.53904078126745e-12]
	RefineElem[5: 6.78390000000000e+04, 2.57400000000000e+04, 4.05650000000000e+04, 2.81960000000000e+04, 4.53858568794191e-12]
	RefineElem[5: 6.87970000000000e+04, 4.09000000000000e+04, 4.04980000000000e+04, 4.07670000000000e+04, 4.53532095010045e-12]
	RefineElem[5: 8.37170000000000e+04, 2.35460000000000e+04, 4.30670000000000e+04, 4.45100000000000e+04, 4.53141065149172e-12]
	RefineElem[5: 8.36200000000000e+04, 4.36370000000000e+04, 9.71000000000000e+03, 4.44790000000000e+04, 4.52931247173738e-12]
	RefineElem[5: 5.27650000000000e+04, 2.83330000000000e+04, 2.83320000000000e+04, 2.83850000000000e+04, 4.52817317842526e-12]
	RefineElem[5: 2.21720000000000e+04, 2.19090000000000e+04, 2.19030000000000e+04, 2.19080000000000e+04, 4.52540261826713e-12]
	RefineElem[5: 8.05090000000000e+04, 4.35970000000000e+04, 2.47260000000000e+04, 2.47280000000000e+04, 4.52388549855983e-12]
	RefineElem[5: 5.90070000000000e+04, 6.25900000000000e+03, 6.29800000000000e+03, 6.29700000000000e+03, 4.52187210519354e-12]
	RefineElem[5: 9.59230000000000e+04, 4.85610000000000e+04, 4.85570000000000e+04, 4.85580000000000e+04, 4.52160944042787e-12]
	RefineElem[5: 6.87960000000000e+04, 2.03550000000000e+04, 4.08990000000000e+04, 4.08930000000000e+04, 4.51734761756500e-12]
	RefineElem[5: 6.86790000000000e+04, 4.08460000000000e+04, 2.20050000000000e+04, 2.19770000000000e+04, 4.51259163042285e-12]
	RefineElem[5: 6.92560000000000e+04, 4.10090000000000e+04, 1.94650000000000e+04, 1.94010000000000e+04, 4.51074211657729e-12]
	RefineElem[5: 6.81450000000000e+04, 4.06600000000000e+04, 4.06590000000000e+04, 2.68710000000000e+04, 4.50845550467336e-12]
	RefineElem[5: 6.90210000000000e+04, 4.09520000000000e+04, 4.07630000000000e+04, 2.74780000000000e+04, 4.50480628168997e-12]
	RefineElem[5: 7.52890000000000e+04, 2.90550000000000e+04, 2.68540000000000e+04, 4.23570000000000e+04, 4.50449199506461e-12]
	RefineElem[5: 8.45640000000000e+04, 6.05800000000000e+03, 6.07500000000000e+03, 4.47450000000000e+04, 4.50016690897955e-12]
	RefineElem[5: 3.95640000000000e+04, 3.71060000000000e+04, 3.71070000000000e+04, 3.71080000000000e+04, 4.49730312266380e-12]
	RefineElem[5: 7.41950000000000e+04, 7.83700000000000e+03, 9.61100000000000e+03, 4.21490000000000e+04, 4.49410658828960e-12]
	RefineElem[5: 6.87850000000000e+04, 4.08960000000000e+04, 4.08940000000000e+04, 2.04230000000000e+04, 4.48683157219864e-12]
	RefineElem[5: 1.02500000000000e+05, 4.05840000000000e+04, 4.90530000000000e+04, 5.07460000000000e+04, 4.48205335530223e-12]
	RefineElem[5: 8.40850000000000e+04, 2.23310000000000e+04, 4.17680000000000e+04, 4.46190000000000e+04, 4.47869954460397e-12]
	RefineElem[5: 5.39060000000000e+04, 3.71860000000000e+04, 3.71870000000000e+04, 3.71880000000000e+04, 4.47638624787799e-12]
	RefineElem[5: 6.86690000000000e+04, 4.08450000000000e+04, 3.88030000000000e+04, 2.27410000000000e+04, 4.47370006332256e-12]
	RefineElem[5: 6.02550000000000e+04, 2.03600000000000e+03, 2.34000000000000e+03, 2.37400000000000e+03, 4.47328828697743e-12]
	RefineElem[5: 6.69890000000000e+04, 3.99050000000000e+04, 3.77770000000000e+04, 4.02000000000000e+04, 4.47223764181055e-12]
	RefineElem[5: 7.68940000000000e+04, 4.27450000000000e+04, 2.26310000000000e+04, 2.27200000000000e+04, 4.47207500251354e-12]
	RefineElem[5: 8.42220000000000e+04, 4.46440000000000e+04, 4.09770000000000e+04, 9.96200000000000e+03, 4.47072323719707e-12]
	RefineElem[5: 7.04860000000000e+04, 4.13470000000000e+04, 2.13840000000000e+04, 2.13880000000000e+04, 4.46499424551998e-12]
	RefineElem[5: 6.15550000000000e+04, 2.69140000000000e+04, 2.69860000000000e+04, 2.69440000000000e+04, 4.46017137654021e-12]
	RefineElem[5: 6.28040000000000e+04, 2.47500000000000e+04, 2.47090000000000e+04, 2.57970000000000e+04, 4.45823474594139e-12]
	RefineElem[5: 8.57470000000000e+04, 4.40660000000000e+04, 7.43100000000000e+03, 4.51950000000000e+04, 4.45819443148543e-12]
	RefineElem[5: 7.53540000000000e+04, 4.23680000000000e+04, 4.06640000000000e+04, 2.48730000000000e+04, 4.45585264850940e-12]
	RefineElem[5: 9.68620000000000e+04, 4.89120000000000e+04, 4.89110000000000e+04, 4.89070000000000e+04, 4.45167380685458e-12]
	RefineElem[5: 7.48840000000000e+04, 4.22950000000000e+04, 2.01400000000000e+04, 2.00930000000000e+04, 4.44905628574504e-12]
	RefineElem[5: 4.71320000000000e+04, 3.92710000000000e+04, 3.90660000000000e+04, 2.67590000000000e+04, 4.44552433434270e-12]
	RefineElem[5: 6.36950000000000e+04, 1.62080000000000e+04, 1.45520000000000e+04, 1.63670000000000e+04, 4.44533481074309e-12]
	RefineElem[5: 6.99040000000000e+04, 3.49510000000000e+04, 3.49280000000000e+04, 4.11940000000000e+04, 4.44294707974218e-12]
	RefineElem[5: 8.65660000000000e+04, 4.55460000000000e+04, 2.91210000000000e+04, 2.41850000000000e+04, 4.43999305093270e-12]
	RefineElem[5: 2.37830000000000e+04, 2.07470000000000e+04, 2.07410000000000e+04, 2.32070000000000e+04, 4.43437027538714e-12]
	RefineElem[5: 8.36500000000000e+04, 2.16910000000000e+04, 2.16900000000000e+04, 4.44880000000000e+04, 4.43374130808568e-12]
	RefineElem[5: 7.12470000000000e+04, 2.63790000000000e+04, 2.43850000000000e+04, 4.15320000000000e+04, 4.42934029170150e-12]
	RefineElem[5: 5.94570000000000e+04, 1.05090000000000e+04, 1.07700000000000e+04, 1.08640000000000e+04, 4.42902255368024e-12]
	RefineElem[5: 6.80730000000000e+04, 2.07060000000000e+04, 2.06990000000000e+04, 4.06420000000000e+04, 4.42784472154209e-12]
	RefineElem[5: 7.48270000000000e+04, 4.22860000000000e+04, 4.07950000000000e+04, 1.46990000000000e+04, 4.42746942574366e-12]
	RefineElem[5: 7.11070000000000e+04, 2.09960000000000e+04, 2.09950000000000e+04, 4.15030000000000e+04, 4.42720542884550e-12]
	RefineElem[5: 6.98140000000000e+04, 6.04000000000000e+03, 4.06070000000000e+04, 4.11620000000000e+04, 4.42617253072667e-12]
	RefineElem[5: 5.49180000000000e+04, 8.53900000000000e+03, 8.93900000000000e+03, 8.97700000000000e+03, 4.42503190290388e-12]
	RefineElem[5: 7.51800000000000e+04, 2.77130000000000e+04, 4.23460000000000e+04, 2.77720000000000e+04, 4.42329758595697e-12]
	RefineElem[5: 9.27580000000000e+04, 4.54980000000000e+04, 4.54970000000000e+04, 4.75660000000000e+04, 4.42140617613532e-12]
	RefineElem[5: 9.57150000000000e+04, 4.04620000000000e+04, 4.84970000000000e+04, 4.84650000000000e+04, 4.42042838067771e-12]
	RefineElem[5: 6.65800000000000e+04, 4.01070000000000e+04, 2.88800000000000e+04, 2.12780000000000e+04, 4.41801526043176e-12]
	RefineElem[5: 8.95550000000000e+04, 4.42150000000000e+04, 4.66160000000000e+04, 4.66210000000000e+04, 4.41792259681313e-12]
	RefineElem[5: 9.59320000000000e+04, 4.85650000000000e+04, 3.48110000000000e+04, 4.85560000000000e+04, 4.41338577704357e-12]
	RefineElem[5: 7.05260000000000e+04, 4.13570000000000e+04, 1.00560000000000e+04, 1.14140000000000e+04, 4.41181053239703e-12]
	RefineElem[5: 8.69380000000000e+04, 4.58160000000000e+04, 2.01890000000000e+04, 4.23140000000000e+04, 4.41101953060358e-12]
	RefineElem[5: 2.19000000000000e+04, 2.03270000000000e+04, 2.03360000000000e+04, 2.03280000000000e+04, 4.41013678430693e-12]
	RefineElem[5: 1.00398000000000e+05, 5.00390000000000e+04, 5.00380000000000e+04, 4.85570000000000e+04, 4.41009867460660e-12]
	RefineElem[5: 7.96160000000000e+04, 4.33520000000000e+04, 4.33510000000000e+04, 2.31870000000000e+04, 4.40953179688008e-12]
	RefineElem[5: 8.20240000000000e+04, 4.40370000000000e+04, 4.15270000000000e+04, 3.49150000000000e+04, 4.40778557341546e-12]
	RefineElem[5: 7.31250000000000e+04, 4.19380000000000e+04, 2.78730000000000e+04, 2.81590000000000e+04, 4.40450842502669e-12]
	RefineElem[5: 8.30150000000000e+04, 4.43190000000000e+04, 5.60000000000000e+02, 5.62000000000000e+02, 4.40242451407577e-12]
	RefineElem[5: 7.15380000000000e+04, 4.16070000000000e+04, 3.93260000000000e+04, 2.12710000000000e+04, 4.40233871736719e-12]
	RefineElem[5: 7.32870000000000e+04, 4.19640000000000e+04, 4.56700000000000e+03, 6.83000000000000e+02, 4.40201936983245e-12]
	RefineElem[5: 7.79270000000000e+04, 4.08690000000000e+04, 4.08680000000000e+04, 4.29330000000000e+04, 4.40198975381740e-12]
	RefineElem[5: 4.76700000000000e+04, 3.89570000000000e+04, 3.72960000000000e+04, 3.50410000000000e+04, 4.39903566908060e-12]
	RefineElem[5: 7.01930000000000e+04, 4.12720000000000e+04, 4.03890000000000e+04, 4.11880000000000e+04, 4.39789039649121e-12]
	RefineElem[5: 9.90320000000000e+04, 4.96410000000000e+04, 4.77340000000000e+04, 4.77350000000000e+04, 4.39567229644207e-12]
	RefineElem[5: 6.98410000000000e+04, 4.11690000000000e+04, 3.49980000000000e+04, 3.49640000000000e+04, 4.39523325662594e-12]
	RefineElem[5: 8.98010000000000e+04, 8.71500000000000e+03, 8.73000000000000e+03, 4.66960000000000e+04, 4.39191739848833e-12]
	RefineElem[5: 7.25780000000000e+04, 2.90160000000000e+04, 2.88720000000000e+04, 4.18210000000000e+04, 4.39041956040352e-12]
	RefineElem[5: 4.02540000000000e+04, 2.77250000000000e+04, 2.77240000000000e+04, 2.02730000000000e+04, 4.38896612060076e-12]
	RefineElem[5: 6.86240000000000e+04, 4.08240000000000e+04, 2.00280000000000e+04, 2.01100000000000e+04, 4.38823063656371e-12]
	RefineElem[5: 5.15060000000000e+04, 1.12950000000000e+04, 1.22610000000000e+04, 1.22970000000000e+04, 4.38447455259305e-12]
	RefineElem[5: 2.27190000000000e+04, 2.18080000000000e+04, 2.39560000000000e+04, 2.39520000000000e+04, 4.38281214799948e-12]
	RefineElem[5: 7.68470000000000e+04, 4.27400000000000e+04, 2.40650000000000e+04, 2.30860000000000e+04, 4.37615337777461e-12]
	RefineElem[5: 7.17730000000000e+04, 3.72400000000000e+03, 4.06250000000000e+04, 4.16600000000000e+04, 4.37354823500832e-12]
	RefineElem[5: 9.67330000000000e+04, 4.67130000000000e+04, 4.04730000000000e+04, 4.88560000000000e+04, 4.37186798466830e-12]
	RefineElem[5: 6.07100000000000e+04, 1.16170000000000e+04, 1.16220000000000e+04, 1.16160000000000e+04, 4.37054580555135e-12]
	RefineElem[5: 7.70000000000000e+04, 4.27570000000000e+04, 4.15780000000000e+04, 2.57070000000000e+04, 4.36889314198054e-12]
	RefineElem[5: 4.84580000000000e+04, 3.98980000000000e+04, 3.76250000000000e+04, 3.98960000000000e+04, 4.36539780663860e-12]
	RefineElem[5: 8.21290000000000e+04, 7.18300000000000e+03, 4.04660000000000e+04, 4.40600000000000e+04, 4.36456463059609e-12]
	RefineElem[5: 7.36260000000000e+04, 9.99700000000000e+03, 4.20370000000000e+04, 1.00000000000000e+04, 4.36343675161797e-12]
	RefineElem[5: 8.63980000000000e+04, 4.54700000000000e+04, 4.16040000000000e+04, 2.55180000000000e+04, 4.35768019948958e-12]
	RefineElem[5: 8.32110000000000e+04, 4.43650000000000e+04, 2.25980000000000e+04, 2.26030000000000e+04, 4.35125769668655e-12]
	RefineElem[5: 6.98440000000000e+04, 3.49630000000000e+04, 3.50010000000000e+04, 4.11690000000000e+04, 4.35029893848427e-12]
	RefineElem[5: 1.00395000000000e+05, 5.00380000000000e+04, 5.00370000000000e+04, 4.85570000000000e+04, 4.34971385334676e-12]
	RefineElem[5: 7.94140000000000e+04, 1.96620000000000e+04, 2.07670000000000e+04, 4.33090000000000e+04, 4.34691901824640e-12]
	RefineElem[5: 7.05340000000000e+04, 4.13600000000000e+04, 2.23210000000000e+04, 2.23180000000000e+04, 4.34667279287529e-12]
	RefineElem[5: 5.11380000000000e+04, 9.26600000000000e+03, 7.58700000000000e+03, 9.23800000000000e+03, 4.34255356758429e-12]
	RefineElem[5: 7.52880000000000e+04, 2.68170000000000e+04, 2.90510000000000e+04, 4.23570000000000e+04, 4.33585613775462e-12]
	RefineElem[5: 1.79750000000000e+04, 1.48450000000000e+04, 1.63430000000000e+04, 1.28460000000000e+04, 4.33011123985233e-12]
	RefineElem[5: 4.46080000000000e+04, 2.07630000000000e+04, 2.82360000000000e+04, 2.07600000000000e+04, 4.32457848012176e-12]
	RefineElem[5: 7.94810000000000e+04, 4.07040000000000e+04, 4.07030000000000e+04, 4.33210000000000e+04, 4.32269126139664e-12]
	RefineElem[5: 7.41150000000000e+04, 4.21330000000000e+04, 4.21320000000000e+04, 4.06420000000000e+04, 4.32082401106296e-12]
	RefineElem[5: 7.88160000000000e+04, 4.31670000000000e+04, 4.31690000000000e+04, 4.05420000000000e+04, 4.31998938595989e-12]
	RefineElem[5: 7.49100000000000e+04, 4.23050000000000e+04, 4.11370000000000e+04, 2.81970000000000e+04, 4.31883780809782e-12]
	RefineElem[5: 8.58810000000000e+04, 2.36010000000000e+04, 2.35980000000000e+04, 4.52660000000000e+04, 4.30972264377396e-12]
	RefineElem[5: 6.83390000000000e+04, 4.07200000000000e+04, 7.44600000000000e+03, 8.58200000000000e+03, 4.30960941314761e-12]
	RefineElem[5: 8.30670000000000e+04, 4.43300000000000e+04, 2.55010000000000e+04, 2.55110000000000e+04, 4.30763064995728e-12]
	RefineElem[5: 6.83920000000000e+04, 7.42000000000000e+02, 7.27000000000000e+02, 4.07520000000000e+04, 4.30682664577480e-12]
	RefineElem[5: 7.68610000000000e+04, 4.27410000000000e+04, 2.38420000000000e+04, 2.39790000000000e+04, 4.30321317717087e-12]
	RefineElem[5: 7.25420000000000e+04, 1.27230000000000e+04, 1.47300000000000e+04, 4.18080000000000e+04, 4.29384011989495e-12]
	RefineElem[5: 9.94840000000000e+04, 4.97710000000000e+04, 4.97660000000000e+04, 4.77410000000000e+04, 4.29177573710660e-12]
	RefineElem[5: 5.94360000000000e+04, 8.40400000000000e+03, 8.45600000000000e+03, 8.46200000000000e+03, 4.28616758102407e-12]
	RefineElem[5: 6.39930000000000e+04, 7.53000000000000e+02, 7.42000000000000e+02, 8.36000000000000e+02, 4.28514650436495e-12]
	RefineElem[5: 7.25360000000000e+04, 4.18080000000000e+04, 1.47290000000000e+04, 1.27100000000000e+04, 4.28505480176989e-12]
	RefineElem[5: 6.87370000000000e+04, 4.79400000000000e+03, 4.08670000000000e+04, 4.08680000000000e+04, 4.27899251221503e-12]
	RefineElem[5: 7.38970000000000e+04, 2.48150000000000e+04, 4.21000000000000e+04, 2.48160000000000e+04, 4.27693976082167e-12]
	RefineElem[5: 7.00890000000000e+04, 4.12470000000000e+04, 1.94880000000000e+04, 1.94390000000000e+04, 4.27476121342274e-12]
	RefineElem[5: 6.13070000000000e+04, 2.19460000000000e+04, 2.19230000000000e+04, 2.19560000000000e+04, 4.27437214626915e-12]
	RefineElem[5: 8.39210000000000e+04, 4.45730000000000e+04, 2.51430000000000e+04, 4.45750000000000e+04, 4.27365820237623e-12]
	RefineElem[5: 7.26920000000000e+04, 1.96630000000000e+04, 4.18490000000000e+04, 2.08070000000000e+04, 4.27039950510120e-12]
	RefineElem[5: 6.96030000000000e+04, 4.11070000000000e+04, 5.90700000000000e+03, 4.10730000000000e+04, 4.26908063294143e-12]
	RefineElem[5: 7.40660000000000e+04, 2.05960000000000e+04, 2.30730000000000e+04, 4.21250000000000e+04, 4.26469064412244e-12]
	RefineElem[5: 4.11340000000000e+04, 2.07020000000000e+04, 2.82920000000000e+04, 2.07030000000000e+04, 4.26403504735110e-12]
	RefineElem[5: 7.30240000000000e+04, 4.19150000000000e+04, 3.92680000000000e+04, 2.77840000000000e+04, 4.26379303249091e-12]
	RefineElem[5: 8.28840000000000e+04, 8.72500000000000e+03, 8.72400000000000e+03, 4.42720000000000e+04, 4.25926044926201e-12]
	RefineElem[5: 1.00392000000000e+05, 5.00370000000000e+04, 4.49890000000000e+04, 4.85580000000000e+04, 4.25750752351462e-12]
	RefineElem[5: 1.01069000000000e+05, 2.86540000000000e+04, 5.02410000000000e+04, 5.02420000000000e+04, 4.25557682911092e-12]
	RefineElem[5: 6.14100000000000e+04, 2.44660000000000e+04, 2.44880000000000e+04, 2.44240000000000e+04, 4.25380332370015e-12]
	RefineElem[5: 7.17480000000000e+04, 3.87180000000000e+04, 3.50610000000000e+04, 4.16530000000000e+04, 4.25309485328471e-12]
	RefineElem[5: 7.40620000000000e+04, 4.21250000000000e+04, 2.30740000000000e+04, 2.05970000000000e+04, 4.24999434220742e-12]
	RefineElem[5: 9.79470000000000e+04, 4.03760000000000e+04, 4.93400000000000e+04, 4.72000000000000e+04, 4.24678779697694e-12]
	RefineElem[5: 6.77230000000000e+04, 4.05200000000000e+04, 3.94980000000000e+04, 3.95100000000000e+04, 4.24649403336170e-12]
	RefineElem[5: 6.83040000000000e+04, 4.07120000000000e+04, 2.22870000000000e+04, 2.22810000000000e+04, 4.24140933377781e-12]
	RefineElem[5: 6.03050000000000e+04, 3.17800000000000e+03, 9.78000000000000e+02, 3.56900000000000e+03, 4.24028233139236e-12]
	RefineElem[5: 7.38030000000000e+04, 4.20730000000000e+04, 1.29700000000000e+04, 1.49580000000000e+04, 4.23918755516323e-12]
	RefineElem[5: 6.89590000000000e+04, 2.15820000000000e+04, 2.16070000000000e+04, 4.09440000000000e+04, 4.23375377060422e-12]
	RefineElem[5: 8.25910000000000e+04, 4.11420000000000e+04, 4.42120000000000e+04, 4.42130000000000e+04, 4.23353122085179e-12]
	RefineElem[5: 7.30170000000000e+04, 4.19130000000000e+04, 4.17370000000000e+04, 4.17590000000000e+04, 4.23300107210014e-12]
	RefineElem[5: 7.63990000000000e+04, 2.45320000000000e+04, 2.44680000000000e+04, 4.26230000000000e+04, 4.22904740531082e-12]
	RefineElem[5: 9.23410000000000e+04, 4.74600000000000e+04, 4.19790000000000e+04, 2.91650000000000e+04, 4.22241922987978e-12]
	RefineElem[5: 1.05110000000000e+04, 1.16380000000000e+04, 1.16440000000000e+04, 1.00020000000000e+04, 4.21913987365534e-12]
	RefineElem[5: 7.41200000000000e+04, 4.21350000000000e+04, 4.21340000000000e+04, 4.06420000000000e+04, 4.21785877536152e-12]
	RefineElem[5: 7.10720000000000e+04, 4.14980000000000e+04, 2.04260000000000e+04, 4.14420000000000e+04, 4.21616917161490e-12]
	RefineElem[5: 7.38010000000000e+04, 1.29550000000000e+04, 4.20730000000000e+04, 1.49180000000000e+04, 4.21260418675154e-12]
	RefineElem[5: 6.42410000000000e+04, 1.62930000000000e+04, 1.48990000000000e+04, 1.48720000000000e+04, 4.21201812875840e-12]
	RefineElem[5: 6.98570000000000e+04, 2.46000000000000e+04, 2.46060000000000e+04, 4.11700000000000e+04, 4.20298482289977e-12]
	RefineElem[5: 7.34050000000000e+04, 7.29800000000000e+03, 4.19840000000000e+04, 4.11510000000000e+04, 4.20266557254408e-12]
	RefineElem[5: 9.51280000000000e+04, 4.57990000000000e+04, 4.57980000000000e+04, 4.83090000000000e+04, 4.20103304598785e-12]
	RefineElem[5: 7.18140000000000e+04, 4.09080000000000e+04, 4.16700000000000e+04, 4.16710000000000e+04, 4.19621775532612e-12]
	RefineElem[5: 8.25010000000000e+04, 4.14000000000000e+04, 4.13990000000000e+04, 4.41800000000000e+04, 4.19539444372521e-12]
	RefineElem[5: 6.94360000000000e+04, 2.56560000000000e+04, 2.56550000000000e+04, 4.10710000000000e+04, 4.19454792805545e-12]
	RefineElem[5: 5.22530000000000e+04, 2.17880000000000e+04, 2.17810000000000e+04, 2.17820000000000e+04, 4.19078764267074e-12]
	RefineElem[5: 8.39970000000000e+04, 4.45970000000000e+04, 4.18920000000000e+04, 4.18930000000000e+04, 4.18823515154936e-12]
	RefineElem[5: 7.53740000000000e+04, 4.19120000000000e+04, 1.93830000000000e+04, 4.23700000000000e+04, 4.17862692957238e-12]
	RefineElem[5: 7.08690000000000e+04, 4.14430000000000e+04, 3.49050000000000e+04, 3.87350000000000e+04, 4.17816338457759e-12]
	RefineElem[5: 7.63410000000000e+04, 4.12530000000000e+04, 1.93770000000000e+04, 4.26130000000000e+04, 4.17568657137146e-12]
	RefineElem[5: 4.45960000000000e+04, 2.07650000000000e+04, 2.82400000000000e+04, 2.82360000000000e+04, 4.17283724437168e-12]
	RefineElem[5: 1.79840000000000e+04, 1.31720000000000e+04, 1.31870000000000e+04, 1.51590000000000e+04, 4.17282732299514e-12]
	RefineElem[5: 6.43280000000000e+04, 3.89630000000000e+04, 3.47300000000000e+04, 3.47290000000000e+04, 4.17245664043058e-12]
	RefineElem[5: 7.18050000000000e+04, 4.16680000000000e+04, 4.16690000000000e+04, 4.09080000000000e+04, 4.17230680874812e-12]
	RefineElem[5: 7.91070000000000e+04, 4.32460000000000e+04, 3.63900000000000e+03, 3.62400000000000e+03, 4.17213948717880e-12]
	RefineElem[5: 7.45000000000000e+04, 9.88300000000000e+03, 9.88900000000000e+03, 4.22030000000000e+04, 4.17134369247483e-12]
	RefineElem[5: 3.46480000000000e+04, 3.41260000000000e+04, 3.41270000000000e+04, 3.41250000000000e+04, 4.16964602817383e-12]
	RefineElem[5: 7.59260000000000e+04, 4.06640000000000e+04, 2.48550000000000e+04, 4.24920000000000e+04, 4.16326559079074e-12]
	RefineElem[5: 8.83620000000000e+04, 4.62880000000000e+04, 3.17500000000000e+03, 3.17100000000000e+03, 4.16195760546783e-12]
	RefineElem[5: 6.74890000000000e+04, 3.47760000000000e+04, 3.47770000000000e+04, 4.03430000000000e+04, 4.15802043887562e-12]
	RefineElem[5: 6.90100000000000e+04, 4.09500000000000e+04, 4.07040000000000e+04, 4.07050000000000e+04, 4.15767662160590e-12]
	RefineElem[5: 1.79860000000000e+04, 1.26240000000000e+04, 1.26460000000000e+04, 1.46490000000000e+04, 4.15755319643493e-12]
	RefineElem[5: 1.01187000000000e+05, 4.04320000000000e+04, 5.02780000000000e+04, 4.03220000000000e+04, 4.15475404003339e-12]
	RefineElem[5: 7.79850000000000e+04, 4.29450000000000e+04, 2.23230000000000e+04, 4.17360000000000e+04, 4.15414854806281e-12]
	RefineElem[5: 7.37290000000000e+04, 4.20590000000000e+04, 4.05880000000000e+04, 4.20580000000000e+04, 4.15258954350983e-12]
	RefineElem[5: 6.42800000000000e+04, 2.77830000000000e+04, 2.80870000000000e+04, 2.80880000000000e+04, 4.15223886012759e-12]
	RefineElem[5: 1.01164000000000e+05, 5.02710000000000e+04, 5.02700000000000e+04, 4.58230000000000e+04, 4.15168817020796e-12]
	RefineElem[5: 6.35070000000000e+04, 2.75630000000000e+04, 2.75310000000000e+04, 2.76020000000000e+04, 4.15078026515150e-12]
	RefineElem[5: 9.66860000000000e+04, 4.88360000000000e+04, 4.24450000000000e+04, 2.34260000000000e+04, 4.14802746139252e-12]
	RefineElem[5: 5.68550000000000e+04, 4.71400000000000e+03, 4.69800000000000e+03, 4.69400000000000e+03, 4.14622352199361e-12]
	RefineElem[5: 7.56770000000000e+04, 4.24400000000000e+04, 4.17550000000000e+04, 1.64390000000000e+04, 4.14544600490541e-12]
	RefineElem[5: 9.85070000000000e+04, 4.94970000000000e+04, 4.20200000000000e+04, 4.05020000000000e+04, 4.14418264381024e-12]
	RefineElem[5: 7.94790000000000e+04, 4.07050000000000e+04, 4.07040000000000e+04, 4.33200000000000e+04, 4.13990543787811e-12]
	RefineElem[5: 7.17110000000000e+04, 4.16470000000000e+04, 1.28420000000000e+04, 1.28680000000000e+04, 4.13775956290842e-12]
	RefineElem[5: 9.91790000000000e+04, 4.96800000000000e+04, 4.96790000000000e+04, 4.51730000000000e+04, 4.12918684737664e-12]
	RefineElem[5: 6.93740000000000e+04, 1.72290000000000e+04, 1.72460000000000e+04, 4.10510000000000e+04, 4.12769188903225e-12]
	RefineElem[5: 8.48100000000000e+04, 1.64090000000000e+04, 1.54870000000000e+04, 4.47720000000000e+04, 4.12727505800465e-12]
	RefineElem[5: 7.98550000000000e+04, 4.34360000000000e+04, 2.71610000000000e+04, 2.88220000000000e+04, 4.12526379222111e-12]
	RefineElem[5: 8.36580000000000e+04, 4.44900000000000e+04, 2.28790000000000e+04, 2.28820000000000e+04, 4.12436344469101e-12]
	RefineElem[5: 8.58220000000000e+04, 1.85900000000000e+03, 4.29360000000000e+04, 4.52300000000000e+04, 4.12114050461280e-12]
	RefineElem[5: 7.72210000000000e+04, 4.27900000000000e+04, 4.13670000000000e+04, 2.28610000000000e+04, 4.11999874197392e-12]
	RefineElem[5: 8.71410000000000e+04, 2.63000000000000e+03, 2.59400000000000e+03, 4.59200000000000e+04, 4.11874747900350e-12]
	RefineElem[5: 7.18090000000000e+04, 4.16690000000000e+04, 4.16700000000000e+04, 4.09080000000000e+04, 4.11853807791497e-12]
	RefineElem[5: 9.02960000000000e+04, 3.88360000000000e+04, 4.54770000000000e+04, 4.68290000000000e+04, 4.11332190977989e-12]
	RefineElem[5: 2.39240000000000e+04, 2.30700000000000e+04, 2.30670000000000e+04, 2.05850000000000e+04, 4.10973061081658e-12]
	RefineElem[5: 7.41190000000000e+04, 4.21340000000000e+04, 4.21330000000000e+04, 4.06420000000000e+04, 4.10940113774085e-12]
	RefineElem[5: 8.65890000000000e+04, 4.14600000000000e+04, 4.55650000000000e+04, 4.17880000000000e+04, 4.10916610091778e-12]
	RefineElem[5: 2.29510000000000e+04, 2.14000000000000e+04, 2.14220000000000e+04, 2.39470000000000e+04, 4.10599154087437e-12]
	RefineElem[5: 5.98200000000000e+04, 2.48930000000000e+04, 2.61310000000000e+04, 2.61520000000000e+04, 4.10482670430677e-12]
	RefineElem[5: 7.18120000000000e+04, 4.16710000000000e+04, 3.48190000000000e+04, 3.47760000000000e+04, 4.10315969883934e-12]
	RefineElem[5: 6.96480000000000e+04, 4.11160000000000e+04, 2.36030000000000e+04, 4.11150000000000e+04, 4.09704466118823e-12]
	RefineElem[5: 8.01510000000000e+04, 4.35040000000000e+04, 4.35050000000000e+04, 4.35030000000000e+04, 4.09152842103025e-12]
	RefineElem[5: 6.26090000000000e+04, 2.17240000000000e+04, 2.17230000000000e+04, 2.17940000000000e+04, 4.09113006516668e-12]
	RefineElem[5: 8.64140000000000e+04, 4.54770000000000e+04, 2.42440000000000e+04, 2.64440000000000e+04, 4.09042003801690e-12]
	RefineElem[5: 6.79470000000000e+04, 4.05930000000000e+04, 2.41260000000000e+04, 2.33710000000000e+04, 4.08956977441810e-12]
	RefineElem[5: 7.19240000000000e+04, 4.16920000000000e+04, 2.71660000000000e+04, 2.71590000000000e+04, 4.08938052146858e-12]
	RefineElem[5: 7.36880000000000e+04, 4.07930000000000e+04, 4.20500000000000e+04, 4.20510000000000e+04, 4.08825510638319e-12]
	RefineElem[5: 7.33590000000000e+04, 1.67720000000000e+04, 4.19780000000000e+04, 3.88140000000000e+04, 4.08210774614017e-12]
	RefineElem[5: 5.88730000000000e+04, 2.73930000000000e+04, 2.73970000000000e+04, 2.73630000000000e+04, 4.08019001748085e-12]
	RefineElem[5: 5.58610000000000e+04, 2.57920000000000e+04, 2.47560000000000e+04, 2.57820000000000e+04, 4.07970327455153e-12]
	RefineElem[5: 6.41210000000000e+04, 1.26760000000000e+04, 1.27420000000000e+04, 1.26800000000000e+04, 4.07967631963734e-12]
	RefineElem[5: 7.21300000000000e+04, 4.17320000000000e+04, 1.97000000000000e+04, 4.09810000000000e+04, 4.07797421211234e-12]
	RefineElem[5: 1.49800000000000e+04, 9.66600000000000e+03, 1.16100000000000e+04, 1.16130000000000e+04, 4.07785469799050e-12]
	RefineElem[5: 6.91510000000000e+04, 2.30640000000000e+04, 4.04840000000000e+04, 4.09820000000000e+04, 4.07712756919906e-12]
	RefineElem[5: 7.25260000000000e+04, 4.18060000000000e+04, 2.30730000000000e+04, 2.05960000000000e+04, 4.07599489056104e-12]
	RefineElem[5: 7.25300000000000e+04, 2.05980000000000e+04, 2.30710000000000e+04, 4.18060000000000e+04, 4.07570606028521e-12]
	RefineElem[5: 6.89860000000000e+04, 4.09460000000000e+04, 9.68500000000000e+03, 9.68400000000000e+03, 4.07399360201235e-12]
	RefineElem[5: 7.35470000000000e+04, 1.27930000000000e+04, 1.47910000000000e+04, 4.20180000000000e+04, 4.07378934803638e-12]
	RefineElem[5: 6.64670000000000e+04, 4.00860000000000e+04, 2.77910000000000e+04, 2.03490000000000e+04, 4.07344565228271e-12]
	RefineElem[5: 5.23400000000000e+04, 2.26370000000000e+04, 2.26090000000000e+04, 2.26110000000000e+04, 4.07213539141974e-12]
	RefineElem[5: 6.99260000000000e+04, 4.11990000000000e+04, 4.09720000000000e+04, 4.09730000000000e+04, 4.07067228835889e-12]
	RefineElem[5: 1.83460000000000e+04, 1.67610000000000e+04, 1.67620000000000e+04, 1.67430000000000e+04, 4.07001468267230e-12]
	RefineElem[5: 6.89490000000000e+04, 2.61760000000000e+04, 2.61870000000000e+04, 4.09420000000000e+04, 4.06825808548759e-12]
	RefineElem[5: 5.20170000000000e+04, 1.70940000000000e+04, 1.70950000000000e+04, 1.70310000000000e+04, 4.06695975064878e-12]
	RefineElem[5: 7.51040000000000e+04, 2.13470000000000e+04, 2.15280000000000e+04, 4.23360000000000e+04, 4.06663092638255e-12]
	RefineElem[5: 4.84550000000000e+04, 3.76250000000000e+04, 3.76220000000000e+04, 3.98960000000000e+04, 4.06446381708880e-12]
	RefineElem[5: 1.01161000000000e+05, 4.40290000000000e+04, 4.03580000000000e+04, 5.02690000000000e+04, 4.06383021228221e-12]
	RefineElem[5: 7.32370000000000e+04, 4.19560000000000e+04, 2.75730000000000e+04, 4.07630000000000e+04, 4.06035689920212e-12]
	RefineElem[5: 9.39280000000000e+04, 4.79340000000000e+04, 4.15410000000000e+04, 4.15400000000000e+04, 4.06032378724407e-12]
	RefineElem[5: 7.07490000000000e+04, 4.14130000000000e+04, 4.14140000000000e+04, 4.14100000000000e+04, 4.05934839926530e-12]
	RefineElem[5: 9.67050000000000e+04, 2.86590000000000e+04, 2.86560000000000e+04, 4.88430000000000e+04, 4.05823749629533e-12]
	RefineElem[5: 2.39230000000000e+04, 2.05840000000000e+04, 2.05920000000000e+04, 2.30640000000000e+04, 4.05712184280973e-12]
	RefineElem[5: 6.95420000000000e+04, 2.32040000000000e+04, 4.11010000000000e+04, 2.32020000000000e+04, 4.05674136418324e-12]
	RefineElem[5: 7.35440000000000e+04, 4.20180000000000e+04, 1.47620000000000e+04, 1.27630000000000e+04, 4.05641427570646e-12]
	RefineElem[5: 5.04460000000000e+04, 2.70200000000000e+03, 2.67100000000000e+03, 2.69400000000000e+03, 4.05598536135643e-12]
	RefineElem[5: 7.35120000000000e+04, 4.20100000000000e+04, 4.20090000000000e+04, 4.20070000000000e+04, 4.05438766025229e-12]
	RefineElem[5: 6.18870000000000e+04, 4.71100000000000e+03, 3.58500000000000e+03, 3.59200000000000e+03, 4.05035738006368e-12]
	RefineElem[5: 7.78270000000000e+04, 2.75620000000000e+04, 2.75260000000000e+04, 4.29140000000000e+04, 4.04649753636165e-12]
	RefineElem[5: 8.35450000000000e+04, 4.44520000000000e+04, 5.62100000000000e+03, 5.62200000000000e+03, 4.04507929190723e-12]
	RefineElem[5: 7.15330000000000e+04, 6.03000000000000e+03, 2.70600000000000e+03, 4.16060000000000e+04, 4.04418464508104e-12]
	RefineElem[5: 6.34850000000000e+04, 2.68240000000000e+04, 2.67790000000000e+04, 2.68400000000000e+04, 4.04212145864256e-12]
	RefineElem[5: 6.48120000000000e+04, 2.91460000000000e+04, 2.70420000000000e+04, 2.70370000000000e+04, 4.04000472620059e-12]
	RefineElem[5: 7.88880000000000e+04, 3.60510000000000e+04, 4.16900000000000e+04, 4.31820000000000e+04, 4.03574634043273e-12]
	RefineElem[5: 7.11830000000000e+04, 2.20910000000000e+04, 2.36910000000000e+04, 4.15190000000000e+04, 4.03444950545446e-12]
	RefineElem[5: 9.17740000000000e+04, 4.45130000000000e+04, 4.04110000000000e+04, 4.72820000000000e+04, 4.03258172572788e-12]
	RefineElem[5: 6.95550000000000e+04, 4.11030000000000e+04, 3.64800000000000e+03, 4.04880000000000e+04, 4.03211092786690e-12]
	RefineElem[5: 3.58390000000000e+04, 3.49920000000000e+04, 3.50180000000000e+04, 3.74320000000000e+04, 4.03044444714943e-12]
	RefineElem[5: 7.15300000000000e+04, 4.16060000000000e+04, 2.67100000000000e+03, 4.88100000000000e+03, 4.02976583016902e-12]
	RefineElem[5: 7.18000000000000e+04, 4.16660000000000e+04, 3.50330000000000e+04, 4.12880000000000e+04, 4.02766494043093e-12]
	RefineElem[5: 3.56950000000000e+04, 3.47590000000000e+04, 3.47580000000000e+04, 3.48210000000000e+04, 4.02740314156591e-12]
	RefineElem[5: 6.75730000000000e+04, 3.84960000000000e+04, 4.03900000000000e+04, 4.04330000000000e+04, 4.02473718391560e-12]
	RefineElem[5: 6.03490000000000e+04, 4.31200000000000e+03, 3.65400000000000e+03, 3.76000000000000e+03, 4.02221486837287e-12]
	RefineElem[5: 4.93890000000000e+04, 3.82910000000000e+04, 3.82890000000000e+04, 3.95530000000000e+04, 4.01990210391398e-12]
	RefineElem[5: 8.58050000000000e+04, 4.52240000000000e+04, 3.59850000000000e+04, 4.13990000000000e+04, 4.01963622355964e-12]
	RefineElem[5: 7.81030000000000e+04, 1.95900000000000e+04, 1.96300000000000e+04, 4.29780000000000e+04, 4.01702557811309e-12]
	RefineElem[5: 1.00020000000000e+05, 4.99330000000000e+04, 4.99320000000000e+04, 2.25370000000000e+04, 4.01677941974319e-12]
	RefineElem[5: 7.16100000000000e+03, 3.59000000000000e+03, 7.03000000000000e+02, 6.94000000000000e+02, 4.01650727269995e-12]
	RefineElem[5: 5.79700000000000e+04, 2.71570000000000e+04, 2.71520000000000e+04, 2.71280000000000e+04, 4.01352195199108e-12]
	RefineElem[5: 6.16410000000000e+04, 2.56410000000000e+04, 2.56450000000000e+04, 3.90890000000000e+04, 4.01293585282097e-12]
	RefineElem[5: 7.18790000000000e+04, 4.16840000000000e+04, 9.64600000000000e+03, 1.16200000000000e+04, 4.01195278950058e-12]
	RefineElem[5: 1.78920000000000e+04, 1.54660000000000e+04, 1.54670000000000e+04, 1.35370000000000e+04, 4.01086043551868e-12]
	RefineElem[5: 7.55290000000000e+04, 4.23440000000000e+04, 4.19250000000000e+04, 4.24070000000000e+04, 4.00970890733960e-12]
	RefineElem[5: 8.82640000000000e+04, 2.33200000000000e+04, 2.32730000000000e+04, 4.62640000000000e+04, 4.00503321413833e-12]
	RefineElem[5: 8.41960000000000e+04, 4.46390000000000e+04, 3.57250000000000e+04, 3.57480000000000e+04, 4.00391181684247e-12]
	RefineElem[5: 7.75590000000000e+04, 4.28540000000000e+04, 4.17810000000000e+04, 1.45780000000000e+04, 4.00380902487987e-12]
	RefineElem[5: 9.54130000000000e+04, 4.84080000000000e+04, 4.07230000000000e+04, 4.07220000000000e+04, 4.00039289922435e-12]
	RefineElem[5: 9.50000000000000e+04, 4.82730000000000e+04, 4.82740000000000e+04, 4.57410000000000e+04, 3.99851442735382e-12]
	RefineElem[5: 8.10440000000000e+04, 4.37770000000000e+04, 4.12930000000000e+04, 4.12940000000000e+04, 3.99312361223328e-12]
	RefineElem[5: 9.50010000000000e+04, 4.82740000000000e+04, 2.32200000000000e+04, 2.07230000000000e+04, 3.98834231515428e-12]
	RefineElem[5: 5.78020000000000e+04, 2.25110000000000e+04, 2.24750000000000e+04, 2.24620000000000e+04, 3.98827964370797e-12]
	RefineElem[5: 7.37520000000000e+04, 1.88510000000000e+04, 1.88530000000000e+04, 4.20640000000000e+04, 3.98500229341516e-12]
	RefineElem[5: 6.75620000000000e+04, 4.04280000000000e+04, 7.52800000000000e+03, 7.53100000000000e+03, 3.98459875773747e-12]
	RefineElem[5: 6.82360000000000e+04, 4.06930000000000e+04, 2.14140000000000e+04, 2.14150000000000e+04, 3.98322562716048e-12]
	RefineElem[5: 7.04820000000000e+04, 2.39490000000000e+04, 2.39670000000000e+04, 4.13460000000000e+04, 3.98141892665736e-12]
	RefineElem[5: 7.28220000000000e+04, 4.18730000000000e+04, 2.29270000000000e+04, 2.29190000000000e+04, 3.96630233809034e-12]
	RefineElem[5: 4.78310000000000e+04, 3.73500000000000e+04, 3.94860000000000e+04, 3.94850000000000e+04, 3.96406782647578e-12]
	RefineElem[5: 5.68490000000000e+04, 4.65600000000000e+03, 3.58100000000000e+03, 6.13000000000000e+03, 3.96116848266241e-12]
	RefineElem[5: 7.80030000000000e+04, 2.86890000000000e+04, 4.06270000000000e+04, 4.29480000000000e+04, 3.96004249743209e-12]
	RefineElem[5: 5.49570000000000e+04, 9.35100000000000e+03, 7.25100000000000e+03, 9.33300000000000e+03, 3.95970049126077e-12]
	RefineElem[5: 6.84520000000000e+04, 4.07690000000000e+04, 1.70310000000000e+04, 1.70950000000000e+04, 3.95520920262149e-12]
	RefineElem[5: 8.48480000000000e+04, 4.47800000000000e+04, 2.72230000000000e+04, 2.71700000000000e+04, 3.94784532651711e-12]
	RefineElem[5: 7.48570000000000e+04, 2.91690000000000e+04, 2.91600000000000e+04, 4.22890000000000e+04, 3.94336579250449e-12]
	RefineElem[5: 6.87040000000000e+04, 2.81190000000000e+04, 2.79470000000000e+04, 4.08590000000000e+04, 3.94253497016397e-12]
	RefineElem[5: 8.63930000000000e+04, 2.56640000000000e+04, 2.56650000000000e+04, 4.54700000000000e+04, 3.94198693193101e-12]
	RefineElem[5: 6.69780000000000e+04, 4.01980000000000e+04, 3.77770000000000e+04, 3.99050000000000e+04, 3.94169210082449e-12]
	RefineElem[5: 8.46710000000000e+04, 4.47570000000000e+04, 8.32800000000000e+03, 8.32700000000000e+03, 3.94079038485803e-12]
	RefineElem[5: 7.84550000000000e+04, 2.32870000000000e+04, 2.32960000000000e+04, 4.30800000000000e+04, 3.93800123539687e-12]
	RefineElem[5: 6.88010000000000e+04, 4.09010000000000e+04, 4.09000000000000e+04, 4.07670000000000e+04, 3.92864788046018e-12]
	RefineElem[5: 7.81440000000000e+04, 4.27470000000000e+04, 2.28780000000000e+04, 4.29820000000000e+04, 3.92490895844261e-12]
	RefineElem[5: 2.12990000000000e+04, 1.88760000000000e+04, 1.89000000000000e+04, 1.89010000000000e+04, 3.92183475455872e-12]
	RefineElem[5: 6.13750000000000e+04, 2.32130000000000e+04, 2.32060000000000e+04, 2.32070000000000e+04, 3.91825663859417e-12]
	RefineElem[5: 8.31460000000000e+04, 4.43480000000000e+04, 2.92000000000000e+04, 4.43490000000000e+04, 3.91575652358870e-12]
	RefineElem[5: 6.22520000000000e+04, 1.34830000000000e+04, 1.34570000000000e+04, 1.34600000000000e+04, 3.91487351559862e-12]
	RefineElem[5: 7.49990000000000e+04, 3.38600000000000e+03, 9.95000000000000e+02, 4.23230000000000e+04, 3.91082156880556e-12]
	RefineElem[5: 7.84540000000000e+04, 4.30800000000000e+04, 2.32960000000000e+04, 2.32860000000000e+04, 3.90658461422885e-12]
	RefineElem[5: 9.71580000000000e+04, 4.90580000000000e+04, 3.47830000000000e+04, 4.24290000000000e+04, 3.90631636173061e-12]
	RefineElem[5: 8.31890000000000e+04, 2.15540000000000e+04, 4.43610000000000e+04, 4.42110000000000e+04, 3.90620020233407e-12]
	RefineElem[5: 7.29070000000000e+04, 7.01000000000000e+02, 6.92000000000000e+02, 4.18910000000000e+04, 3.90593134629128e-12]
	RefineElem[5: 5.08260000000000e+04, 6.20900000000000e+03, 6.21200000000000e+03, 6.21300000000000e+03, 3.90506190323157e-12]
	RefineElem[5: 8.35150000000000e+04, 4.16150000000000e+04, 4.16160000000000e+04, 4.44440000000000e+04, 3.90126484365669e-12]
	RefineElem[5: 7.19170000000000e+04, 2.75910000000000e+04, 2.75860000000000e+04, 4.16890000000000e+04, 3.89903585249540e-12]
	RefineElem[5: 2.48580000000000e+04, 2.57970000000000e+04, 2.58780000000000e+04, 2.58790000000000e+04, 3.89809089225831e-12]
	RefineElem[5: 5.78430000000000e+04, 2.31860000000000e+04, 2.31900000000000e+04, 2.37180000000000e+04, 3.89603504962393e-12]
	RefineElem[5: 9.50100000000000e+04, 2.07220000000000e+04, 2.32210000000000e+04, 4.82750000000000e+04, 3.89552156604895e-12]
	RefineElem[5: 7.42240000000000e+04, 4.05040000000000e+04, 2.25200000000000e+04, 4.21520000000000e+04, 3.89498587917409e-12]
	RefineElem[5: 7.05650000000000e+04, 4.13650000000000e+04, 2.26810000000000e+04, 3.93070000000000e+04, 3.89416221056235e-12]
	RefineElem[5: 8.61220000000000e+04, 2.29910000000000e+04, 2.28880000000000e+04, 4.53760000000000e+04, 3.89356942641386e-12]
	RefineElem[5: 7.42180000000000e+04, 4.21510000000000e+04, 8.14000000000000e+02, 8.09000000000000e+02, 3.89325478434903e-12]
	RefineElem[5: 7.18810000000000e+04, 1.16160000000000e+04, 9.65200000000000e+03, 4.16840000000000e+04, 3.88962271017671e-12]
	RefineElem[5: 7.21280000000000e+04, 4.17320000000000e+04, 4.12400000000000e+04, 1.98280000000000e+04, 3.88884320403264e-12]
	RefineElem[5: 8.60340000000000e+04, 4.53330000000000e+04, 2.32720000000000e+04, 2.32740000000000e+04, 3.88657488580055e-12]
	RefineElem[5: 7.08140000000000e+04, 3.49290000000000e+04, 4.14330000000000e+04, 4.14320000000000e+04, 3.88416646974418e-12]
	RefineElem[5: 4.64360000000000e+04, 3.71830000000000e+04, 3.71820000000000e+04, 3.71840000000000e+04, 3.88354823871639e-12]
	RefineElem[5: 7.79640000000000e+04, 4.29420000000000e+04, 4.08700000000000e+04, 4.08690000000000e+04, 3.88218578140765e-12]
	RefineElem[5: 7.57470000000000e+04, 4.17610000000000e+04, 2.43040000000000e+04, 4.24490000000000e+04, 3.88195066403347e-12]
	RefineElem[5: 7.35660000000000e+04, 4.20230000000000e+04, 4.20220000000000e+04, 2.30520000000000e+04, 3.88077024351524e-12]
	RefineElem[5: 3.95940000000000e+04, 1.67700000000000e+04, 1.67710000000000e+04, 1.67730000000000e+04, 3.87775016908668e-12]
	RefineElem[5: 7.29450000000000e+04, 2.30380000000000e+04, 4.19000000000000e+04, 4.11480000000000e+04, 3.87526218784735e-12]
	RefineElem[5: 6.97510000000000e+04, 3.73300000000000e+03, 4.02000000000000e+03, 4.11380000000000e+04, 3.87440942349304e-12]
	RefineElem[5: 6.15140000000000e+04, 2.55490000000000e+04, 2.57210000000000e+04, 2.57080000000000e+04, 3.87342863992424e-12]
	RefineElem[5: 6.91160000000000e+04, 3.59200000000000e+03, 4.09750000000000e+04, 4.09740000000000e+04, 3.87145802708323e-12]
	RefineElem[5: 7.37010000000000e+04, 4.20540000000000e+04, 1.32490000000000e+04, 1.52440000000000e+04, 3.86460579690564e-12]
	RefineElem[5: 8.42650000000000e+04, 4.39990000000000e+04, 4.46570000000000e+04, 4.46620000000000e+04, 3.86423675710551e-12]
	RefineElem[5: 6.88490000000000e+04, 4.09120000000000e+04, 4.05300000000000e+04, 3.50150000000000e+04, 3.86403865048467e-12]
	RefineElem[5: 8.48450000000000e+04, 2.46920000000000e+04, 2.46740000000000e+04, 4.47790000000000e+04, 3.86111203035598e-12]
	RefineElem[5: 7.21100000000000e+04, 4.17300000000000e+04, 7.43000000000000e+03, 4.07650000000000e+04, 3.86051904215362e-12]
	RefineElem[5: 1.01163000000000e+05, 4.40280000000000e+04, 5.02690000000000e+04, 5.02700000000000e+04, 3.85930475759099e-12]
	RefineElem[5: 3.96280000000000e+04, 3.92840000000000e+04, 2.03440000000000e+04, 2.77880000000000e+04, 3.85728445393786e-12]
	RefineElem[5: 7.01920000000000e+04, 4.12710000000000e+04, 4.12720000000000e+04, 4.11880000000000e+04, 3.85679418701284e-12]
	RefineElem[5: 6.37530000000000e+04, 2.21560000000000e+04, 2.21100000000000e+04, 2.22010000000000e+04, 3.85659069442219e-12]
	RefineElem[5: 9.57120000000000e+04, 4.84960000000000e+04, 4.84650000000000e+04, 2.82450000000000e+04, 3.85524750836941e-12]
	RefineElem[5: 1.79660000000000e+04, 1.28460000000000e+04, 1.28490000000000e+04, 1.48450000000000e+04, 3.85335801315182e-12]
	RefineElem[5: 6.33740000000000e+04, 1.61050000000000e+04, 1.61080000000000e+04, 1.63090000000000e+04, 3.85318190518197e-12]
	RefineElem[5: 7.94840000000000e+04, 4.07030000000000e+04, 4.07020000000000e+04, 4.33220000000000e+04, 3.85313792736157e-12]
	RefineElem[5: 8.44370000000000e+04, 4.47250000000000e+04, 2.74230000000000e+04, 2.74650000000000e+04, 3.85073794950023e-12]
	RefineElem[5: 6.02800000000000e+04, 2.56600000000000e+03, 1.73800000000000e+03, 1.73600000000000e+03, 3.84864160990567e-12]
	RefineElem[5: 7.30280000000000e+04, 4.19150000000000e+04, 2.80980000000000e+04, 2.80990000000000e+04, 3.84813692645839e-12]
	RefineElem[5: 7.37040000000000e+04, 1.51880000000000e+04, 1.32340000000000e+04, 4.20540000000000e+04, 3.84693620137869e-12]
	RefineElem[5: 9.50120000000000e+04, 4.57450000000000e+04, 4.82750000000000e+04, 4.82760000000000e+04, 3.84478437932880e-12]
	RefineElem[5: 5.76690000000000e+04, 1.64120000000000e+04, 1.63750000000000e+04, 1.63740000000000e+04, 3.84342374949889e-12]
	RefineElem[5: 4.71380000000000e+04, 3.92810000000000e+04, 3.90740000000000e+04, 2.67600000000000e+04, 3.83845304086790e-12]
	RefineElem[5: 5.43990000000000e+04, 2.62000000000000e+03, 6.66000000000000e+02, 1.79400000000000e+03, 3.83492025725560e-12]
	RefineElem[5: 7.59750000000000e+04, 1.16010000000000e+04, 4.25060000000000e+04, 9.68900000000000e+03, 3.83284838031217e-12]
	RefineElem[5: 2.26070000000000e+04, 2.32790000000000e+04, 2.32870000000000e+04, 2.32780000000000e+04, 3.83123064407622e-12]
	RefineElem[5: 9.49730000000000e+04, 4.82660000000000e+04, 4.52270000000000e+04, 4.52280000000000e+04, 3.82883220527472e-12]
	RefineElem[5: 9.36210000000000e+04, 4.78230000000000e+04, 4.49300000000000e+04, 4.49310000000000e+04, 3.82817654124167e-12]
	RefineElem[5: 8.36030000000000e+04, 4.08020000000000e+04, 2.14750000000000e+04, 4.44670000000000e+04, 3.82748680384329e-12]
	RefineElem[5: 6.91310000000000e+04, 4.09790000000000e+04, 1.46140000000000e+04, 1.46160000000000e+04, 3.82702238617694e-12]
	RefineElem[5: 6.42900000000000e+04, 2.90390000000000e+04, 3.90580000000000e+04, 2.68590000000000e+04, 3.82668170451039e-12]
	RefineElem[5: 7.46970000000000e+04, 4.22460000000000e+04, 3.89770000000000e+04, 4.22400000000000e+04, 3.82473958180783e-12]
	RefineElem[5: 7.47620000000000e+04, 4.22660000000000e+04, 3.50470000000000e+04, 3.89470000000000e+04, 3.82092017131754e-12]
	RefineElem[5: 6.64360000000000e+04, 2.03610000000000e+04, 3.92400000000000e+04, 4.00800000000000e+04, 3.81907846080564e-12]
	RefineElem[5: 9.14730000000000e+04, 4.71840000000000e+04, 4.08000000000000e+04, 2.43290000000000e+04, 3.81686078293796e-12]
	RefineElem[5: 6.12750000000000e+04, 2.17140000000000e+04, 2.17670000000000e+04, 2.39350000000000e+04, 3.81435463739451e-12]
	RefineElem[5: 6.81820000000000e+04, 4.06730000000000e+04, 2.65120000000000e+04, 2.65170000000000e+04, 3.81424926288847e-12]
	RefineElem[5: 5.80540000000000e+04, 2.90100000000000e+04, 2.90230000000000e+04, 2.68570000000000e+04, 3.81330857859998e-12]
	RefineElem[5: 7.06030000000000e+04, 4.11870000000000e+04, 4.13730000000000e+04, 4.13740000000000e+04, 3.80785652697133e-12]
	RefineElem[5: 7.01990000000000e+04, 4.12730000000000e+04, 4.12690000000000e+04, 4.12700000000000e+04, 3.80593703660526e-12]
	RefineElem[5: 4.78860000000000e+04, 3.94800000000000e+04, 3.73750000000000e+04, 3.94680000000000e+04, 3.80527278312618e-12]
	RefineElem[5: 7.70800000000000e+04, 4.27650000000000e+04, 2.63140000000000e+04, 2.43930000000000e+04, 3.80392275711863e-12]
	RefineElem[5: 9.21240000000000e+04, 4.73900000000000e+04, 4.73890000000000e+04, 9.83200000000000e+03, 3.80289232595030e-12]
	RefineElem[5: 7.95190000000000e+04, 2.31560000000000e+04, 2.31550000000000e+04, 4.33260000000000e+04, 3.80255753869161e-12]
	RefineElem[5: 5.86040000000000e+04, 1.27740000000000e+04, 1.27270000000000e+04, 1.27090000000000e+04, 3.80234887469713e-12]
	RefineElem[5: 7.01120000000000e+04, 4.12540000000000e+04, 1.93740000000000e+04, 4.12530000000000e+04, 3.80177370167584e-12]
	RefineElem[5: 6.91760000000000e+04, 2.27280000000000e+04, 4.07450000000000e+04, 4.09880000000000e+04, 3.80159800585911e-12]
	RefineElem[5: 8.35690000000000e+04, 2.15000000000000e+04, 4.07510000000000e+04, 4.44580000000000e+04, 3.80105571734880e-12]
	RefineElem[5: 6.04010000000000e+04, 4.67700000000000e+03, 4.67900000000000e+03, 6.20300000000000e+03, 3.79994279426768e-12]
	RefineElem[5: 5.64350000000000e+04, 2.27870000000000e+04, 2.30970000000000e+04, 2.27780000000000e+04, 3.79986324822168e-12]
	RefineElem[5: 7.33390000000000e+04, 2.57620000000000e+04, 2.82810000000000e+04, 4.19710000000000e+04, 3.79886095913105e-12]
	RefineElem[5: 7.10320000000000e+04, 4.14850000000000e+04, 2.21940000000000e+04, 2.22430000000000e+04, 3.79640682037842e-12]
	RefineElem[5: 9.31710000000000e+04, 4.65480000000000e+04, 4.65530000000000e+04, 4.76840000000000e+04, 3.79296388630360e-12]
	RefineElem[5: 4.78740000000000e+04, 3.73790000000000e+04, 3.94750000000000e+04, 3.94720000000000e+04, 3.79271330843713e-12]
	RefineElem[5: 5.56770000000000e+04, 2.21050000000000e+04, 2.20940000000000e+04, 2.20930000000000e+04, 3.79200453694128e-12]
	RefineElem[5: 6.03970000000000e+04, 4.67800000000000e+03, 4.68000000000000e+03, 6.20000000000000e+03, 3.78932359735615e-12]
	RefineElem[5: 7.69080000000000e+04, 2.27240000000000e+04, 2.30020000000000e+04, 4.27460000000000e+04, 3.78549187773804e-12]
	RefineElem[5: 7.31500000000000e+04, 4.19400000000000e+04, 9.97500000000000e+03, 1.01980000000000e+04, 3.78240794188102e-12]
	RefineElem[5: 8.32520000000000e+04, 4.43710000000000e+04, 2.74060000000000e+04, 2.74050000000000e+04, 3.78240443752355e-12]
	RefineElem[5: 5.42350000000000e+04, 9.59000000000000e+02, 9.26000000000000e+02, 1.29200000000000e+03, 3.78109970919251e-12]
	RefineElem[5: 8.34770000000000e+04, 4.44350000000000e+04, 4.16140000000000e+04, 4.16150000000000e+04, 3.78066976740391e-12]
	RefineElem[5: 7.29910000000000e+04, 4.19090000000000e+04, 4.19060000000000e+04, 4.19050000000000e+04, 3.77888548680828e-12]
	RefineElem[5: 9.52170000000000e+04, 4.83380000000000e+04, 4.83390000000000e+04, 4.83410000000000e+04, 3.77780521894502e-12]
	RefineElem[5: 8.36710000000000e+04, 4.44950000000000e+04, 2.79280000000000e+04, 2.79310000000000e+04, 3.77719761601100e-12]
	RefineElem[5: 8.53850000000000e+04, 2.00260000000000e+04, 2.00270000000000e+04, 4.49960000000000e+04, 3.77708985796511e-12]
	RefineElem[5: 1.79250000000000e+04, 1.48530000000000e+04, 1.28850000000000e+04, 1.28980000000000e+04, 3.77577020665544e-12]
	RefineElem[5: 7.33350000000000e+04, 4.19710000000000e+04, 2.82800000000000e+04, 2.57580000000000e+04, 3.77565258470768e-12]
	RefineElem[5: 4.87280000000000e+04, 3.95610000000000e+04, 3.78070000000000e+04, 3.95590000000000e+04, 3.77536777383341e-12]
	RefineElem[5: 7.72540000000000e+04, 4.28000000000000e+04, 4.27990000000000e+04, 2.79640000000000e+04, 3.76604349359999e-12]
	RefineElem[5: 8.94620000000000e+04, 4.65950000000000e+04, 4.29230000000000e+04, 1.96090000000000e+04, 3.76414463315937e-12]
	RefineElem[5: 8.03930000000000e+04, 4.35730000000000e+04, 9.09000000000000e+03, 9.06200000000000e+03, 3.76314049345899e-12]
	RefineElem[5: 7.25690000000000e+04, 4.18210000000000e+04, 2.90120000000000e+04, 2.90130000000000e+04, 3.76302659809205e-12]
	RefineElem[5: 9.51350000000000e+04, 4.83110000000000e+04, 4.57980000000000e+04, 2.22280000000000e+04, 3.76230812884514e-12]
	RefineElem[5: 7.24500000000000e+04, 2.81120000000000e+04, 2.81250000000000e+04, 4.17880000000000e+04, 3.76067637237732e-12]
	RefineElem[5: 8.27000000000000e+04, 4.42390000000000e+04, 6.88800000000000e+03, 6.89200000000000e+03, 3.75997047876191e-12]
	RefineElem[5: 6.67540000000000e+04, 4.01430000000000e+04, 3.72960000000000e+04, 3.72940000000000e+04, 3.75920605279604e-12]
	RefineElem[5: 8.07000000000000e+04, 4.36510000000000e+04, 4.17280000000000e+04, 4.17290000000000e+04, 3.75848417237116e-12]
	RefineElem[5: 7.31130000000000e+04, 6.08100000000000e+03, 4.88100000000000e+03, 4.19370000000000e+04, 3.75826467274173e-12]
	RefineElem[5: 8.04910000000000e+04, 2.12550000000000e+04, 4.28060000000000e+04, 4.35960000000000e+04, 3.75762331037136e-12]
	RefineElem[5: 4.98400000000000e+04, 3.95020000000000e+04, 3.84880000000000e+04, 3.84900000000000e+04, 3.75665527439398e-12]
	RefineElem[5: 7.74070000000000e+04, 2.63310000000000e+04, 4.17350000000000e+04, 4.28280000000000e+04, 3.75592888174541e-12]
	RefineElem[5: 5.26720000000000e+04, 2.71640000000000e+04, 2.71610000000000e+04, 2.72120000000000e+04, 3.75484651378040e-12]
	RefineElem[5: 4.98520000000000e+04, 3.95180000000000e+04, 3.84940000000000e+04, 3.84960000000000e+04, 3.75474632144199e-12]
	RefineElem[5: 6.84940000000000e+04, 4.07840000000000e+04, 2.87800000000000e+04, 2.87760000000000e+04, 3.75458065175966e-12]
	RefineElem[5: 7.20540000000000e+04, 4.17120000000000e+04, 2.62620000000000e+04, 2.45100000000000e+04, 3.74840390950797e-12]
	RefineElem[5: 6.49760000000000e+04, 1.67820000000000e+04, 1.67890000000000e+04, 1.67860000000000e+04, 3.74654406582570e-12]
	RefineElem[5: 7.71250000000000e+04, 4.27700000000000e+04, 2.43270000000000e+04, 4.19960000000000e+04, 3.74046584190671e-12]
	RefineElem[5: 8.34830000000000e+04, 4.44370000000000e+04, 4.16130000000000e+04, 4.16140000000000e+04, 3.73692564550952e-12]
	RefineElem[5: 6.99400000000000e+04, 4.05660000000000e+04, 3.49550000000000e+04, 4.12010000000000e+04, 3.73469800424482e-12]
	RefineElem[5: 6.87050000000000e+04, 4.08590000000000e+04, 2.81180000000000e+04, 2.81190000000000e+04, 3.73397144947407e-12]
	RefineElem[5: 7.08590000000000e+04, 4.14410000000000e+04, 4.14400000000000e+04, 3.41090000000000e+04, 3.72481734401599e-12]
	RefineElem[5: 2.25940000000000e+04, 2.32470000000000e+04, 2.32430000000000e+04, 2.25270000000000e+04, 3.72403703043262e-12]
	RefineElem[5: 7.88210000000000e+04, 4.31710000000000e+04, 4.31700000000000e+04, 4.31670000000000e+04, 3.72322387606206e-12]
	RefineElem[5: 7.00710000000000e+04, 2.38830000000000e+04, 2.18400000000000e+04, 4.12420000000000e+04, 3.72304096405404e-12]
	RefineElem[5: 6.86370000000000e+04, 3.47170000000000e+04, 3.47160000000000e+04, 4.08370000000000e+04, 3.72075704223360e-12]
	RefineElem[5: 6.37290000000000e+04, 1.53440000000000e+04, 1.53230000000000e+04, 1.53040000000000e+04, 3.71850678680617e-12]
	RefineElem[5: 6.88320000000000e+04, 2.08150000000000e+04, 2.08110000000000e+04, 4.09090000000000e+04, 3.71821067044903e-12]
	RefineElem[5: 7.31510000000000e+04, 9.98200000000000e+03, 9.98700000000000e+03, 4.19400000000000e+04, 3.71633717075204e-12]
	RefineElem[5: 7.27650000000000e+04, 2.25120000000000e+04, 4.10770000000000e+04, 4.18650000000000e+04, 3.71592959745526e-12]
	RefineElem[5: 6.88560000000000e+04, 4.09150000000000e+04, 4.09140000000000e+04, 3.49170000000000e+04, 3.71250171470812e-12]
	RefineElem[5: 1.00399000000000e+05, 5.00400000000000e+04, 5.00390000000000e+04, 4.85560000000000e+04, 3.71249612800861e-12]
	RefineElem[5: 7.18030000000000e+04, 3.47570000000000e+04, 3.48200000000000e+04, 4.16680000000000e+04, 3.71167774969438e-12]
	RefineElem[5: 9.27610000000000e+04, 4.75670000000000e+04, 4.56390000000000e+04, 4.04230000000000e+04, 3.70871712309760e-12]
	RefineElem[5: 7.59780000000000e+04, 4.25060000000000e+04, 1.16030000000000e+04, 9.69000000000000e+03, 3.70654388644995e-12]
	RefineElem[5: 9.56040000000000e+04, 4.84710000000000e+04, 4.84700000000000e+04, 4.84660000000000e+04, 3.70390978092307e-12]
	RefineElem[5: 6.91880000000000e+04, 4.09900000000000e+04, 2.28270000000000e+04, 2.28130000000000e+04, 3.70093054826480e-12]
	RefineElem[5: 6.82000000000000e+04, 4.06850000000000e+04, 3.50170000000000e+04, 3.49460000000000e+04, 3.70012669530250e-12]
	RefineElem[5: 6.03950000000000e+04, 6.14100000000000e+03, 4.65700000000000e+03, 4.65800000000000e+03, 3.69908745694461e-12]
	RefineElem[5: 7.08800000000000e+04, 4.14440000000000e+04, 4.09900000000000e+04, 2.27650000000000e+04, 3.69846047335223e-12]
	RefineElem[5: 9.32630000000000e+04, 4.53800000000000e+04, 4.77140000000000e+04, 4.77130000000000e+04, 3.69679081685867e-12]
	RefineElem[5: 6.58480000000000e+04, 2.03450000000000e+04, 3.92840000000000e+04, 2.77850000000000e+04, 3.69673486991061e-12]
	RefineElem[5: 4.98430000000000e+04, 3.84900000000000e+04, 3.84920000000000e+04, 3.95050000000000e+04, 3.68910977749413e-12]
	RefineElem[5: 9.67040000000000e+04, 4.88430000000000e+04, 2.84950000000000e+04, 2.86590000000000e+04, 3.68193063887154e-12]
	RefineElem[5: 7.78540000000000e+04, 4.29210000000000e+04, 6.64000000000000e+02, 2.54500000000000e+03, 3.67844193361328e-12]
	RefineElem[5: 6.38760000000000e+04, 1.31790000000000e+04, 1.31810000000000e+04, 1.31370000000000e+04, 3.67814912599975e-12]
	RefineElem[5: 7.70890000000000e+04, 2.42760000000000e+04, 2.64270000000000e+04, 4.27660000000000e+04, 3.67768560404564e-12]
	RefineElem[5: 5.78660000000000e+04, 2.45390000000000e+04, 2.45400000000000e+04, 2.46270000000000e+04, 3.67720269770342e-12]
	RefineElem[5: 7.88490000000000e+04, 2.14320000000000e+04, 4.31770000000000e+04, 2.12900000000000e+04, 3.67714311109762e-12]
	RefineElem[5: 2.55050000000000e+04, 2.82950000000000e+04, 2.82960000000000e+04, 2.82900000000000e+04, 3.67571259745743e-12]
	RefineElem[5: 5.84820000000000e+04, 8.54800000000000e+03, 8.95600000000000e+03, 8.94300000000000e+03, 3.67498292114218e-12]
	RefineElem[5: 5.45330000000000e+04, 3.95400000000000e+03, 3.94900000000000e+03, 4.10600000000000e+03, 3.67489110188201e-12]
	RefineElem[5: 6.99180000000000e+04, 4.11970000000000e+04, 4.09730000000000e+04, 8.92500000000000e+03, 3.67199492251651e-12]
	RefineElem[5: 9.79720000000000e+04, 3.04000000000000e+03, 4.21540000000000e+04, 4.93450000000000e+04, 3.67127416945678e-12]
	RefineElem[5: 7.39210000000000e+04, 2.10450000000000e+04, 1.97790000000000e+04, 4.21020000000000e+04, 3.67067328803322e-12]
	RefineElem[5: 9.27660000000000e+04, 4.45060000000000e+04, 2.67360000000000e+04, 4.75670000000000e+04, 3.67055178564309e-12]
	RefineElem[5: 7.53840000000000e+04, 2.24200000000000e+04, 4.23710000000000e+04, 4.23720000000000e+04, 3.66765102140906e-12]
	RefineElem[5: 8.46030000000000e+04, 6.15400000000000e+03, 6.18200000000000e+03, 4.47490000000000e+04, 3.66228956763636e-12]
	RefineElem[5: 7.90990000000000e+04, 3.93490000000000e+04, 2.38470000000000e+04, 4.32450000000000e+04, 3.66002618840552e-12]
	RefineElem[5: 9.51070000000000e+04, 4.58020000000000e+04, 4.58010000000000e+04, 4.83040000000000e+04, 3.65943915363021e-12]
	RefineElem[5: 7.14720000000000e+04, 4.15920000000000e+04, 2.33450000000000e+04, 2.34470000000000e+04, 3.65878973732652e-12]
	RefineElem[5: 5.57280000000000e+04, 2.27510000000000e+04, 2.27380000000000e+04, 3.88060000000000e+04, 3.65870389799955e-12]
	RefineElem[5: 7.41500000000000e+03, 3.17700000000000e+03, 5.62000000000000e+03, 5.60700000000000e+03, 3.65868124439501e-12]
	RefineElem[5: 8.01780000000000e+04, 4.35130000000000e+04, 2.82370000000000e+04, 2.82420000000000e+04, 3.65867725968856e-12]
	RefineElem[5: 6.50840000000000e+04, 3.91960000000000e+04, 2.69100000000000e+04, 2.68950000000000e+04, 3.65700587956849e-12]
	RefineElem[5: 7.45010000000000e+04, 4.22030000000000e+04, 9.92200000000000e+03, 9.88300000000000e+03, 3.65431942752070e-12]
	RefineElem[5: 6.36020000000000e+04, 5.66200000000000e+03, 5.64000000000000e+03, 3.64800000000000e+03, 3.65386134914058e-12]
	RefineElem[5: 6.93690000000000e+04, 2.75380000000000e+04, 2.75320000000000e+04, 4.10480000000000e+04, 3.65309735304660e-12]
	RefineElem[5: 6.96120000000000e+04, 2.26180000000000e+04, 2.26160000000000e+04, 4.11090000000000e+04, 3.65155391375850e-12]
	RefineElem[5: 8.34920000000000e+04, 2.21280000000000e+04, 4.16130000000000e+04, 4.44390000000000e+04, 3.65116664529950e-12]
	RefineElem[5: 7.04780000000000e+04, 2.39350000000000e+04, 2.39510000000000e+04, 4.13450000000000e+04, 3.64955084710637e-12]
	RefineElem[5: 1.79460000000000e+04, 1.34680000000000e+04, 1.53990000000000e+04, 1.54070000000000e+04, 3.64735650463874e-12]
	RefineElem[5: 7.41790000000000e+04, 4.21470000000000e+04, 2.03480000000000e+04, 4.06180000000000e+04, 3.64294712810581e-12]
	RefineElem[5: 9.72010000000000e+04, 4.25670000000000e+04, 4.90790000000000e+04, 4.06950000000000e+04, 3.64243998864426e-12]
	RefineElem[5: 7.36140000000000e+04, 4.12760000000000e+04, 2.67590000000000e+04, 4.20340000000000e+04, 3.64104260258231e-12]
	RefineElem[5: 7.96290000000000e+04, 4.33550000000000e+04, 4.33560000000000e+04, 4.26080000000000e+04, 3.63842294275795e-12]
	RefineElem[5: 8.38190000000000e+04, 4.45390000000000e+04, 2.35600000000000e+04, 2.36190000000000e+04, 3.63647431715638e-12]
	RefineElem[5: 6.83010000000000e+04, 2.22770000000000e+04, 2.22880000000000e+04, 4.07110000000000e+04, 3.63585261055864e-12]
	RefineElem[5: 5.25230000000000e+04, 2.53860000000000e+04, 2.53750000000000e+04, 2.54300000000000e+04, 3.63408450411475e-12]
	RefineElem[5: 5.58410000000000e+04, 2.53710000000000e+04, 2.53670000000000e+04, 2.53640000000000e+04, 3.63231033977966e-12]
	RefineElem[5: 5.95640000000000e+04, 2.33210000000000e+04, 2.33150000000000e+04, 2.33120000000000e+04, 3.62665577169898e-12]
	RefineElem[5: 9.90160000000000e+04, 4.96360000000000e+04, 4.77270000000000e+04, 4.77280000000000e+04, 3.62405193176392e-12]
	RefineElem[5: 6.81170000000000e+04, 4.06550000000000e+04, 9.99700000000000e+03, 4.05000000000000e+04, 3.62355558974094e-12]
	RefineElem[5: 6.27000000000000e+04, 2.64620000000000e+04, 2.64640000000000e+04, 2.63240000000000e+04, 3.62234492109876e-12]
	RefineElem[5: 7.79900000000000e+04, 4.29460000000000e+04, 2.72580000000000e+04, 2.73680000000000e+04, 3.62085444925884e-12]
	RefineElem[5: 8.94850000000000e+04, 4.07430000000000e+04, 3.49590000000000e+04, 4.66000000000000e+04, 3.61804748869671e-12]
	RefineElem[5: 3.95920000000000e+04, 3.71160000000000e+04, 3.71170000000000e+04, 3.71110000000000e+04, 3.61779172701044e-12]
	RefineElem[5: 7.45190000000000e+04, 2.34660000000000e+04, 4.15920000000000e+04, 4.22040000000000e+04, 3.61734368471144e-12]
	RefineElem[5: 7.10670000000000e+04, 6.79400000000000e+03, 6.79300000000000e+03, 4.14950000000000e+04, 3.61460902584766e-12]
	RefineElem[5: 6.30270000000000e+04, 4.42100000000000e+03, 3.59800000000000e+03, 4.56600000000000e+03, 3.60977601919912e-12]
	RefineElem[5: 9.72820000000000e+04, 4.81810000000000e+04, 1.92250000000000e+04, 4.91160000000000e+04, 3.60859065205963e-12]
	RefineElem[5: 8.66840000000000e+04, 4.56140000000000e+04, 4.09100000000000e+04, 4.40420000000000e+04, 3.60854141087643e-12]
	RefineElem[5: 7.32900000000000e+04, 6.88000000000000e+02, 4.52200000000000e+03, 4.19640000000000e+04, 3.60795529198944e-12]
	RefineElem[5: 6.66870000000000e+04, 4.01270000000000e+04, 2.67480000000000e+04, 1.92240000000000e+04, 3.60793631453414e-12]
	RefineElem[5: 7.23820000000000e+04, 4.10360000000000e+04, 2.17900000000000e+04, 4.17730000000000e+04, 3.60772015778270e-12]
	RefineElem[5: 7.27940000000000e+04, 2.83800000000000e+04, 4.11200000000000e+04, 4.18690000000000e+04, 3.60382840638353e-12]
	RefineElem[5: 7.02170000000000e+04, 4.12760000000000e+04, 3.92110000000000e+04, 2.88810000000000e+04, 3.60165136464619e-12]
	RefineElem[5: 5.98650000000000e+04, 2.80230000000000e+04, 2.81710000000000e+04, 3.93670000000000e+04, 3.60163515091340e-12]
	RefineElem[5: 7.70360000000000e+04, 2.54460000000000e+04, 2.54510000000000e+04, 4.27610000000000e+04, 3.60110661927176e-12]
	RefineElem[5: 6.86440000000000e+04, 4.08390000000000e+04, 4.08400000000000e+04, 4.06080000000000e+04, 3.60014184656620e-12]
	RefineElem[5: 6.33810000000000e+04, 1.63930000000000e+04, 1.54520000000000e+04, 1.54200000000000e+04, 3.59607964836960e-12]
	RefineElem[5: 7.41130000000000e+04, 4.21320000000000e+04, 2.32460000000000e+04, 2.07000000000000e+04, 3.59572330394240e-12]
	RefineElem[5: 5.90650000000000e+04, 7.59900000000000e+03, 9.25200000000000e+03, 9.30100000000000e+03, 3.59231397242898e-12]
	RefineElem[5: 9.50170000000000e+04, 4.82770000000000e+04, 4.82780000000000e+04, 4.57440000000000e+04, 3.59062116522290e-12]
	RefineElem[5: 7.87260000000000e+04, 4.31540000000000e+04, 2.26780000000000e+04, 2.26540000000000e+04, 3.58782531330131e-12]
	RefineElem[5: 7.80980000000000e+04, 1.96270000000000e+04, 4.29780000000000e+04, 1.96280000000000e+04, 3.58718272719013e-12]
	RefineElem[5: 6.81850000000000e+04, 4.06750000000000e+04, 2.23800000000000e+04, 2.36290000000000e+04, 3.58657974700617e-12]
	RefineElem[5: 8.10340000000000e+04, 2.74840000000000e+04, 4.37740000000000e+04, 2.74830000000000e+04, 3.58207678443422e-12]
	RefineElem[5: 8.32550000000000e+04, 4.43720000000000e+04, 2.75830000000000e+04, 2.76160000000000e+04, 3.58148564519802e-12]
	RefineElem[5: 9.50140000000000e+04, 4.57450000000000e+04, 4.82760000000000e+04, 4.82770000000000e+04, 3.58075513816436e-12]
	RefineElem[5: 7.53390000000000e+04, 8.59900000000000e+03, 4.23660000000000e+04, 8.67600000000000e+03, 3.58070466522403e-12]
	RefineElem[5: 7.53530000000000e+04, 2.48870000000000e+04, 4.22880000000000e+04, 4.23680000000000e+04, 3.57702426815353e-12]
	RefineElem[5: 7.06400000000000e+03, 5.99300000000000e+03, 4.78300000000000e+03, 2.79700000000000e+03, 3.57441702918420e-12]
	RefineElem[5: 7.94830000000000e+04, 4.33180000000000e+04, 4.33200000000000e+04, 4.33210000000000e+04, 3.56977194514026e-12]
	RefineElem[5: 6.77660000000000e+04, 4.05290000000000e+04, 2.27300000000000e+04, 3.88280000000000e+04, 3.56634460028109e-12]
	RefineElem[5: 8.66930000000000e+04, 4.56250000000000e+04, 4.27630000000000e+04, 4.21850000000000e+04, 3.56501151446522e-12]
	RefineElem[5: 5.46980000000000e+04, 6.06400000000000e+03, 4.88100000000000e+03, 6.06800000000000e+03, 3.56453906261233e-12]
	RefineElem[5: 6.97530000000000e+04, 2.27610000000000e+04, 2.27720000000000e+04, 4.11390000000000e+04, 3.56398185072300e-12]
	RefineElem[5: 8.32080000000000e+04, 4.43640000000000e+04, 2.26970000000000e+04, 2.26240000000000e+04, 3.56394026762369e-12]
	RefineElem[5: 8.19660000000000e+04, 2.55380000000000e+04, 4.13260000000000e+04, 4.40120000000000e+04, 3.56141903192218e-12]
	RefineElem[5: 1.00588000000000e+05, 5.00850000000000e+04, 4.71760000000000e+04, 4.71810000000000e+04, 3.55902454997622e-12]
	RefineElem[5: 8.36850000000000e+04, 4.45000000000000e+04, 2.16900000000000e+04, 4.44890000000000e+04, 3.55570852165105e-12]
	RefineElem[5: 7.56210000000000e+04, 4.24270000000000e+04, 4.06690000000000e+04, 9.99900000000000e+03, 3.55150564828959e-12]
	RefineElem[5: 7.48580000000000e+04, 2.41160000000000e+04, 4.22900000000000e+04, 2.40950000000000e+04, 3.55014007721261e-12]
	RefineElem[5: 5.79510000000000e+04, 2.68580000000000e+04, 2.68880000000000e+04, 2.68900000000000e+04, 3.54528729796138e-12]
	RefineElem[5: 4.78870000000000e+04, 3.73750000000000e+04, 3.94800000000000e+04, 3.94780000000000e+04, 3.54357892510536e-12]
	RefineElem[5: 6.75020000000000e+04, 4.03480000000000e+04, 2.06960000000000e+04, 4.03470000000000e+04, 3.54299626062362e-12]
	RefineElem[5: 7.71010000000000e+04, 2.42810000000000e+04, 2.67090000000000e+04, 4.27670000000000e+04, 3.54037871970427e-12]
	RefineElem[5: 7.99050000000000e+04, 4.34520000000000e+04, 2.57930000000000e+04, 2.47090000000000e+04, 3.53934431389541e-12]
	RefineElem[5: 4.98510000000000e+04, 3.84960000000000e+04, 3.85000000000000e+04, 3.95160000000000e+04, 3.53871423703478e-12]
	RefineElem[5: 6.80390000000000e+04, 4.06180000000000e+04, 2.06040000000000e+04, 2.06050000000000e+04, 3.53716156561941e-12]
	RefineElem[5: 8.39140000000000e+04, 4.45730000000000e+04, 4.45720000000000e+04, 4.41600000000000e+04, 3.53705119399448e-12]
	RefineElem[5: 6.86890000000000e+04, 2.32760000000000e+04, 2.20060000000000e+04, 4.08500000000000e+04, 3.53682974607678e-12]
	RefineElem[5: 9.90890000000000e+04, 4.03600000000000e+04, 4.04070000000000e+04, 4.96580000000000e+04, 3.53505964758320e-12]
	RefineElem[5: 4.78300000000000e+04, 3.94860000000000e+04, 3.73500000000000e+04, 3.73620000000000e+04, 3.53387512243366e-12]
	RefineElem[5: 2.12780000000000e+04, 1.88720000000000e+04, 1.88650000000000e+04, 1.88510000000000e+04, 3.53262002381470e-12]
	RefineElem[5: 6.36320000000000e+04, 1.15990000000000e+04, 9.87300000000000e+03, 1.15980000000000e+04, 3.53225673689612e-12]
	RefineElem[5: 7.36700000000000e+04, 2.68330000000000e+04, 2.68270000000000e+04, 4.20470000000000e+04, 3.53201179846628e-12]
	RefineElem[5: 2.51300000000000e+04, 2.70530000000000e+04, 2.70510000000000e+04, 2.70540000000000e+04, 3.52912412610211e-12]
	RefineElem[5: 4.64150000000000e+04, 3.71760000000000e+04, 3.71770000000000e+04, 3.71780000000000e+04, 3.52536581732003e-12]
	RefineElem[5: 6.92260000000000e+04, 4.10020000000000e+04, 4.10030000000000e+04, 1.25200000000000e+04, 3.51883371854054e-12]
	RefineElem[5: 9.72250000000000e+04, 4.90880000000000e+04, 4.58230000000000e+04, 4.90870000000000e+04, 3.51869782895772e-12]
	RefineElem[5: 7.17880000000000e+04, 4.16630000000000e+04, 3.48450000000000e+04, 4.08800000000000e+04, 3.51206171068830e-12]
	RefineElem[5: 5.93280000000000e+04, 2.73390000000000e+04, 2.86910000000000e+04, 2.86960000000000e+04, 3.51182096305206e-12]
	RefineElem[5: 6.17030000000000e+04, 2.86790000000000e+04, 2.86770000000000e+04, 2.86890000000000e+04, 3.51023414564644e-12]
	RefineElem[5: 9.04350000000000e+04, 4.68710000000000e+04, 4.65970000000000e+04, 4.50170000000000e+04, 3.50788480250687e-12]
	RefineElem[5: 2.49250000000000e+04, 2.61930000000000e+04, 2.62000000000000e+04, 2.61880000000000e+04, 3.50773084766199e-12]
	RefineElem[5: 8.33070000000000e+04, 2.74090000000000e+04, 2.74320000000000e+04, 4.43850000000000e+04, 3.50626886288241e-12]
	RefineElem[5: 5.71670000000000e+04, 8.64000000000000e+03, 8.61900000000000e+03, 8.61500000000000e+03, 3.50387768186648e-12]
	RefineElem[5: 5.88580000000000e+04, 2.71520000000000e+04, 2.71270000000000e+04, 2.71320000000000e+04, 3.49751605061622e-12]
	RefineElem[5: 5.59890000000000e+04, 2.75090000000000e+04, 2.75120000000000e+04, 2.75610000000000e+04, 3.49464388354859e-12]
	RefineElem[5: 8.06840000000000e+04, 4.36480000000000e+04, 1.15000000000000e+04, 4.17250000000000e+04, 3.49456260822053e-12]
	RefineElem[5: 7.15280000000000e+04, 2.56390000000000e+04, 2.55200000000000e+04, 4.16040000000000e+04, 3.49454504004560e-12]
	RefineElem[5: 7.94610000000000e+04, 4.33170000000000e+04, 1.94900000000000e+03, 1.95000000000000e+03, 3.49405975743754e-12]
	RefineElem[5: 2.13020000000000e+04, 1.88770000000000e+04, 1.89020000000000e+04, 1.89030000000000e+04, 3.48715650737766e-12]
	RefineElem[5: 7.79530000000000e+04, 4.08710000000000e+04, 4.08700000000000e+04, 4.29400000000000e+04, 3.48449946527440e-12]
	RefineElem[5: 8.44730000000000e+04, 1.44280000000000e+04, 1.35040000000000e+04, 4.47330000000000e+04, 3.48318298361837e-12]
	RefineElem[5: 9.32770000000000e+04, 2.67470000000000e+04, 4.77140000000000e+04, 4.77190000000000e+04, 3.47745252890779e-12]
	RefineElem[5: 7.07380000000000e+04, 4.14100000000000e+04, 4.05570000000000e+04, 2.52230000000000e+04, 3.47074763906588e-12]
	RefineElem[5: 7.48370000000000e+04, 2.00170000000000e+04, 4.07060000000000e+04, 4.22870000000000e+04, 3.47017247042046e-12]
	RefineElem[5: 7.08090000000000e+04, 4.11800000000000e+04, 4.14300000000000e+04, 4.14310000000000e+04, 3.46974850866757e-12]
	RefineElem[5: 6.81030000000000e+04, 2.87620000000000e+04, 2.87680000000000e+04, 4.06540000000000e+04, 3.46800995481374e-12]
	RefineElem[5: 7.69780000000000e+04, 4.27540000000000e+04, 2.44010000000000e+04, 4.21380000000000e+04, 3.46644721149903e-12]
	RefineElem[5: 7.29350000000000e+04, 4.18990000000000e+04, 4.18980000000000e+04, 2.22980000000000e+04, 3.46463138372653e-12]
	RefineElem[5: 6.98860000000000e+04, 4.11790000000000e+04, 2.28900000000000e+04, 2.29890000000000e+04, 3.46357537496797e-12]
	RefineElem[5: 3.58320000000000e+04, 3.49870000000000e+04, 3.74310000000000e+04, 3.50220000000000e+04, 3.45953514118586e-12]
	RefineElem[5: 6.41740000000000e+04, 1.53720000000000e+04, 1.53950000000000e+04, 1.53590000000000e+04, 3.45934946664525e-12]
	RefineElem[5: 9.99410000000000e+04, 4.99040000000000e+04, 4.49790000000000e+04, 4.99090000000000e+04, 3.45775006963928e-12]
	RefineElem[5: 6.84530000000000e+04, 4.07690000000000e+04, 1.70950000000000e+04, 3.84800000000000e+04, 3.45758829400790e-12]
	RefineElem[5: 9.68530000000000e+04, 4.89090000000000e+04, 4.89100000000000e+04, 4.03600000000000e+04, 3.45587110567235e-12]
	RefineElem[5: 9.21310000000000e+04, 9.85100000000000e+03, 4.73900000000000e+04, 4.73910000000000e+04, 3.45482266213912e-12]
	RefineElem[5: 7.13380000000000e+04, 4.15590000000000e+04, 4.15600000000000e+04, 4.15610000000000e+04, 3.45303890066072e-12]
	RefineElem[5: 7.09520000000000e+04, 4.14680000000000e+04, 4.14670000000000e+04, 3.57300000000000e+03, 3.45042978897198e-12]
	RefineElem[5: 6.79920000000000e+04, 4.06030000000000e+04, 2.87780000000000e+04, 2.82340000000000e+04, 3.45027539733699e-12]
	RefineElem[5: 6.76490000000000e+04, 4.04830000000000e+04, 4.04150000000000e+04, 4.04820000000000e+04, 3.44914514678253e-12]
	RefineElem[5: 6.57290000000000e+04, 1.34010000000000e+04, 1.34220000000000e+04, 1.43490000000000e+04, 3.44366646364382e-12]
	RefineElem[5: 6.93480000000000e+04, 4.10390000000000e+04, 2.32790000000000e+04, 2.32780000000000e+04, 3.44294756770112e-12]
	RefineElem[5: 6.92330000000000e+04, 4.10060000000000e+04, 1.97270000000000e+04, 2.10580000000000e+04, 3.44152841836402e-12]
	RefineElem[5: 7.53730000000000e+04, 4.23700000000000e+04, 1.93890000000000e+04, 4.19120000000000e+04, 3.44098951372838e-12]
	RefineElem[5: 8.09300000000000e+04, 4.37250000000000e+04, 8.71500000000000e+03, 8.71400000000000e+03, 3.44024032412983e-12]
	RefineElem[5: 6.77410000000000e+04, 4.05230000000000e+04, 2.07530000000000e+04, 4.04050000000000e+04, 3.43930776201086e-12]
	RefineElem[5: 7.18730000000000e+04, 2.04160000000000e+04, 2.04330000000000e+04, 4.16820000000000e+04, 3.43852614516025e-12]
	RefineElem[5: 4.84470000000000e+04, 3.98930000000000e+04, 3.76330000000000e+04, 3.98910000000000e+04, 3.43850675477831e-12]
	RefineElem[5: 9.43440000000000e+04, 4.80680000000000e+04, 4.25520000000000e+04, 4.53410000000000e+04, 3.43670104757914e-12]
	RefineElem[5: 7.19070000000000e+04, 4.16880000000000e+04, 2.30410000000000e+04, 4.11480000000000e+04, 3.43633280097258e-12]
	RefineElem[5: 6.97700000000000e+04, 2.27350000000000e+04, 4.11480000000000e+04, 2.27340000000000e+04, 3.43581080494860e-12]
	RefineElem[5: 7.31560000000000e+04, 1.27220000000000e+04, 1.27560000000000e+04, 4.19420000000000e+04, 3.43226064485405e-12]
	RefineElem[5: 4.76450000000000e+04, 3.47270000000000e+04, 3.48900000000000e+04, 3.87350000000000e+04, 3.43085371983338e-12]
	RefineElem[5: 7.48600000000000e+04, 4.22900000000000e+04, 2.40960000000000e+04, 4.05930000000000e+04, 3.42987773753003e-12]
	RefineElem[5: 7.77400000000000e+04, 4.28990000000000e+04, 4.28980000000000e+04, 4.28970000000000e+04, 3.42880529853576e-12]
	RefineElem[5: 8.08830000000000e+04, 4.11570000000000e+04, 4.11580000000000e+04, 4.37190000000000e+04, 3.42598319434009e-12]
	RefineElem[5: 6.75850000000000e+04, 2.12850000000000e+04, 3.93930000000000e+04, 4.04430000000000e+04, 3.42586169692760e-12]
	RefineElem[5: 8.18720000000000e+04, 4.39710000000000e+04, 4.39700000000000e+04, 4.05130000000000e+04, 3.42065318654489e-12]
	RefineElem[5: 7.17370000000000e+04, 2.15200000000000e+03, 2.15700000000000e+03, 4.16510000000000e+04, 3.41527567642157e-12]
	RefineElem[5: 5.35420000000000e+04, 1.67430000000000e+04, 1.67470000000000e+04, 1.67490000000000e+04, 3.41166789916956e-12]
	RefineElem[5: 6.87780000000000e+04, 4.08940000000000e+04, 4.07670000000000e+04, 2.04750000000000e+04, 3.40899751430496e-12]
	RefineElem[5: 7.56970000000000e+04, 4.31800000000000e+03, 3.61600000000000e+03, 4.24440000000000e+04, 3.40593219709613e-12]
	RefineElem[5: 7.67640000000000e+04, 2.76680000000000e+04, 2.76920000000000e+04, 4.27260000000000e+04, 3.40586320326355e-12]
	RefineElem[5: 6.98720000000000e+04, 2.28920000000000e+04, 2.28860000000000e+04, 4.11780000000000e+04, 3.40022731153465e-12]
	RefineElem[5: 7.12420000000000e+04, 4.15310000000000e+04, 3.87140000000000e+04, 2.38170000000000e+04, 3.39914477424092e-12]
	RefineElem[5: 7.59770000000000e+04, 4.15940000000000e+04, 1.15990000000000e+04, 4.25060000000000e+04, 3.39876235922935e-12]
	RefineElem[5: 5.68530000000000e+04, 4.69800000000000e+03, 4.71400000000000e+03, 4.72900000000000e+03, 3.39831226758268e-12]
	RefineElem[5: 6.96730000000000e+04, 4.11240000000000e+04, 4.03650000000000e+04, 2.07330000000000e+04, 3.39455374974919e-12]
	RefineElem[5: 7.38930000000000e+04, 3.72900000000000e+04, 3.72910000000000e+04, 4.20990000000000e+04, 3.39284023800400e-12]
	RefineElem[5: 8.31860000000000e+04, 4.43600000000000e+04, 2.92030000000000e+04, 4.43490000000000e+04, 3.39248012070459e-12]
	RefineElem[5: 7.51480000000000e+04, 4.23420000000000e+04, 4.06610000000000e+04, 2.68720000000000e+04, 3.39019817265835e-12]
	RefineElem[5: 6.82720000000000e+04, 4.07020000000000e+04, 4.07010000000000e+04, 6.68000000000000e+02, 3.38830462482610e-12]
	RefineElem[5: 5.97830000000000e+04, 2.36570000000000e+04, 2.36430000000000e+04, 2.22730000000000e+04, 3.38629161103328e-12]
	RefineElem[5: 7.79800000000000e+04, 4.29450000000000e+04, 2.22080000000000e+04, 4.13130000000000e+04, 3.38552976177022e-12]
	RefineElem[5: 6.79090000000000e+04, 2.07080000000000e+04, 4.05850000000000e+04, 2.00270000000000e+04, 3.38466479828381e-12]
	RefineElem[5: 7.08930000000000e+04, 2.78790000000000e+04, 4.14470000000000e+04, 2.78810000000000e+04, 3.38162893345496e-12]
	RefineElem[5: 8.29080000000000e+04, 4.11780000000000e+04, 4.42770000000000e+04, 2.28920000000000e+04, 3.37950582217905e-12]
	RefineElem[5: 6.52260000000000e+04, 3.86940000000000e+04, 2.57230000000000e+04, 2.53650000000000e+04, 3.37822921911637e-12]
	RefineElem[5: 2.23680000000000e+04, 2.23640000000000e+04, 2.23670000000000e+04, 2.23900000000000e+04, 3.37493860104359e-12]
	RefineElem[5: 9.50130000000000e+04, 4.82770000000000e+04, 4.82760000000000e+04, 4.16030000000000e+04, 3.37364848436144e-12]
	RefineElem[5: 9.68610000000000e+04, 4.89070000000000e+04, 4.89060000000000e+04, 4.89120000000000e+04, 3.37328265140159e-12]
	RefineElem[5: 6.80940000000000e+04, 3.49430000000000e+04, 4.06500000000000e+04, 3.49410000000000e+04, 3.37269145910939e-12]
	RefineElem[5: 7.78230000000000e+04, 4.28270000000000e+04, 1.33410000000000e+04, 4.29130000000000e+04, 3.37200423659912e-12]
	RefineElem[5: 4.41560000000000e+04, 2.87780000000000e+04, 2.87790000000000e+04, 2.11350000000000e+04, 3.37139042843780e-12]
	RefineElem[5: 7.77200000000000e+04, 4.06480000000000e+04, 4.04390000000000e+04, 4.28940000000000e+04, 3.37082020450460e-12]
	RefineElem[5: 7.96630000000000e+04, 4.33680000000000e+04, 4.09700000000000e+04, 4.09710000000000e+04, 3.37014749896761e-12]
	RefineElem[5: 7.51830000000000e+04, 2.81730000000000e+04, 4.13920000000000e+04, 4.23460000000000e+04, 3.36113617668775e-12]
	RefineElem[5: 7.33430000000000e+04, 4.19730000000000e+04, 3.48810000000000e+04, 3.87260000000000e+04, 3.36081273205352e-12]
	RefineElem[5: 7.32850000000000e+04, 1.92830000000000e+04, 1.92810000000000e+04, 4.19630000000000e+04, 3.35950552929487e-12]
	RefineElem[5: 6.42730000000000e+04, 2.89180000000000e+04, 2.68150000000000e+04, 2.67320000000000e+04, 3.35725943945280e-12]
	RefineElem[5: 7.07370000000000e+04, 4.05570000000000e+04, 4.14100000000000e+04, 2.51840000000000e+04, 3.35706703353182e-12]
	RefineElem[5: 6.39640000000000e+04, 2.47430000000000e+04, 2.46990000000000e+04, 2.45790000000000e+04, 3.35418294830643e-12]
	RefineElem[5: 9.54140000000000e+04, 4.84080000000000e+04, 4.07220000000000e+04, 4.07210000000000e+04, 3.35318021867864e-12]
	RefineElem[5: 6.93900000000000e+04, 2.12860000000000e+04, 4.10540000000000e+04, 4.10550000000000e+04, 3.35190310180703e-12]
	RefineElem[5: 7.35680000000000e+04, 2.30470000000000e+04, 2.28250000000000e+04, 4.20230000000000e+04, 3.35122652683969e-12]
	RefineElem[5: 1.00162000000000e+05, 4.91190000000000e+04, 4.91200000000000e+04, 4.99690000000000e+04, 3.35121941190731e-12]
	RefineElem[5: 5.59140000000000e+04, 2.64660000000000e+04, 2.64670000000000e+04, 2.43280000000000e+04, 3.35045523446451e-12]
	RefineElem[5: 9.75510000000000e+04, 4.92300000000000e+04, 1.57440000000000e+04, 1.49150000000000e+04, 3.34980108626390e-12]
	RefineElem[5: 8.42010000000000e+04, 3.57670000000000e+04, 3.57660000000000e+04, 4.46400000000000e+04, 3.34770766956682e-12]
	RefineElem[5: 7.52050000000000e+04, 4.23500000000000e+04, 2.68770000000000e+04, 4.16120000000000e+04, 3.34739050509798e-12]
	RefineElem[5: 1.79500000000000e+04, 1.51790000000000e+04, 1.51590000000000e+04, 1.31870000000000e+04, 3.34681641832033e-12]
	RefineElem[5: 7.07780000000000e+04, 2.10330000000000e+04, 2.10210000000000e+04, 4.14220000000000e+04, 3.34599096338822e-12]
	RefineElem[5: 2.19720000000000e+04, 2.08120000000000e+04, 2.08190000000000e+04, 1.95170000000000e+04, 3.34031769704405e-12]
	RefineElem[5: 7.98900000000000e+04, 4.23840000000000e+04, 4.06040000000000e+04, 4.34480000000000e+04, 3.33906319856989e-12]
	RefineElem[5: 9.50070000000000e+04, 2.32250000000000e+04, 4.16030000000000e+04, 4.82750000000000e+04, 3.33860263654820e-12]
	RefineElem[5: 6.42810000000000e+04, 2.80990000000000e+04, 2.80870000000000e+04, 2.77830000000000e+04, 3.33786101602672e-12]
	RefineElem[5: 7.10020000000000e+04, 1.93360000000000e+04, 1.93460000000000e+04, 4.14790000000000e+04, 3.33508317046353e-12]
	RefineElem[5: 7.09570000000000e+04, 4.11620000000000e+04, 4.11630000000000e+04, 4.14690000000000e+04, 3.33440506017953e-12]
	RefineElem[5: 9.21230000000000e+04, 9.83200000000000e+03, 4.17280000000000e+04, 4.73900000000000e+04, 3.33373382150514e-12]
	RefineElem[5: 6.93730000000000e+04, 4.10510000000000e+04, 1.72430000000000e+04, 1.72300000000000e+04, 3.33294030409795e-12]
	RefineElem[5: 9.63570000000000e+04, 4.86990000000000e+04, 4.87010000000000e+04, 4.87000000000000e+04, 3.33210389510162e-12]
	RefineElem[5: 9.99390000000000e+04, 4.99090000000000e+04, 4.99080000000000e+04, 4.99050000000000e+04, 3.32961408167917e-12]
	RefineElem[5: 4.94040000000000e+04, 3.95680000000000e+04, 3.82810000000000e+04, 3.95660000000000e+04, 3.32924248158514e-12]
	RefineElem[5: 8.10380000000000e+04, 4.37750000000000e+04, 4.12940000000000e+04, 4.12950000000000e+04, 3.32806940307943e-12]
	RefineElem[5: 6.95940000000000e+04, 4.11060000000000e+04, 3.48120000000000e+04, 3.48070000000000e+04, 3.32701938780211e-12]
	RefineElem[5: 6.52830000000000e+04, 2.77740000000000e+04, 2.03580000000000e+04, 2.03600000000000e+04, 3.32363905938813e-12]
	RefineElem[5: 8.41710000000000e+04, 3.53110000000000e+04, 3.53020000000000e+04, 4.46350000000000e+04, 3.32329375363904e-12]
	RefineElem[5: 7.69850000000000e+04, 2.43980000000000e+04, 4.27540000000000e+04, 4.27550000000000e+04, 3.31820892326309e-12]
	RefineElem[5: 6.80490000000000e+04, 4.06250000000000e+04, 3.62400000000000e+03, 4.05410000000000e+04, 3.31556963564582e-12]
	RefineElem[5: 2.45990000000000e+04, 2.47510000000000e+04, 2.47560000000000e+04, 2.47090000000000e+04, 3.31052141687369e-12]
	RefineElem[5: 8.65150000000000e+04, 4.55240000000000e+04, 2.16520000000000e+04, 2.16600000000000e+04, 3.31022363869771e-12]
	RefineElem[5: 7.33370000000000e+04, 2.82800000000000e+04, 4.19710000000000e+04, 4.18320000000000e+04, 3.30865041546733e-12]
	RefineElem[5: 9.43790000000000e+04, 4.80800000000000e+04, 4.80790000000000e+04, 4.80780000000000e+04, 3.30706973391218e-12]
	RefineElem[5: 6.12730000000000e+04, 3.94570000000000e+04, 2.17120000000000e+04, 2.17670000000000e+04, 3.30668522751045e-12]
	RefineElem[5: 3.56120000000000e+04, 3.47850000000000e+04, 3.47540000000000e+04, 3.48280000000000e+04, 3.30494428748584e-12]
	RefineElem[5: 6.13400000000000e+04, 2.24850000000000e+04, 2.25160000000000e+04, 2.25650000000000e+04, 3.30161523779616e-12]
	RefineElem[5: 8.06810000000000e+04, 3.17500000000000e+03, 4.16830000000000e+04, 4.36460000000000e+04, 3.30118987213988e-12]
	RefineElem[5: 6.14900000000000e+04, 2.53750000000000e+04, 2.54570000000000e+04, 2.54350000000000e+04, 3.30081280980813e-12]
	RefineElem[5: 6.51820000000000e+04, 2.64290000000000e+04, 2.64330000000000e+04, 2.63160000000000e+04, 3.30071181259991e-12]
	RefineElem[5: 8.82830000000000e+04, 4.62650000000000e+04, 4.12190000000000e+04, 2.83550000000000e+04, 3.29658695241255e-12]
	RefineElem[5: 9.29940000000000e+04, 4.50370000000000e+04, 2.28760000000000e+04, 4.76360000000000e+04, 3.29619646740334e-12]
	RefineElem[5: 5.49860000000000e+04, 9.58100000000000e+03, 9.59300000000000e+03, 9.59600000000000e+03, 3.29550026068818e-12]
	RefineElem[5: 5.39810000000000e+04, 1.90390000000000e+04, 1.90410000000000e+04, 1.90330000000000e+04, 3.29362081790504e-12]
	RefineElem[5: 6.87710000000000e+04, 4.05540000000000e+04, 2.52480000000000e+04, 4.08920000000000e+04, 3.28977094163409e-12]
	RefineElem[5: 9.93930000000000e+04, 4.97450000000000e+04, 4.70650000000000e+04, 4.70640000000000e+04, 3.28866187208463e-12]
	RefineElem[5: 2.37600000000000e+04, 2.32480000000000e+04, 2.32400000000000e+04, 2.06990000000000e+04, 3.28680567492580e-12]
	RefineElem[5: 2.55060000000000e+04, 2.82970000000000e+04, 2.82930000000000e+04, 2.75730000000000e+04, 3.28241494105489e-12]
	RefineElem[5: 5.71610000000000e+04, 8.54800000000000e+03, 8.53900000000000e+03, 8.97700000000000e+03, 3.28063540090356e-12]
	RefineElem[5: 6.98850000000000e+04, 4.11790000000000e+04, 3.94230000000000e+04, 2.28900000000000e+04, 3.27947226800708e-12]
	RefineElem[5: 7.31230000000000e+04, 4.19380000000000e+04, 2.78840000000000e+04, 2.78130000000000e+04, 3.27920316569875e-12]
	RefineElem[5: 6.09490000000000e+04, 1.46030000000000e+04, 1.45550000000000e+04, 1.45710000000000e+04, 3.27441603322337e-12]
	RefineElem[5: 9.00120000000000e+04, 1.99970000000000e+04, 4.67440000000000e+04, 4.67450000000000e+04, 3.27340767914543e-12]
	RefineElem[5: 5.21610000000000e+04, 2.02090000000000e+04, 2.02070000000000e+04, 2.02320000000000e+04, 3.27331064319460e-12]
	RefineElem[5: 8.25720000000000e+04, 4.42100000000000e+04, 2.15560000000000e+04, 2.15570000000000e+04, 3.27150071049228e-12]
	RefineElem[5: 6.92700000000000e+04, 4.10110000000000e+04, 3.91440000000000e+04, 2.68570000000000e+04, 3.26804667874987e-12]
	RefineElem[5: 7.36790000000000e+04, 2.54330000000000e+04, 2.54600000000000e+04, 4.20490000000000e+04, 3.26614395906302e-12]
	RefineElem[5: 5.58170000000000e+04, 2.47810000000000e+04, 2.47560000000000e+04, 2.47570000000000e+04, 3.26456832232557e-12]
	RefineElem[5: 5.22850000000000e+04, 2.20860000000000e+04, 2.20840000000000e+04, 2.20880000000000e+04, 3.26369075452742e-12]
	RefineElem[5: 6.41030000000000e+04, 3.61200000000000e+03, 3.58300000000000e+03, 4.74700000000000e+03, 3.26213635631170e-12]
	RefineElem[5: 6.51490000000000e+04, 1.67440000000000e+04, 2.27270000000000e+04, 2.27320000000000e+04, 3.26133832272036e-12]
	RefineElem[5: 7.37530000000000e+04, 4.20640000000000e+04, 1.88490000000000e+04, 1.88510000000000e+04, 3.26014047045420e-12]
	RefineElem[5: 8.60230000000000e+04, 4.53260000000000e+04, 4.53250000000000e+04, 2.22320000000000e+04, 3.25740722486415e-12]
	RefineElem[5: 6.34620000000000e+04, 2.58510000000000e+04, 2.46860000000000e+04, 2.47530000000000e+04, 3.25721221364267e-12]
	RefineElem[5: 6.86140000000000e+04, 2.66200000000000e+04, 2.46880000000000e+04, 4.08200000000000e+04, 3.25633806298186e-12]
	RefineElem[5: 6.55060000000000e+04, 1.67370000000000e+04, 1.67560000000000e+04, 1.67570000000000e+04, 3.25462482700214e-12]
	RefineElem[5: 5.95750000000000e+04, 2.59030000000000e+04, 2.58940000000000e+04, 2.47550000000000e+04, 3.25263386988590e-12]
	RefineElem[5: 8.84690000000000e+04, 3.92470000000000e+04, 2.16330000000000e+04, 4.63200000000000e+04, 3.25071636745682e-12]
	RefineElem[5: 7.91890000000000e+04, 7.24400000000000e+03, 4.32610000000000e+04, 4.13370000000000e+04, 3.25056553220499e-12]
	RefineElem[5: 1.68400000000000e+03, 3.83600000000000e+03, 3.81500000000000e+03, 3.83400000000000e+03, 3.24665662488074e-12]
	RefineElem[5: 6.83360000000000e+04, 2.15990000000000e+04, 2.15830000000000e+04, 4.07190000000000e+04, 3.24526343770594e-12]
	RefineElem[5: 7.05750000000000e+04, 2.18390000000000e+04, 2.18420000000000e+04, 4.13660000000000e+04, 3.23972248852669e-12]
	RefineElem[5: 1.79640000000000e+04, 1.31070000000000e+04, 1.50960000000000e+04, 1.50500000000000e+04, 3.23924497055285e-12]
	RefineElem[5: 1.35000000000000e+03, 2.62000000000000e+03, 2.61200000000000e+03, 6.66000000000000e+02, 3.23747159781296e-12]
	RefineElem[5: 7.40740000000000e+04, 4.17580000000000e+04, 4.17570000000000e+04, 4.21260000000000e+04, 3.23579659999598e-12]
	RefineElem[5: 9.72900000000000e+04, 4.91200000000000e+04, 4.57560000000000e+04, 4.03760000000000e+04, 3.23280095319185e-12]
	RefineElem[5: 6.88660000000000e+04, 2.54080000000000e+04, 2.52790000000000e+04, 4.09180000000000e+04, 3.22124554447581e-12]
	RefineElem[5: 6.14240000000000e+04, 2.58330000000000e+04, 2.46670000000000e+04, 2.62250000000000e+04, 3.21785971111106e-12]
	RefineElem[5: 6.78450000000000e+04, 3.49550000000000e+04, 4.05660000000000e+04, 4.05670000000000e+04, 3.21769572595033e-12]
	RefineElem[5: 6.41690000000000e+04, 1.62540000000000e+04, 1.45710000000000e+04, 1.62080000000000e+04, 3.21617439946339e-12]
	RefineElem[5: 8.30040000000000e+04, 5.65000000000000e+02, 5.63000000000000e+02, 4.43170000000000e+04, 3.21596477305391e-12]
	RefineElem[5: 6.97380000000000e+04, 4.11360000000000e+04, 2.10580000000000e+04, 1.97270000000000e+04, 3.21473690167864e-12]
	RefineElem[5: 9.99320000000000e+04, 4.99060000000000e+04, 4.85640000000000e+04, 4.85610000000000e+04, 3.21470968588093e-12]
	RefineElem[5: 8.68350000000000e+04, 4.57450000000000e+04, 4.57440000000000e+04, 4.03650000000000e+04, 3.21462795004259e-12]
	RefineElem[5: 6.54350000000000e+04, 3.87080000000000e+04, 1.88540000000000e+04, 1.88520000000000e+04, 3.21167145970034e-12]
	RefineElem[5: 8.69350000000000e+04, 4.04550000000000e+04, 4.58140000000000e+04, 4.58150000000000e+04, 3.21002869631402e-12]
	RefineElem[5: 7.50810000000000e+04, 4.23340000000000e+04, 2.12950000000000e+04, 1.92650000000000e+04, 3.20957894677223e-12]
	RefineElem[5: 5.98100000000000e+04, 2.48160000000000e+04, 2.49540000000000e+04, 2.59900000000000e+04, 3.20951834484173e-12]
	RefineElem[5: 7.12100000000000e+04, 1.13130000000000e+04, 1.13110000000000e+04, 4.15240000000000e+04, 3.20876472448790e-12]
	RefineElem[5: 7.05820000000000e+04, 1.44680000000000e+04, 4.13710000000000e+04, 1.35180000000000e+04, 3.20844666904289e-12]
	RefineElem[5: 7.01250000000000e+04, 2.13220000000000e+04, 1.93720000000000e+04, 4.12550000000000e+04, 3.20673770676574e-12]
	RefineElem[5: 5.56760000000000e+04, 2.36930000000000e+04, 2.20950000000000e+04, 2.21600000000000e+04, 3.20493290013706e-12]
	RefineElem[5: 8.24920000000000e+04, 2.81900000000000e+03, 2.83500000000000e+03, 4.41770000000000e+04, 3.20320408683397e-12]
	RefineElem[5: 8.60780000000000e+04, 4.04080000000000e+04, 4.53530000000000e+04, 4.53520000000000e+04, 3.20134534664490e-12]
	RefineElem[5: 1.77750000000000e+04, 1.45120000000000e+04, 1.44420000000000e+04, 1.25430000000000e+04, 3.20062528635556e-12]
	RefineElem[5: 6.89920000000000e+04, 1.93540000000000e+04, 1.93530000000000e+04, 4.09470000000000e+04, 3.19974276171510e-12]
	RefineElem[5: 7.63930000000000e+04, 4.26230000000000e+04, 2.61860000000000e+04, 2.61850000000000e+04, 3.19915787522270e-12]
	RefineElem[5: 3.96290000000000e+04, 3.92890000000000e+04, 2.03490000000000e+04, 2.77910000000000e+04, 3.19750897151037e-12]
	RefineElem[5: 7.08130000000000e+04, 3.49300000000000e+04, 4.14330000000000e+04, 3.49490000000000e+04, 3.19508673699720e-12]
	RefineElem[5: 1.79770000000000e+04, 1.47300000000000e+04, 1.27230000000000e+04, 1.27630000000000e+04, 3.19388595480067e-12]
	RefineElem[5: 8.01380000000000e+04, 2.26640000000000e+04, 4.35000000000000e+04, 4.35010000000000e+04, 3.18771120968868e-12]
	RefineElem[5: 5.79280000000000e+04, 2.62950000000000e+04, 2.62740000000000e+04, 2.45570000000000e+04, 3.18526904444553e-12]
	RefineElem[5: 6.88620000000000e+04, 4.09160000000000e+04, 3.49170000000000e+04, 3.49190000000000e+04, 3.18426091054693e-12]
	RefineElem[5: 9.51170000000000e+04, 4.83060000000000e+04, 4.58010000000000e+04, 4.58000000000000e+04, 3.18303447007438e-12]
	RefineElem[5: 4.84200000000000e+04, 3.98820000000000e+04, 3.76090000000000e+04, 3.98800000000000e+04, 3.18118734336343e-12]
	RefineElem[5: 6.65910000000000e+04, 4.01090000000000e+04, 2.88850000000000e+04, 2.12850000000000e+04, 3.17983299207289e-12]
	RefineElem[5: 6.90300000000000e+04, 4.08470000000000e+04, 4.09570000000000e+04, 2.20050000000000e+04, 3.17714861227067e-12]
	RefineElem[5: 9.34760000000000e+04, 4.77840000000000e+04, 2.91980000000000e+04, 2.91990000000000e+04, 3.17630584632866e-12]
	RefineElem[5: 7.13610000000000e+04, 4.15680000000000e+04, 4.15620000000000e+04, 4.15670000000000e+04, 3.17508491184248e-12]
	RefineElem[5: 6.00780000000000e+04, 2.33520000000000e+04, 2.34150000000000e+04, 2.34170000000000e+04, 3.17230328050440e-12]
	RefineElem[5: 7.34860000000000e+04, 4.20040000000000e+04, 4.61800000000000e+03, 4.63800000000000e+03, 3.17083187564261e-12]
	RefineElem[5: 7.94770000000000e+04, 3.57500000000000e+03, 4.07050000000000e+04, 4.33190000000000e+04, 3.16946445804700e-12]
	RefineElem[5: 9.99360000000000e+04, 4.99080000000000e+04, 4.99070000000000e+04, 4.99060000000000e+04, 3.16869204504509e-12]
	RefineElem[5: 7.21860000000000e+04, 4.17420000000000e+04, 2.51410000000000e+04, 4.04770000000000e+04, 3.16814372931160e-12]
	RefineElem[5: 1.00396000000000e+05, 5.00380000000000e+04, 5.00390000000000e+04, 4.49900000000000e+04, 3.16394099207252e-12]
	RefineElem[5: 7.48650000000000e+04, 4.22910000000000e+04, 2.52790000000000e+04, 4.15780000000000e+04, 3.16365288338359e-12]
	RefineElem[5: 7.17890000000000e+04, 4.08800000000000e+04, 4.16620000000000e+04, 4.16630000000000e+04, 3.16234048748972e-12]
	RefineElem[5: 7.21500000000000e+04, 4.17350000000000e+04, 2.43840000000000e+04, 2.43770000000000e+04, 3.15737624131817e-12]
	RefineElem[5: 6.34410000000000e+04, 2.28340000000000e+04, 2.28700000000000e+04, 2.29170000000000e+04, 3.15407073915289e-12]
	RefineElem[5: 7.13030000000000e+04, 4.15490000000000e+04, 4.15440000000000e+04, 4.15480000000000e+04, 3.15351801479232e-12]
	RefineElem[5: 7.58970000000000e+04, 4.24890000000000e+04, 4.24880000000000e+04, 4.19200000000000e+04, 3.15251299742165e-12]
	RefineElem[5: 7.01160000000000e+04, 4.12550000000000e+04, 1.93730000000000e+04, 4.12540000000000e+04, 3.15080611281041e-12]
	RefineElem[5: 6.80240000000000e+04, 4.06150000000000e+04, 2.36170000000000e+04, 2.36190000000000e+04, 3.14861327427239e-12]
	RefineElem[5: 7.77780000000000e+04, 4.29100000000000e+04, 2.02660000000000e+04, 4.13850000000000e+04, 3.14734441758214e-12]
	RefineElem[5: 7.98340000000000e+04, 4.34310000000000e+04, 4.13160000000000e+04, 3.40580000000000e+04, 3.13949437472659e-12]
	RefineElem[5: 9.82560000000000e+04, 4.94220000000000e+04, 4.94180000000000e+04, 3.49880000000000e+04, 3.13929771185920e-12]
	RefineElem[5: 1.01059000000000e+05, 5.02410000000000e+04, 4.08130000000000e+04, 2.86160000000000e+04, 3.13801827922913e-12]
	RefineElem[5: 5.53840000000000e+04, 1.47330000000000e+04, 1.47350000000000e+04, 1.47600000000000e+04, 3.13624289344828e-12]
	RefineElem[5: 6.99500000000000e+04, 3.60210000000000e+04, 4.04870000000000e+04, 4.12110000000000e+04, 3.13518770677493e-12]
	RefineElem[5: 7.06910000000000e+04, 4.05410000000000e+04, 3.62400000000000e+03, 4.13940000000000e+04, 3.13254777476703e-12]
	RefineElem[5: 2.25740000000000e+04, 2.24620000000000e+04, 2.24750000000000e+04, 2.31490000000000e+04, 3.12929601026842e-12]
	RefineElem[5: 7.93880000000000e+04, 4.33050000000000e+04, 1.33870000000000e+04, 1.33680000000000e+04, 3.12469564382622e-12]
	RefineElem[5: 5.83570000000000e+04, 6.02700000000000e+03, 3.57900000000000e+03, 3.57200000000000e+03, 3.12382504930149e-12]
	RefineElem[5: 7.85910000000000e+04, 4.31230000000000e+04, 4.31130000000000e+04, 4.31220000000000e+04, 3.12091976177418e-12]
	RefineElem[5: 1.78300000000000e+04, 1.31760000000000e+04, 1.31490000000000e+04, 1.50710000000000e+04, 3.12083852782775e-12]
	RefineElem[5: 7.79960000000000e+04, 4.29470000000000e+04, 4.06750000000000e+04, 2.36310000000000e+04, 3.11990616602143e-12]
	RefineElem[5: 4.87520000000000e+04, 3.78010000000000e+04, 3.95970000000000e+04, 3.95950000000000e+04, 3.11965925982674e-12]
	RefineElem[5: 3.46490000000000e+04, 3.41250000000000e+04, 3.41240000000000e+04, 3.41260000000000e+04, 3.11705534731218e-12]
	RefineElem[5: 1.00932000000000e+05, 5.02020000000000e+04, 4.21620000000000e+04, 9.87200000000000e+03, 3.11693719097648e-12]
	RefineElem[5: 6.88600000000000e+04, 4.09150000000000e+04, 4.09160000000000e+04, 3.50250000000000e+04, 3.11588489877099e-12]
	RefineElem[5: 8.94950000000000e+04, 7.51400000000000e+03, 4.66010000000000e+04, 4.66020000000000e+04, 3.11498071549358e-12]
	RefineElem[5: 9.56750000000000e+04, 4.84880000000000e+04, 2.32880000000000e+04, 4.30800000000000e+04, 3.11313588644505e-12]
	RefineElem[5: 9.91840000000000e+04, 4.96810000000000e+04, 4.03580000000000e+04, 4.40290000000000e+04, 3.11025560420062e-12]
	RefineElem[5: 7.29290000000000e+04, 2.23160000000000e+04, 4.17360000000000e+04, 4.18980000000000e+04, 3.11013595097563e-12]
	RefineElem[5: 7.01460000000000e+04, 2.85900000000000e+04, 2.85380000000000e+04, 4.12620000000000e+04, 3.10631620685062e-12]
	RefineElem[5: 6.14020000000000e+04, 2.64640000000000e+04, 2.64650000000000e+04, 2.43280000000000e+04, 3.10273241040350e-12]
	RefineElem[5: 7.52150000000000e+04, 2.68150000000000e+04, 2.89160000000000e+04, 4.23500000000000e+04, 3.09742701931548e-12]
	RefineElem[5: 9.26200000000000e+04, 4.75270000000000e+04, 4.75260000000000e+04, 2.30620000000000e+04, 3.09509771927545e-12]
	RefineElem[5: 9.04410000000000e+04, 3.49500000000000e+04, 4.52010000000000e+04, 4.68730000000000e+04, 3.09450473747242e-12]
	RefineElem[5: 7.41250000000000e+04, 4.21360000000000e+04, 2.32400000000000e+04, 2.32440000000000e+04, 3.09115799454519e-12]
	RefineElem[5: 6.78460000000000e+04, 4.05670000000000e+04, 3.50300000000000e+04, 3.49550000000000e+04, 3.09013419927105e-12]
	RefineElem[5: 7.80590000000000e+04, 4.04280000000000e+04, 4.29660000000000e+04, 7.52800000000000e+03, 3.08944932519508e-12]
	RefineElem[5: 8.94800000000000e+04, 4.65990000000000e+04, 3.49380000000000e+04, 4.65980000000000e+04, 3.08884836313599e-12]
	RefineElem[5: 6.85730000000000e+04, 2.11420000000000e+04, 2.11410000000000e+04, 4.08150000000000e+04, 3.08678102952839e-12]
	RefineElem[5: 6.82760000000000e+04, 6.10800000000000e+03, 4.07020000000000e+04, 4.07030000000000e+04, 3.08481716941363e-12]
	RefineElem[5: 7.77050000000000e+04, 2.68590000000000e+04, 2.89020000000000e+04, 4.28920000000000e+04, 3.08415993087909e-12]
	RefineElem[5: 9.57070000000000e+04, 4.20010000000000e+04, 4.11200000000000e+04, 4.84950000000000e+04, 3.08369806666511e-12]
	RefineElem[5: 7.61690000000000e+04, 2.63030000000000e+04, 2.65930000000000e+04, 4.25530000000000e+04, 3.08071426762017e-12]
	RefineElem[5: 7.93080000000000e+04, 4.32900000000000e+04, 2.08130000000000e+04, 1.95930000000000e+04, 3.07774143899136e-12]
	RefineElem[5: 1.78190000000000e+04, 1.50710000000000e+04, 1.51030000000000e+04, 1.31760000000000e+04, 3.07515727254479e-12]
	RefineElem[5: 8.45340000000000e+04, 4.47430000000000e+04, 2.36000000000000e+03, 2.37700000000000e+03, 3.07393100491669e-12]
	RefineElem[5: 8.10730000000000e+04, 4.12950000000000e+04, 4.12960000000000e+04, 4.37850000000000e+04, 3.07383646792020e-12]
	RefineElem[5: 6.28000000000000e+04, 2.58930000000000e+04, 2.58980000000000e+04, 2.57970000000000e+04, 3.07322989512368e-12]
	RefineElem[5: 7.13510000000000e+04, 4.15650000000000e+04, 4.15600000000000e+04, 4.15590000000000e+04, 3.07058787871442e-12]
	RefineElem[5: 6.93080000000000e+04, 3.84860000000000e+04, 4.10320000000000e+04, 4.06520000000000e+04, 3.07038918059271e-12]
	RefineElem[5: 8.36560000000000e+04, 4.44890000000000e+04, 4.10190000000000e+04, 4.04180000000000e+04, 3.06969411998549e-12]
	RefineElem[5: 6.39440000000000e+04, 2.50440000000000e+04, 2.50470000000000e+04, 2.51140000000000e+04, 3.06859241684674e-12]
	RefineElem[5: 1.01767000000000e+05, 5.05080000000000e+04, 4.06760000000000e+04, 4.56190000000000e+04, 3.06566079728890e-12]
	RefineElem[5: 6.90810000000000e+04, 2.60890000000000e+04, 2.48060000000000e+04, 4.09660000000000e+04, 3.06367218654936e-12]
	RefineElem[5: 7.41690000000000e+04, 2.03500000000000e+04, 3.94440000000000e+04, 4.21450000000000e+04, 3.06277087141546e-12]
	RefineElem[5: 6.94900000000000e+04, 4.10820000000000e+04, 5.34000000000000e+03, 5.35700000000000e+03, 3.06097142696658e-12]
	RefineElem[5: 9.82460000000000e+04, 4.07380000000000e+04, 4.94180000000000e+04, 4.94190000000000e+04, 3.05923003252259e-12]
	RefineElem[5: 9.18470000000000e+04, 4.32900000000000e+04, 1.95930000000000e+04, 4.73010000000000e+04, 3.05821179880213e-12]
	RefineElem[5: 7.77370000000000e+04, 4.28940000000000e+04, 4.28970000000000e+04, 4.28980000000000e+04, 3.05725857213136e-12]
	RefineElem[5: 6.94610000000000e+04, 4.10790000000000e+04, 1.21590000000000e+04, 1.21570000000000e+04, 3.05631661422753e-12]
	RefineElem[5: 7.22990000000000e+04, 4.17610000000000e+04, 2.43030000000000e+04, 2.43090000000000e+04, 3.05538669976702e-12]
	RefineElem[5: 6.52620000000000e+04, 2.88770000000000e+04, 3.93330000000000e+04, 2.12770000000000e+04, 3.05425920089633e-12]
	RefineElem[5: 7.32720000000000e+04, 4.19620000000000e+04, 4.19610000000000e+04, 2.81770000000000e+04, 3.05303141833159e-12]
	RefineElem[5: 6.64470000000000e+04, 4.00820000000000e+04, 2.77740000000000e+04, 2.03600000000000e+04, 3.05061963431462e-12]
	RefineElem[5: 7.89790000000000e+04, 4.32100000000000e+04, 2.65140000000000e+04, 4.32050000000000e+04, 3.04959556899889e-12]
	RefineElem[5: 7.41320000000000e+04, 4.21370000000000e+04, 2.72760000000000e+04, 2.72710000000000e+04, 3.04857948478352e-12]
	RefineElem[5: 9.72230000000000e+04, 4.07750000000000e+04, 4.07740000000000e+04, 4.90870000000000e+04, 3.04856281200321e-12]
	RefineElem[5: 6.99110000000000e+04, 4.11940000000000e+04, 3.49390000000000e+04, 3.49400000000000e+04, 3.04682788384153e-12]
	RefineElem[5: 9.99970000000000e+04, 4.99260000000000e+04, 2.67380000000000e+04, 4.84000000000000e+04, 3.04202307028679e-12]
	RefineElem[5: 1.79590000000000e+04, 1.54070000000000e+04, 1.53760000000000e+04, 1.34250000000000e+04, 3.04129588670943e-12]
	RefineElem[5: 3.57990000000000e+04, 3.49600000000000e+04, 3.49640000000000e+04, 3.49980000000000e+04, 3.03661788354186e-12]
	RefineElem[5: 7.49590000000000e+04, 4.23120000000000e+04, 2.46610000000000e+04, 4.12560000000000e+04, 3.03532943416660e-12]
	RefineElem[5: 7.47650000000000e+04, 4.22660000000000e+04, 3.89470000000000e+04, 4.22450000000000e+04, 3.03450374607164e-12]
	RefineElem[5: 6.38860000000000e+04, 1.54860000000000e+04, 1.35610000000000e+04, 1.35550000000000e+04, 3.03210334153048e-12]
	RefineElem[5: 2.13140000000000e+04, 1.88910000000000e+04, 1.88900000000000e+04, 1.88970000000000e+04, 3.03089122184031e-12]
	RefineElem[5: 7.04220000000000e+04, 4.13310000000000e+04, 2.61200000000000e+04, 2.50580000000000e+04, 3.03087969732191e-12]
	RefineElem[5: 1.77720000000000e+04, 1.25310000000000e+04, 1.25210000000000e+04, 1.45250000000000e+04, 3.02982677458860e-12]
	RefineElem[5: 5.78010000000000e+04, 2.24620000000000e+04, 2.25130000000000e+04, 2.25110000000000e+04, 3.02837912592755e-12]
	RefineElem[5: 7.90620000000000e+04, 4.32360000000000e+04, 4.17540000000000e+04, 1.30730000000000e+04, 3.02662994630600e-12]
	RefineElem[5: 7.30880000000000e+04, 4.10030000000000e+04, 4.10040000000000e+04, 4.19330000000000e+04, 3.02512496812575e-12]
	RefineElem[5: 7.18980000000000e+04, 4.16860000000000e+04, 2.06070000000000e+04, 2.30420000000000e+04, 3.02432282569622e-12]
	RefineElem[5: 8.10670000000000e+04, 4.37830000000000e+04, 4.12960000000000e+04, 4.12970000000000e+04, 3.02420798722286e-12]
	RefineElem[5: 7.02470000000000e+04, 4.12820000000000e+04, 4.07790000000000e+04, 4.04420000000000e+04, 3.02274766137426e-12]
	RefineElem[5: 6.32850000000000e+04, 1.32790000000000e+04, 1.33180000000000e+04, 1.33530000000000e+04, 3.02123983033406e-12]
	RefineElem[5: 7.05240000000000e+04, 4.13570000000000e+04, 4.06690000000000e+04, 1.00560000000000e+04, 3.02089277692104e-12]
	RefineElem[5: 6.81070000000000e+04, 4.06540000000000e+04, 2.87680000000000e+04, 2.87750000000000e+04, 3.02002144428565e-12]
	RefineElem[5: 6.98320000000000e+04, 4.11670000000000e+04, 2.27310000000000e+04, 3.88240000000000e+04, 3.01979640795805e-12]
	RefineElem[5: 8.82760000000000e+04, 2.83700000000000e+04, 2.83230000000000e+04, 4.62650000000000e+04, 3.01969186902765e-12]
	RefineElem[5: 7.85790000000000e+04, 4.31210000000000e+04, 4.31130000000000e+04, 2.37300000000000e+04, 3.01762011327272e-12]
	RefineElem[5: 8.69330000000000e+04, 4.58120000000000e+04, 4.58130000000000e+04, 4.04550000000000e+04, 3.01721450893091e-12]
	RefineElem[5: 7.19020000000000e+04, 2.30410000000000e+04, 2.06060000000000e+04, 4.16860000000000e+04, 3.01491193600221e-12]
	RefineElem[5: 9.91000000000000e+04, 4.96610000000000e+04, 4.96620000000000e+04, 3.49570000000000e+04, 3.01219206124045e-12]
	RefineElem[5: 8.32350000000000e+04, 4.43680000000000e+04, 2.19670000000000e+04, 2.18750000000000e+04, 3.00969541044422e-12]
	RefineElem[5: 3.57860000000000e+04, 3.50210000000000e+04, 3.49650000000000e+04, 3.49790000000000e+04, 3.00929989912283e-12]
	RefineElem[5: 1.02839000000000e+05, 5.08420000000000e+04, 4.87040000000000e+04, 3.49680000000000e+04, 3.00653384402585e-12]
	RefineElem[5: 9.85250000000000e+04, 4.94930000000000e+04, 3.48180000000000e+04, 4.95020000000000e+04, 3.00627946082667e-12]
	RefineElem[5: 6.21320000000000e+04, 1.15980000000000e+04, 9.69200000000000e+03, 9.69100000000000e+03, 3.00598588776878e-12]
	RefineElem[5: 8.36300000000000e+04, 9.71400000000000e+03, 4.29660000000000e+04, 4.44830000000000e+04, 3.00449349413808e-12]
	RefineElem[5: 1.78250000000000e+04, 1.51240000000000e+04, 1.51380000000000e+04, 1.32240000000000e+04, 3.00401713808171e-12]
	RefineElem[5: 2.53010000000000e+04, 2.74800000000000e+04, 2.74790000000000e+04, 2.74760000000000e+04, 3.00260266966210e-12]
	RefineElem[5: 7.44090000000000e+04, 4.21840000000000e+04, 4.16000000000000e+04, 2.45370000000000e+04, 3.00230108924826e-12]
	RefineElem[5: 5.91000000000000e+04, 1.00590000000000e+04, 1.10810000000000e+04, 1.12330000000000e+04, 3.00060420040963e-12]
	RefineElem[5: 4.16030000000000e+04, 2.00260000000000e+04, 2.74820000000000e+04, 2.74810000000000e+04, 3.00012277851025e-12]
	RefineElem[5: 6.26000000000000e+04, 1.92140000000000e+04, 3.92810000000000e+04, 2.14130000000000e+04, 2.99978437658432e-12]
	RefineElem[5: 9.68540000000000e+04, 4.89100000000000e+04, 4.04070000000000e+04, 4.03600000000000e+04, 2.99928263271288e-12]
	RefineElem[5: 8.32180000000000e+04, 4.43660000000000e+04, 2.24980000000000e+04, 2.25030000000000e+04, 2.99910476514633e-12]
	RefineElem[5: 8.66880000000000e+04, 4.56170000000000e+04, 2.00300000000000e+04, 4.09100000000000e+04, 2.99908477640844e-12]
	RefineElem[5: 7.94880000000000e+04, 4.33230000000000e+04, 4.33220000000000e+04, 4.07020000000000e+04, 2.99787702167454e-12]
	RefineElem[5: 7.21460000000000e+04, 4.17340000000000e+04, 3.64700000000000e+03, 3.81500000000000e+03, 2.99571581375706e-12]
	RefineElem[5: 7.38800000000000e+04, 2.32140000000000e+04, 2.07280000000000e+04, 4.20970000000000e+04, 2.99263899203814e-12]
	RefineElem[5: 6.84380000000000e+04, 4.07650000000000e+04, 7.41000000000000e+03, 7.39100000000000e+03, 2.99250195040827e-12]
	RefineElem[5: 8.44410000000000e+04, 4.47260000000000e+04, 2.75000000000000e+04, 2.74570000000000e+04, 2.99068909962787e-12]
	RefineElem[5: 2.21570000000000e+04, 2.18540000000000e+04, 2.18570000000000e+04, 2.18510000000000e+04, 2.98813019791301e-12]
	RefineElem[5: 5.23460000000000e+04, 2.27420000000000e+04, 2.27470000000000e+04, 2.27510000000000e+04, 2.98639688042607e-12]
	RefineElem[5: 7.77430000000000e+04, 4.29000000000000e+04, 4.29010000000000e+04, 4.06260000000000e+04, 2.98363593522069e-12]
	RefineElem[5: 9.91800000000000e+04, 4.96800000000000e+04, 4.96810000000000e+04, 4.40300000000000e+04, 2.98268788511730e-12]
	RefineElem[5: 7.86970000000000e+04, 4.31500000000000e+04, 1.93900000000000e+04, 1.94860000000000e+04, 2.98232643500021e-12]
	RefineElem[5: 6.93720000000000e+04, 1.72390000000000e+04, 4.10510000000000e+04, 1.72310000000000e+04, 2.98173429093460e-12]
	RefineElem[5: 7.38760000000000e+04, 4.20970000000000e+04, 2.07350000000000e+04, 2.32170000000000e+04, 2.98054822828662e-12]
	RefineElem[5: 6.83180000000000e+04, 4.07150000000000e+04, 4.04270000000000e+04, 2.24320000000000e+04, 2.97983701624263e-12]
	RefineElem[5: 6.75240000000000e+04, 4.03800000000000e+04, 7.39100000000000e+03, 7.41000000000000e+03, 2.97629421904645e-12]
	RefineElem[5: 7.40550000000000e+04, 2.11560000000000e+04, 4.19670000000000e+04, 4.21220000000000e+04, 2.97625510527512e-12]
	RefineElem[5: 7.36200000000000e+04, 2.01450000000000e+04, 4.20360000000000e+04, 2.01430000000000e+04, 2.97489223176847e-12]
	RefineElem[5: 7.55750000000000e+04, 8.52400000000000e+03, 8.51500000000000e+03, 4.24180000000000e+04, 2.97371604827638e-12]
	RefineElem[5: 7.18330000000000e+04, 8.83700000000000e+03, 4.16730000000000e+04, 1.23470000000000e+04, 2.97353199335325e-12]
	RefineElem[5: 8.67100000000000e+04, 4.56480000000000e+04, 4.23350000000000e+04, 4.25510000000000e+04, 2.97333510593867e-12]
	RefineElem[5: 7.48880000000000e+04, 2.31470000000000e+04, 2.08020000000000e+04, 4.22970000000000e+04, 2.97216724148125e-12]
	RefineElem[5: 8.68320000000000e+04, 4.57420000000000e+04, 4.57410000000000e+04, 2.07320000000000e+04, 2.97116235684045e-12]
	RefineElem[5: 6.02300000000000e+04, 9.83000000000000e+02, 9.91000000000000e+02, 3.02600000000000e+03, 2.96703653850089e-12]
	RefineElem[5: 9.20380000000000e+04, 4.73660000000000e+04, 2.79600000000000e+04, 3.94580000000000e+04, 2.96349056131335e-12]
	RefineElem[5: 7.43280000000000e+04, 4.21680000000000e+04, 1.34250000000000e+04, 1.53760000000000e+04, 2.96097605334150e-12]
	RefineElem[5: 7.77490000000000e+04, 4.29020000000000e+04, 3.11700000000000e+03, 5.66900000000000e+03, 2.95904350703766e-12]
	RefineElem[5: 8.05930000000000e+04, 4.04680000000000e+04, 4.36190000000000e+04, 4.04000000000000e+04, 2.95825080415601e-12]
	RefineElem[5: 2.13050000000000e+04, 1.89040000000000e+04, 1.89030000000000e+04, 1.88920000000000e+04, 2.95739072058678e-12]
	RefineElem[5: 9.13960000000000e+04, 1.64320000000000e+04, 4.52720000000000e+04, 4.71550000000000e+04, 2.95706758175320e-12]
	RefineElem[5: 6.39700000000000e+04, 7.19000000000000e+02, 6.98000000000000e+02, 6.99000000000000e+02, 2.95690636216687e-12]
	RefineElem[5: 5.22860000000000e+04, 2.20950000000000e+04, 2.20850000000000e+04, 2.21600000000000e+04, 2.95633513887957e-12]
	RefineElem[5: 6.87840000000000e+04, 4.08960000000000e+04, 2.05920000000000e+04, 2.05840000000000e+04, 2.95543042804459e-12]
	RefineElem[5: 6.41320000000000e+04, 1.54540000000000e+04, 1.54860000000000e+04, 1.54920000000000e+04, 2.95348431489399e-12]
	RefineElem[5: 8.32580000000000e+04, 4.43730000000000e+04, 2.76570000000000e+04, 2.76800000000000e+04, 2.95214635732908e-12]
	RefineElem[5: 7.90410000000000e+04, 3.87770000000000e+04, 4.19950000000000e+04, 4.32300000000000e+04, 2.95144524259311e-12]
	RefineElem[5: 5.75790000000000e+04, 1.39060000000000e+04, 1.39070000000000e+04, 1.43050000000000e+04, 2.95049071083022e-12]
	RefineElem[5: 3.56830000000000e+04, 3.47340000000000e+04, 3.47330000000000e+04, 3.48600000000000e+04, 2.95031378602602e-12]
	RefineElem[5: 8.63950000000000e+04, 4.54700000000000e+04, 2.56320000000000e+04, 2.56330000000000e+04, 2.94937323145995e-12]
	RefineElem[5: 6.93430000000000e+04, 4.10390000000000e+04, 2.32810000000000e+04, 2.32790000000000e+04, 2.94909057074440e-12]
	RefineElem[5: 7.18350000000000e+04, 4.16730000000000e+04, 8.79400000000000e+03, 1.23440000000000e+04, 2.94882872009298e-12]
	RefineElem[5: 7.43310000000000e+04, 1.53480000000000e+04, 1.34120000000000e+04, 4.21680000000000e+04, 2.94677550367092e-12]
	RefineElem[5: 7.47800000000000e+04, 4.06550000000000e+04, 4.22710000000000e+04, 9.99700000000000e+03, 2.94597447574507e-12]
	RefineElem[5: 5.23390000000000e+04, 2.26110000000000e+04, 2.26120000000000e+04, 2.26370000000000e+04, 2.94522121828896e-12]
	RefineElem[5: 7.82130000000000e+04, 4.30200000000000e+04, 4.17320000000000e+04, 1.98440000000000e+04, 2.93904356415971e-12]
	RefineElem[5: 8.05050000000000e+04, 4.12560000000000e+04, 2.47260000000000e+04, 4.35970000000000e+04, 2.93843544080896e-12]
	RefineElem[5: 7.11790000000000e+04, 4.11610000000000e+04, 2.20990000000000e+04, 4.15190000000000e+04, 2.93756363539516e-12]
	RefineElem[5: 6.90430000000000e+04, 2.06100000000000e+04, 2.06130000000000e+04, 4.09610000000000e+04, 2.93675573597041e-12]
	RefineElem[5: 2.12690000000000e+04, 1.88660000000000e+04, 1.88670000000000e+04, 1.88550000000000e+04, 2.93012083044484e-12]
	RefineElem[5: 7.58820000000000e+04, 4.13610000000000e+04, 2.24920000000000e+04, 4.24830000000000e+04, 2.92822709343632e-12]
	RefineElem[5: 8.05200000000000e+04, 4.35980000000000e+04, 2.37540000000000e+04, 2.22200000000000e+04, 2.92493935099083e-12]
	RefineElem[5: 1.00120000000000e+05, 4.85630000000000e+04, 4.99570000000000e+04, 4.85620000000000e+04, 2.92338897587922e-12]
	RefineElem[5: 6.27050000000000e+04, 2.44190000000000e+04, 2.44870000000000e+04, 2.44580000000000e+04, 2.92223644060794e-12]
	RefineElem[5: 6.96500000000000e+04, 4.11160000000000e+04, 2.33250000000000e+04, 2.33260000000000e+04, 2.92020522884830e-12]
	RefineElem[5: 8.34450000000000e+04, 4.44270000000000e+04, 1.42040000000000e+04, 1.42030000000000e+04, 2.91945658964593e-12]
	RefineElem[5: 7.14270000000000e+04, 4.15840000000000e+04, 4.15860000000000e+04, 4.15850000000000e+04, 2.91883734788657e-12]
	RefineElem[5: 6.03450000000000e+04, 3.75100000000000e+03, 3.65000000000000e+03, 4.20700000000000e+03, 2.91852617993484e-12]
	RefineElem[5: 7.34720000000000e+04, 2.82470000000000e+04, 2.82490000000000e+04, 4.20020000000000e+04, 2.91755241663149e-12]
	RefineElem[5: 9.91750000000000e+04, 4.96790000000000e+04, 4.96780000000000e+04, 4.51730000000000e+04, 2.91417648494081e-12]
	RefineElem[5: 6.03650000000000e+04, 3.90000000000000e+03, 3.81200000000000e+03, 3.81300000000000e+03, 2.90943155582086e-12]
	RefineElem[5: 8.19340000000000e+04, 4.39980000000000e+04, 4.39990000000000e+04, 2.04990000000000e+04, 2.90496690974164e-12]
	RefineElem[5: 7.43220000000000e+04, 4.21670000000000e+04, 2.28570000000000e+04, 4.20580000000000e+04, 2.90472106438346e-12]
	RefineElem[5: 7.02460000000000e+04, 4.12810000000000e+04, 2.48060000000000e+04, 2.60920000000000e+04, 2.90464267504711e-12]
	RefineElem[5: 8.01390000000000e+04, 2.31840000000000e+04, 4.35020000000000e+04, 2.37230000000000e+04, 2.90409187936550e-12]
	RefineElem[5: 9.34920000000000e+04, 4.77880000000000e+04, 2.91890000000000e+04, 4.77870000000000e+04, 2.90409047777842e-12]
	RefineElem[5: 8.63730000000000e+04, 2.14020000000000e+04, 2.14010000000000e+04, 4.54620000000000e+04, 2.90068025040943e-12]
	RefineElem[5: 7.38770000000000e+04, 2.07360000000000e+04, 2.07350000000000e+04, 4.20970000000000e+04, 2.89944809517260e-12]
	RefineElem[5: 6.52660000000000e+04, 3.89560000000000e+04, 2.64350000000000e+04, 2.63160000000000e+04, 2.89700314620121e-12]
	RefineElem[5: 4.76690000000000e+04, 3.89550000000000e+04, 3.72970000000000e+04, 3.50390000000000e+04, 2.89673887150827e-12]
	RefineElem[5: 8.31840000000000e+04, 2.66000000000000e+04, 4.43600000000000e+04, 4.42130000000000e+04, 2.89319638129403e-12]
	RefineElem[5: 5.65710000000000e+04, 2.64200000000000e+03, 1.77800000000000e+03, 1.78100000000000e+03, 2.89148295495856e-12]
	RefineElem[5: 9.70450000000000e+04, 4.90080000000000e+04, 4.42770000000000e+04, 4.86530000000000e+04, 2.88754423628582e-12]
	RefineElem[5: 7.91730000000000e+04, 4.32560000000000e+04, 4.12390000000000e+04, 3.60380000000000e+04, 2.88734252512767e-12]
	RefineElem[5: 8.41600000000000e+04, 4.46330000000000e+04, 3.51000000000000e+04, 3.51370000000000e+04, 2.88716157059727e-12]
	RefineElem[5: 5.98580000000000e+04, 3.88520000000000e+04, 2.31310000000000e+04, 2.29800000000000e+04, 2.88310365260327e-12]
	RefineElem[5: 9.72510000000000e+04, 1.92220000000000e+04, 1.92210000000000e+04, 4.90960000000000e+04, 2.88269466921608e-12]
	RefineElem[5: 9.83950000000000e+04, 4.94640000000000e+04, 4.79440000000000e+04, 4.79390000000000e+04, 2.88239446162565e-12]
	RefineElem[5: 8.05080000000000e+04, 2.47280000000000e+04, 2.62350000000000e+04, 4.35970000000000e+04, 2.88154405981219e-12]
	RefineElem[5: 1.79810000000000e+04, 1.51640000000000e+04, 1.51170000000000e+04, 1.31540000000000e+04, 2.87961770989683e-12]
	RefineElem[5: 8.99930000000000e+04, 4.67420000000000e+04, 4.36870000000000e+04, 2.92030000000000e+04, 2.87866910192100e-12]
	RefineElem[5: 7.22220000000000e+04, 4.17470000000000e+04, 2.75740000000000e+04, 4.16890000000000e+04, 2.87740683215545e-12]
	RefineElem[5: 6.87500000000000e+04, 4.08740000000000e+04, 3.48320000000000e+04, 3.48000000000000e+04, 2.87545209316450e-12]
	RefineElem[5: 8.30090000000000e+04, 4.43180000000000e+04, 5.62000000000000e+02, 5.61000000000000e+02, 2.87493844470441e-12]
	RefineElem[5: 6.89000000000000e+04, 4.09280000000000e+04, 4.09240000000000e+04, 4.09250000000000e+04, 2.87269850805664e-12]
	RefineElem[5: 8.20130000000000e+04, 4.40330000000000e+04, 4.40320000000000e+04, 4.03620000000000e+04, 2.87238958500892e-12]
	RefineElem[5: 6.19840000000000e+04, 7.42900000000000e+03, 7.41600000000000e+03, 7.42100000000000e+03, 2.87129236824869e-12]
	RefineElem[5: 8.24200000000000e+04, 1.25110000000000e+04, 1.35200000000000e+04, 4.41520000000000e+04, 2.86922505464461e-12]
	RefineElem[5: 7.57960000000000e+04, 4.24640000000000e+04, 4.24630000000000e+04, 4.08630000000000e+04, 2.86891949832069e-12]
	RefineElem[5: 1.00051000000000e+05, 4.99400000000000e+04, 4.90400000000000e+04, 4.99380000000000e+04, 2.86879693407618e-12]
	RefineElem[5: 6.95280000000000e+04, 4.10970000000000e+04, 2.53200000000000e+04, 4.05550000000000e+04, 2.86546227343842e-12]
	RefineElem[5: 6.60540000000000e+04, 2.88780000000000e+04, 2.12770000000000e+04, 2.12720000000000e+04, 2.86461261782998e-12]
	RefineElem[5: 8.34020000000000e+04, 9.19100000000000e+03, 9.22900000000000e+03, 4.44200000000000e+04, 2.86255110083687e-12]
	RefineElem[5: 6.82850000000000e+04, 4.07070000000000e+04, 2.50520000000000e+04, 2.51410000000000e+04, 2.86247260665519e-12]
	RefineElem[5: 7.17900000000000e+04, 3.84870000000000e+04, 4.16640000000000e+04, 4.16630000000000e+04, 2.86222313515555e-12]
	RefineElem[5: 6.29790000000000e+04, 2.47310000000000e+04, 2.45830000000000e+04, 2.45790000000000e+04, 2.86081152179670e-12]
	RefineElem[5: 8.01310000000000e+04, 2.31180000000000e+04, 4.35000000000000e+04, 2.26640000000000e+04, 2.85858240191220e-12]
	RefineElem[5: 9.32820000000000e+04, 3.91000000000000e+04, 4.44860000000000e+04, 4.77200000000000e+04, 2.85751195936945e-12]
	RefineElem[5: 6.17100000000000e+04, 2.19000000000000e+03, 2.16100000000000e+03, 9.12000000000000e+02, 2.85598858131164e-12]
	RefineElem[5: 6.91520000000000e+04, 4.09820000000000e+04, 2.30700000000000e+04, 2.30640000000000e+04, 2.85519580844244e-12]
	RefineElem[5: 7.09670000000000e+04, 4.14710000000000e+04, 4.14700000000000e+04, 4.11640000000000e+04, 2.85437930483973e-12]
	RefineElem[5: 6.82620000000000e+04, 4.05590000000000e+04, 4.05540000000000e+04, 4.07000000000000e+04, 2.85305879601702e-12]
	RefineElem[5: 7.71060000000000e+04, 4.27670000000000e+04, 2.42940000000000e+04, 2.65050000000000e+04, 2.85265232627116e-12]
	RefineElem[5: 7.25350000000000e+04, 2.05910000000000e+04, 2.30720000000000e+04, 4.18070000000000e+04, 2.84614683619632e-12]
	RefineElem[5: 1.00111000000000e+05, 4.99540000000000e+04, 4.99550000000000e+04, 4.07430000000000e+04, 2.84488675518049e-12]
	RefineElem[5: 5.15130000000000e+04, 1.24120000000000e+04, 1.23810000000000e+04, 1.23820000000000e+04, 2.84364773404071e-12]
	RefineElem[5: 7.33750000000000e+04, 1.23500000000000e+04, 1.23440000000000e+04, 4.19800000000000e+04, 2.84351603911575e-12]
	RefineElem[5: 6.86750000000000e+04, 2.18120000000000e+04, 4.08460000000000e+04, 2.38150000000000e+04, 2.84314512322904e-12]
	RefineElem[5: 7.25220000000000e+04, 4.18030000000000e+04, 2.09380000000000e+04, 1.99010000000000e+04, 2.84313640804777e-12]
	RefineElem[5: 1.01175000000000e+05, 5.02730000000000e+04, 5.02750000000000e+04, 3.48790000000000e+04, 2.84169493050524e-12]
	RefineElem[5: 2.16350000000000e+04, 1.94040000000000e+04, 1.94480000000000e+04, 1.94430000000000e+04, 2.84100399197228e-12]
	RefineElem[5: 5.22600000000000e+04, 2.18520000000000e+04, 2.18700000000000e+04, 2.18650000000000e+04, 2.83966294406445e-12]
	RefineElem[5: 7.69140000000000e+04, 2.29660000000000e+04, 2.28550000000000e+04, 4.27470000000000e+04, 2.83938690073988e-12]
	RefineElem[5: 7.10650000000000e+04, 6.80200000000000e+03, 4.14950000000000e+04, 6.89200000000000e+03, 2.83734321351613e-12]
	RefineElem[5: 9.14630000000000e+04, 4.10840000000000e+04, 2.55230000000000e+04, 4.71770000000000e+04, 2.83568279442829e-12]
	RefineElem[5: 2.53870000000000e+04, 2.76580000000000e+04, 2.76630000000000e+04, 2.76590000000000e+04, 2.83561909237454e-12]
	RefineElem[5: 6.83350000000000e+04, 2.15830000000000e+04, 2.15780000000000e+04, 4.07190000000000e+04, 2.83505834351065e-12]
	RefineElem[5: 5.99400000000000e+04, 9.10200000000000e+03, 9.06700000000000e+03, 9.07100000000000e+03, 2.83408385267161e-12]
	RefineElem[5: 6.58800000000000e+04, 2.12720000000000e+04, 2.12770000000000e+04, 1.93040000000000e+04, 2.83347560411962e-12]
	RefineElem[5: 6.44670000000000e+04, 2.05050000000000e+04, 2.06770000000000e+04, 2.06640000000000e+04, 2.83208998981089e-12]
	RefineElem[5: 8.64200000000000e+04, 4.54780000000000e+04, 4.54770000000000e+04, 2.64480000000000e+04, 2.83168480659144e-12]
	RefineElem[5: 8.63250000000000e+04, 4.25530000000000e+04, 4.25540000000000e+04, 4.54470000000000e+04, 2.82940616016376e-12]
	RefineElem[5: 9.71480000000000e+04, 4.03210000000000e+04, 4.06760000000000e+04, 4.90540000000000e+04, 2.82891411525531e-12]
	RefineElem[5: 3.95960000000000e+04, 1.67730000000000e+04, 1.67750000000000e+04, 1.67700000000000e+04, 2.82841763323130e-12]
	RefineElem[5: 9.85010000000000e+04, 4.94940000000000e+04, 4.94950000000000e+04, 4.07240000000000e+04, 2.82775635666592e-12]
	RefineElem[5: 7.25310000000000e+04, 4.18070000000000e+04, 2.30710000000000e+04, 2.05980000000000e+04, 2.82608053078000e-12]
	RefineElem[5: 6.78290000000000e+04, 4.05580000000000e+04, 2.52230000000000e+04, 4.05570000000000e+04, 2.82601955165684e-12]
	RefineElem[5: 1.00153000000000e+05, 4.91160000000000e+04, 4.91170000000000e+04, 4.99660000000000e+04, 2.82453721100393e-12]
	RefineElem[5: 5.25820000000000e+04, 2.63110000000000e+04, 2.63080000000000e+04, 2.65910000000000e+04, 2.82451225989488e-12]
	RefineElem[5: 7.47840000000000e+04, 4.09770000000000e+04, 9.99700000000000e+03, 4.22710000000000e+04, 2.82333722613855e-12]
	RefineElem[5: 6.42040000000000e+04, 1.48240000000000e+04, 1.48090000000000e+04, 1.48480000000000e+04, 2.82321720373657e-12]
	RefineElem[5: 6.67390000000000e+04, 3.89490000000000e+04, 4.01390000000000e+04, 3.72990000000000e+04, 2.82267342281558e-12]
	RefineElem[5: 7.42310000000000e+04, 2.00210000000000e+04, 2.00240000000000e+04, 4.21530000000000e+04, 2.82235117795044e-12]
	RefineElem[5: 8.07040000000000e+04, 4.17270000000000e+04, 4.17280000000000e+04, 4.36530000000000e+04, 2.81955004700015e-12]
	RefineElem[5: 6.41910000000000e+04, 1.53900000000000e+04, 1.53950000000000e+04, 1.53860000000000e+04, 2.81943385209049e-12]
	RefineElem[5: 8.35470000000000e+04, 3.15300000000000e+03, 3.12200000000000e+03, 4.44520000000000e+04, 2.81851692747595e-12]
	RefineElem[5: 7.58090000000000e+04, 4.24680000000000e+04, 2.58450000000000e+04, 4.23040000000000e+04, 2.81803098446876e-12]
	RefineElem[5: 7.12550000000000e+04, 2.43860000000000e+04, 4.08000000000000e+04, 4.15320000000000e+04, 2.81778815128753e-12]
	RefineElem[5: 6.19540000000000e+04, 6.46300000000000e+03, 3.91500000000000e+03, 5.60400000000000e+03, 2.81740554091352e-12]
	RefineElem[5: 6.39630000000000e+04, 1.95670000000000e+04, 1.96460000000000e+04, 1.95570000000000e+04, 2.81214883423628e-12]
	RefineElem[5: 1.00029000000000e+05, 4.99350000000000e+04, 2.25370000000000e+04, 4.99340000000000e+04, 2.81136335772898e-12]
	RefineElem[5: 4.86830000000000e+04, 3.98330000000000e+04, 3.77230000000000e+04, 3.98280000000000e+04, 2.80924492364999e-12]
	RefineElem[5: 8.31070000000000e+04, 4.43390000000000e+04, 4.18370000000000e+04, 4.18360000000000e+04, 2.80917555929564e-12]
	RefineElem[5: 7.84240000000000e+04, 4.30730000000000e+04, 4.19240000000000e+04, 2.82060000000000e+04, 2.80812234640534e-12]
	RefineElem[5: 7.52870000000000e+04, 4.23570000000000e+04, 2.67960000000000e+04, 2.68170000000000e+04, 2.80571890728494e-12]
	RefineElem[5: 7.35540000000000e+04, 4.20210000000000e+04, 3.84940000000000e+04, 3.84920000000000e+04, 2.80570287558501e-12]
	RefineElem[5: 6.42280000000000e+04, 1.48630000000000e+04, 1.48720000000000e+04, 1.49020000000000e+04, 2.80501141222254e-12]
	RefineElem[5: 9.99250000000000e+04, 4.85580000000000e+04, 4.85550000000000e+04, 4.99030000000000e+04, 2.80298926696015e-12]
	RefineElem[5: 6.53150000000000e+04, 3.87230000000000e+04, 3.47170000000000e+04, 3.47300000000000e+04, 2.79800220661690e-12]
	RefineElem[5: 7.59280000000000e+04, 2.48440000000000e+04, 4.06640000000000e+04, 4.24920000000000e+04, 2.79711146533843e-12]
	RefineElem[5: 7.17970000000000e+04, 4.16660000000000e+04, 3.50600000000000e+04, 3.87100000000000e+04, 2.79552547932702e-12]
	RefineElem[5: 7.06920000000000e+04, 4.13940000000000e+04, 4.85200000000000e+03, 4.05410000000000e+04, 2.79474600545136e-12]
	RefineElem[5: 8.20270000000000e+04, 4.40380000000000e+04, 2.25030000000000e+04, 2.24540000000000e+04, 2.79225508885566e-12]
	RefineElem[5: 5.95620000000000e+04, 2.35830000000000e+04, 2.35880000000000e+04, 2.32990000000000e+04, 2.78956084094328e-12]
	RefineElem[5: 6.86420000000000e+04, 4.08390000000000e+04, 4.08380000000000e+04, 3.47160000000000e+04, 2.78889082432544e-12]
	RefineElem[5: 8.29640000000000e+04, 4.43020000000000e+04, 4.43030000000000e+04, 4.10940000000000e+04, 2.78880581969936e-12]
	RefineElem[5: 1.61170000000000e+04, 1.52460000000000e+04, 1.51880000000000e+04, 1.52440000000000e+04, 2.78838457681345e-12]
	RefineElem[5: 7.84000000000000e+04, 4.30670000000000e+04, 2.24240000000000e+04, 4.23720000000000e+04, 2.78722502766927e-12]
	RefineElem[5: 9.99370000000000e+04, 4.99080000000000e+04, 4.99090000000000e+04, 4.49900000000000e+04, 2.78560198888749e-12]
	RefineElem[5: 6.89820000000000e+04, 4.04280000000000e+04, 4.09450000000000e+04, 4.09460000000000e+04, 2.78386781023046e-12]
	RefineElem[5: 7.42550000000000e+04, 2.80320000000000e+04, 2.81830000000000e+04, 4.21570000000000e+04, 2.78173406134878e-12]
	RefineElem[5: 7.10680000000000e+04, 4.14950000000000e+04, 6.79300000000000e+03, 6.88500000000000e+03, 2.78159971304243e-12]
	RefineElem[5: 1.79580000000000e+04, 1.25520000000000e+04, 1.25820000000000e+04, 1.45850000000000e+04, 2.78121584242454e-12]
	RefineElem[5: 9.43930000000000e+04, 4.80840000000000e+04, 4.07150000000000e+04, 2.24350000000000e+04, 2.77948995235032e-12]
	RefineElem[5: 6.78940000000000e+04, 4.05800000000000e+04, 2.38280000000000e+04, 3.87930000000000e+04, 2.77813072926936e-12]
	RefineElem[5: 6.25630000000000e+04, 2.00780000000000e+04, 2.00470000000000e+04, 2.00860000000000e+04, 2.77771577590876e-12]
	RefineElem[5: 7.04980000000000e+04, 4.13480000000000e+04, 4.13490000000000e+04, 4.05270000000000e+04, 2.77627526385694e-12]
	RefineElem[5: 3.56920000000000e+04, 3.48150000000000e+04, 3.48460000000000e+04, 3.47600000000000e+04, 2.77306435727310e-12]
	RefineElem[5: 1.79440000000000e+04, 1.46920000000000e+04, 1.26600000000000e+04, 1.26920000000000e+04, 2.77300740057780e-12]
	RefineElem[5: 5.58460000000000e+04, 2.53780000000000e+04, 2.53890000000000e+04, 2.53770000000000e+04, 2.77253356572493e-12]
	RefineElem[5: 8.40460000000000e+04, 1.98720000000000e+04, 1.98710000000000e+04, 4.46090000000000e+04, 2.77069604713622e-12]
	RefineElem[5: 7.06330000000000e+04, 4.13840000000000e+04, 3.48260000000000e+04, 3.47700000000000e+04, 2.76986155282970e-12]
	RefineElem[5: 7.31350000000000e+04, 2.02060000000000e+04, 4.14350000000000e+04, 4.19390000000000e+04, 2.76909360449430e-12]
	RefineElem[5: 7.34700000000000e+04, 4.20020000000000e+04, 2.82480000000000e+04, 4.20010000000000e+04, 2.76903548746762e-12]
	RefineElem[5: 7.20450000000000e+04, 2.45260000000000e+04, 4.17120000000000e+04, 2.45220000000000e+04, 2.76852645655377e-12]
	RefineElem[5: 6.54270000000000e+04, 1.88750000000000e+04, 1.88930000000000e+04, 1.88940000000000e+04, 2.76830694871028e-12]
	RefineElem[5: 6.89620000000000e+04, 4.09440000000000e+04, 2.16070000000000e+04, 2.15760000000000e+04, 2.76543872029233e-12]
	RefineElem[5: 4.16040000000000e+04, 2.74830000000000e+04, 2.74820000000000e+04, 2.00260000000000e+04, 2.76486719659635e-12]
	RefineElem[5: 6.43310000000000e+04, 2.78830000000000e+04, 2.78710000000000e+04, 2.78660000000000e+04, 2.76300661295318e-12]
	RefineElem[5: 1.01191000000000e+05, 5.02800000000000e+04, 3.47400000000000e+04, 5.02790000000000e+04, 2.76210494100170e-12]
	RefineElem[5: 6.70850000000000e+04, 3.98170000000000e+04, 3.78530000000000e+04, 4.02200000000000e+04, 2.76115846065335e-12]
	RefineElem[5: 6.34040000000000e+04, 1.97270000000000e+04, 2.08570000000000e+04, 2.08580000000000e+04, 2.76027860306820e-12]
	RefineElem[5: 9.67470000000000e+04, 4.88620000000000e+04, 4.04210000000000e+04, 4.67270000000000e+04, 2.75995578639620e-12]
	RefineElem[5: 4.94070000000000e+04, 3.95700000000000e+04, 3.82900000000000e+04, 3.95550000000000e+04, 2.75956049700855e-12]
	RefineElem[5: 9.64160000000000e+04, 4.87190000000000e+04, 4.05130000000000e+04, 4.39700000000000e+04, 2.75885753377726e-12]
	RefineElem[5: 7.25920000000000e+04, 2.26690000000000e+04, 2.26700000000000e+04, 4.18230000000000e+04, 2.75628242506497e-12]
	RefineElem[5: 7.86310000000000e+04, 4.31350000000000e+04, 4.14200000000000e+04, 4.14190000000000e+04, 2.75589623493713e-12]
	RefineElem[5: 3.56280000000000e+04, 3.48190000000000e+04, 3.48730000000000e+04, 3.47770000000000e+04, 2.75535757069942e-12]
	RefineElem[5: 7.69980000000000e+04, 4.27560000000000e+04, 3.89250000000000e+04, 2.43880000000000e+04, 2.75416003239594e-12]
	RefineElem[5: 6.98230000000000e+04, 4.11650000000000e+04, 4.11660000000000e+04, 2.74100000000000e+03, 2.75163258401372e-12]
	RefineElem[5: 7.36240000000000e+04, 4.03460000000000e+04, 2.02100000000000e+04, 4.20360000000000e+04, 2.75110710640040e-12]
	RefineElem[5: 9.48100000000000e+04, 1.29740000000000e+04, 1.39530000000000e+04, 4.82110000000000e+04, 2.75068936315120e-12]
	RefineElem[5: 8.20330000000000e+04, 4.40390000000000e+04, 2.58420000000000e+04, 2.82010000000000e+04, 2.74822675644122e-12]
	RefineElem[5: 9.56240000000000e+04, 2.35730000000000e+04, 4.84740000000000e+04, 4.84730000000000e+04, 2.74752045063162e-12]
	RefineElem[5: 7.45670000000000e+04, 2.77780000000000e+04, 3.93720000000000e+04, 4.22100000000000e+04, 2.74697401564859e-12]
	RefineElem[5: 1.00400000000000e+05, 3.48110000000000e+04, 3.47450000000000e+04, 5.00400000000000e+04, 2.74635679042617e-12]
	RefineElem[5: 6.77830000000000e+04, 4.05400000000000e+04, 1.16070000000000e+04, 1.16060000000000e+04, 2.74335386412105e-12]
	RefineElem[5: 6.84160000000000e+04, 4.07580000000000e+04, 4.07590000000000e+04, 4.07610000000000e+04, 2.74331636248537e-12]
	RefineElem[5: 8.01850000000000e+04, 4.35150000000000e+04, 4.35160000000000e+04, 4.35020000000000e+04, 2.73984304363509e-12]
	RefineElem[5: 7.29430000000000e+04, 4.19000000000000e+04, 2.30380000000000e+04, 2.06050000000000e+04, 2.73938422473737e-12]
	RefineElem[5: 9.55350000000000e+04, 4.84440000000000e+04, 4.84450000000000e+04, 4.23720000000000e+04, 2.73451314450497e-12]
	RefineElem[5: 5.80700000000000e+04, 3.40180000000000e+04, 3.41840000000000e+04, 3.40240000000000e+04, 2.73081583188426e-12]
	RefineElem[5: 7.42410000000000e+04, 4.21550000000000e+04, 2.58410000000000e+04, 2.82020000000000e+04, 2.73062526751279e-12]
	RefineElem[5: 8.20360000000000e+04, 2.82000000000000e+04, 2.58430000000000e+04, 4.40390000000000e+04, 2.72987992094686e-12]
	RefineElem[5: 5.27480000000000e+04, 2.80920000000000e+04, 2.81080000000000e+04, 2.77820000000000e+04, 2.72792998525705e-12]
	RefineElem[5: 7.39400000000000e+04, 4.21040000000000e+04, 2.59600000000000e+04, 2.59810000000000e+04, 2.72608012397838e-12]
	RefineElem[5: 8.99360000000000e+04, 4.67350000000000e+04, 6.94000000000000e+02, 7.03000000000000e+02, 2.72429439591774e-12]
	RefineElem[5: 1.00760000000000e+04, 1.00580000000000e+04, 1.12590000000000e+04, 1.12600000000000e+04, 2.72389668883392e-12]
	RefineElem[5: 5.23320000000000e+04, 2.24910000000000e+04, 2.24860000000000e+04, 2.24850000000000e+04, 2.72362300296032e-12]
	RefineElem[5: 7.74000000000000e+04, 1.34390000000000e+04, 1.34230000000000e+04, 4.28270000000000e+04, 2.72295354357722e-12]
	RefineElem[5: 7.12350000000000e+04, 4.15290000000000e+04, 2.82550000000000e+04, 2.82560000000000e+04, 2.72138966625977e-12]
	RefineElem[5: 4.78470000000000e+04, 3.73570000000000e+04, 3.95270000000000e+04, 3.95240000000000e+04, 2.72072985608581e-12]
	RefineElem[5: 7.48320000000000e+04, 1.46260000000000e+04, 4.22860000000000e+04, 1.46630000000000e+04, 2.71983449646534e-12]
	RefineElem[5: 1.00035000000000e+05, 4.99340000000000e+04, 4.90400000000000e+04, 4.99360000000000e+04, 2.71922743943361e-12]
	RefineElem[5: 5.57320000000000e+04, 2.26830000000000e+04, 2.26780000000000e+04, 3.93080000000000e+04, 2.71692987099011e-12]
	RefineElem[5: 9.94680000000000e+04, 4.97500000000000e+04, 4.97450000000000e+04, 4.97660000000000e+04, 2.71664962991554e-12]
	RefineElem[5: 9.99300000000000e+04, 4.99060000000000e+04, 3.48100000000000e+04, 4.85640000000000e+04, 2.71591829121502e-12]
	RefineElem[5: 8.82710000000000e+04, 4.62640000000000e+04, 4.11150000000000e+04, 2.33050000000000e+04, 2.71532239260464e-12]
	RefineElem[5: 6.52230000000000e+04, 2.57250000000000e+04, 2.53650000000000e+04, 2.54270000000000e+04, 2.71421128288673e-12]
	RefineElem[5: 6.89700000000000e+04, 4.09440000000000e+04, 2.15770000000000e+04, 2.15800000000000e+04, 2.71305413618853e-12]
	RefineElem[5: 7.38910000000000e+04, 3.72870000000000e+04, 3.72860000000000e+04, 4.20990000000000e+04, 2.71243946666974e-12]
	RefineElem[5: 6.52450000000000e+04, 2.88890000000000e+04, 3.90620000000000e+04, 2.68580000000000e+04, 2.71241401276216e-12]
	RefineElem[5: 6.28920000000000e+04, 1.16000000000000e+03, 3.16400000000000e+03, 9.73000000000000e+02, 2.71235136115169e-12]
	RefineElem[5: 7.32580000000000e+04, 2.63460000000000e+04, 2.65060000000000e+04, 4.19580000000000e+04, 2.71149355848511e-12]
	RefineElem[5: 2.54990000000000e+04, 2.75850000000000e+04, 2.75730000000000e+04, 2.82910000000000e+04, 2.71136475711591e-12]
	RefineElem[5: 6.76420000000000e+04, 4.04810000000000e+04, 2.26720000000000e+04, 2.26740000000000e+04, 2.71078278463445e-12]
	RefineElem[5: 7.83530000000000e+04, 2.92400000000000e+03, 9.92000000000000e+02, 4.30590000000000e+04, 2.71038906959974e-12]
	RefineElem[5: 7.42450000000000e+04, 2.82010000000000e+04, 2.58420000000000e+04, 4.21550000000000e+04, 2.71014154186936e-12]
	RefineElem[5: 6.70020000000000e+04, 4.02030000000000e+04, 3.77710000000000e+04, 3.99130000000000e+04, 2.70988794095124e-12]
	RefineElem[5: 5.87780000000000e+04, 2.37140000000000e+04, 2.37180000000000e+04, 2.31900000000000e+04, 2.70789943329625e-12]
	RefineElem[5: 9.57090000000000e+04, 4.84630000000000e+04, 4.84960000000000e+04, 4.84950000000000e+04, 2.70715381246075e-12]
	RefineElem[5: 7.32360000000000e+04, 4.19550000000000e+04, 4.19560000000000e+04, 4.07630000000000e+04, 2.70621107068879e-12]
	RefineElem[5: 9.72470000000000e+04, 4.90950000000000e+04, 1.92320000000000e+04, 1.92590000000000e+04, 2.70490772138852e-12]
	RefineElem[5: 7.31180000000000e+04, 4.19380000000000e+04, 2.79200000000000e+04, 2.78840000000000e+04, 2.70232608943688e-12]
	RefineElem[5: 6.81550000000000e+04, 2.83340000000000e+04, 2.83410000000000e+04, 4.06630000000000e+04, 2.70133119794971e-12]
	RefineElem[5: 6.21310000000000e+04, 9.69100000000000e+03, 1.16000000000000e+04, 1.15980000000000e+04, 2.70085910847353e-12]
	RefineElem[5: 7.52600000000000e+04, 2.67200000000000e+04, 2.67210000000000e+04, 4.23550000000000e+04, 2.69734930672410e-12]
	RefineElem[5: 7.38610000000000e+04, 4.09680000000000e+04, 4.20950000000000e+04, 4.20940000000000e+04, 2.69720203938855e-12]
	RefineElem[5: 7.51180000000000e+04, 4.23370000000000e+04, 2.06680000000000e+04, 2.05100000000000e+04, 2.69693894113833e-12]
	RefineElem[5: 9.64100000000000e+04, 4.87180000000000e+04, 4.06320000000000e+04, 4.55360000000000e+04, 2.69598432435242e-12]
	RefineElem[5: 6.39590000000000e+04, 1.97170000000000e+04, 1.96740000000000e+04, 1.95570000000000e+04, 2.69532180312024e-12]
	RefineElem[5: 6.87550000000000e+04, 4.08760000000000e+04, 4.08770000000000e+04, 3.47280000000000e+04, 2.69472533450718e-12]
	RefineElem[5: 1.79700000000000e+04, 1.45850000000000e+04, 1.45730000000000e+04, 1.25520000000000e+04, 2.69392536459229e-12]
	RefineElem[5: 1.02205000000000e+05, 4.85890000000000e+04, 4.07260000000000e+04, 5.06670000000000e+04, 2.69378631994770e-12]
	RefineElem[5: 7.29470000000000e+04, 2.06040000000000e+04, 2.30430000000000e+04, 4.19000000000000e+04, 2.69332440266389e-12]
	RefineElem[5: 6.87560000000000e+04, 4.08770000000000e+04, 4.08760000000000e+04, 4.05490000000000e+04, 2.69274486433655e-12]
	RefineElem[5: 7.21660000000000e+04, 2.57720000000000e+04, 2.82640000000000e+04, 4.17380000000000e+04, 2.69114055463893e-12]
	RefineElem[5: 7.21630000000000e+04, 4.17380000000000e+04, 2.82570000000000e+04, 2.57850000000000e+04, 2.69062939344679e-12]
	RefineElem[5: 7.45570000000000e+04, 2.81790000000000e+04, 4.12590000000000e+04, 4.22080000000000e+04, 2.69038354167574e-12]
	RefineElem[5: 7.81590000000000e+04, 4.29930000000000e+04, 4.13920000000000e+04, 4.13930000000000e+04, 2.69019945775917e-12]
	RefineElem[5: 9.43940000000000e+04, 2.24350000000000e+04, 2.24360000000000e+04, 4.80840000000000e+04, 2.68852519806608e-12]
	RefineElem[5: 7.41220000000000e+04, 2.32450000000000e+04, 4.21340000000000e+04, 4.21350000000000e+04, 2.68679790059706e-12]
	RefineElem[5: 7.70810000000000e+04, 4.27650000000000e+04, 2.43930000000000e+04, 4.15390000000000e+04, 2.68653198605792e-12]
	RefineElem[5: 6.28620000000000e+04, 2.75120000000000e+04, 2.75260000000000e+04, 2.75610000000000e+04, 2.68418785160687e-12]
	RefineElem[5: 7.70550000000000e+04, 4.27620000000000e+04, 4.13260000000000e+04, 2.55380000000000e+04, 2.67597670000720e-12]
	RefineElem[5: 6.82740000000000e+04, 6.10600000000000e+03, 4.07010000000000e+04, 4.07020000000000e+04, 2.67443692306599e-12]
	RefineElem[5: 1.47810000000000e+04, 1.17130000000000e+04, 1.17330000000000e+04, 9.52100000000000e+03, 2.67431334408505e-12]
	RefineElem[5: 6.97600000000000e+04, 2.27730000000000e+04, 2.27650000000000e+04, 4.11390000000000e+04, 2.67388662136978e-12]
	RefineElem[5: 9.84990000000000e+04, 4.07250000000000e+04, 4.94930000000000e+04, 4.94940000000000e+04, 2.67359532680865e-12]
	RefineElem[5: 7.32830000000000e+04, 1.92130000000000e+04, 4.06930000000000e+04, 4.19630000000000e+04, 2.67176317772324e-12]
	RefineElem[5: 9.18720000000000e+04, 2.46140000000000e+04, 4.29080000000000e+04, 4.73100000000000e+04, 2.67161264108466e-12]
	RefineElem[5: 7.29540000000000e+04, 1.01630000000000e+04, 1.05490000000000e+04, 4.19010000000000e+04, 2.66944265221095e-12]
	RefineElem[5: 8.47690000000000e+04, 4.47670000000000e+04, 1.23070000000000e+04, 1.23220000000000e+04, 2.66902923741765e-12]
	RefineElem[5: 5.17600000000000e+04, 1.45400000000000e+04, 1.45360000000000e+04, 1.45480000000000e+04, 2.66850734598770e-12]
	RefineElem[5: 4.98300000000000e+04, 3.84810000000000e+04, 3.95440000000000e+04, 3.95380000000000e+04, 2.66792038881263e-12]
	RefineElem[5: 7.50910000000000e+04, 2.14510000000000e+04, 2.12960000000000e+04, 4.23340000000000e+04, 2.66733408750401e-12]
	RefineElem[5: 7.73180000000000e+04, 1.19390000000000e+04, 4.17700000000000e+04, 4.28130000000000e+04, 2.66671213757551e-12]
	RefineElem[5: 3.57490000000000e+04, 3.89700000000000e+04, 3.48820000000000e+04, 3.49070000000000e+04, 2.66658195111819e-12]
	RefineElem[5: 5.05880000000000e+04, 4.04100000000000e+03, 4.03400000000000e+03, 4.03500000000000e+03, 2.66532551686770e-12]
	RefineElem[5: 1.79670000000000e+04, 1.27930000000000e+04, 1.28260000000000e+04, 1.63410000000000e+04, 2.66515268125244e-12]
	RefineElem[5: 7.56350000000000e+04, 4.24280000000000e+04, 4.22050000000000e+04, 2.85200000000000e+04, 2.66506411961877e-12]
	RefineElem[5: 7.77280000000000e+04, 2.15300000000000e+03, 2.15600000000000e+03, 4.28950000000000e+04, 2.66504256273495e-12]
	RefineElem[5: 9.51240000000000e+04, 4.58000000000000e+04, 4.57990000000000e+04, 4.83070000000000e+04, 2.66417757265269e-12]
	RefineElem[5: 8.67700000000000e+04, 4.56990000000000e+04, 4.56980000000000e+04, 4.07780000000000e+04, 2.66399877028291e-12]
	RefineElem[5: 8.45560000000000e+04, 4.47450000000000e+04, 2.67200000000000e+03, 2.72500000000000e+03, 2.66382102082829e-12]
	RefineElem[5: 1.00402000000000e+05, 5.00410000000000e+04, 5.00400000000000e+04, 3.47450000000000e+04, 2.66361841937650e-12]
	RefineElem[5: 1.83810000000000e+04, 1.67890000000000e+04, 1.67880000000000e+04, 1.67920000000000e+04, 2.66342444940497e-12]
	RefineElem[5: 7.17770000000000e+04, 1.50330000000000e+04, 1.50000000000000e+04, 4.16610000000000e+04, 2.66287483429791e-12]
	RefineElem[5: 5.56710000000000e+04, 2.20730000000000e+04, 2.20700000000000e+04, 2.20650000000000e+04, 2.66170194711448e-12]
	RefineElem[5: 7.57950000000000e+04, 2.00880000000000e+04, 2.08000000000000e+04, 4.24630000000000e+04, 2.66141004847129e-12]
	RefineElem[5: 7.06760000000000e+04, 4.13930000000000e+04, 2.81740000000000e+04, 2.80120000000000e+04, 2.65995983578203e-12]
	RefineElem[5: 8.31000000000000e+04, 4.43370000000000e+04, 4.18360000000000e+04, 4.18350000000000e+04, 2.65781832967544e-12]
	RefineElem[5: 5.25240000000000e+04, 2.54300000000000e+04, 2.53630000000000e+04, 2.53860000000000e+04, 2.65715130164883e-12]
	RefineElem[5: 7.96600000000000e+04, 4.33670000000000e+04, 2.58100000000000e+04, 2.82440000000000e+04, 2.65630765673968e-12]
	RefineElem[5: 7.19800000000000e+04, 2.82500000000000e+04, 2.82520000000000e+04, 4.17010000000000e+04, 2.65597201752864e-12]
	RefineElem[5: 5.54350000000000e+04, 1.53620000000000e+04, 1.53580000000000e+04, 1.53430000000000e+04, 2.65563385609926e-12]
	RefineElem[5: 7.37810000000000e+04, 4.20700000000000e+04, 1.50960000000000e+04, 1.31070000000000e+04, 2.65545015869999e-12]
	RefineElem[5: 8.74930000000000e+04, 4.60310000000000e+04, 3.50410000000000e+04, 3.89590000000000e+04, 2.65541144024067e-12]
	RefineElem[5: 1.01993000000000e+05, 3.48360000000000e+04, 5.06120000000000e+04, 5.06110000000000e+04, 2.65223958634375e-12]
	RefineElem[5: 7.16620000000000e+04, 4.16350000000000e+04, 1.71000000000000e+04, 1.70350000000000e+04, 2.65175123329117e-12]
	RefineElem[5: 1.79240000000000e+04, 1.48880000000000e+04, 1.48930000000000e+04, 1.28980000000000e+04, 2.65022372849869e-12]
	RefineElem[5: 1.00390000000000e+05, 5.00370000000000e+04, 4.49900000000000e+04, 4.49790000000000e+04, 2.64677481963364e-12]
	RefineElem[5: 6.46950000000000e+04, 2.06800000000000e+04, 2.02630000000000e+04, 2.03180000000000e+04, 2.64662469257603e-12]
	RefineElem[5: 7.37870000000000e+04, 1.31230000000000e+04, 1.50950000000000e+04, 4.20700000000000e+04, 2.64492754165497e-12]
	RefineElem[5: 5.25280000000000e+04, 2.54580000000000e+04, 2.54330000000000e+04, 2.54370000000000e+04, 2.64391761797645e-12]
	RefineElem[5: 5.98960000000000e+04, 5.38700000000000e+03, 3.97500000000000e+03, 5.30200000000000e+03, 2.64277036746037e-12]
	RefineElem[5: 6.76500000000000e+04, 4.04830000000000e+04, 4.04840000000000e+04, 2.28990000000000e+04, 2.64038726789105e-12]
	RefineElem[5: 5.53750000000000e+04, 1.46300000000000e+04, 1.46250000000000e+04, 1.46140000000000e+04, 2.63975091348697e-12]
	RefineElem[5: 9.43890000000000e+04, 4.80830000000000e+04, 2.32310000000000e+04, 2.07180000000000e+04, 2.63814061851191e-12]
	RefineElem[5: 9.26640000000000e+04, 3.91660000000000e+04, 2.91390000000000e+04, 4.75390000000000e+04, 2.63600055032848e-12]
	RefineElem[5: 6.90040000000000e+04, 3.58100000000000e+03, 3.57400000000000e+03, 4.09500000000000e+04, 2.63582555977178e-12]
	RefineElem[5: 6.76630000000000e+04, 2.06730000000000e+04, 2.06750000000000e+04, 4.04970000000000e+04, 2.63556542208847e-12]
	RefineElem[5: 9.59450000000000e+04, 2.40150000000000e+04, 4.39860000000000e+04, 4.85680000000000e+04, 2.63476732410502e-12]
	RefineElem[5: 9.32990000000000e+04, 2.17010000000000e+04, 4.77210000000000e+04, 4.77260000000000e+04, 2.62878392650223e-12]
	RefineElem[5: 7.21220000000000e+04, 4.17310000000000e+04, 2.52170000000000e+04, 2.52400000000000e+04, 2.62771362237312e-12]
	RefineElem[5: 6.95730000000000e+04, 8.91700000000000e+03, 8.91800000000000e+03, 4.11050000000000e+04, 2.62747946682213e-12]
	RefineElem[5: 6.82700000000000e+04, 4.07010000000000e+04, 6.11800000000000e+03, 2.65500000000000e+03, 2.62528599770017e-12]
	RefineElem[5: 3.57350000000000e+04, 3.83110000000000e+04, 3.83250000000000e+04, 3.48680000000000e+04, 2.62466633155599e-12]
	RefineElem[5: 7.48550000000000e+04, 2.91600000000000e+04, 2.91510000000000e+04, 4.22890000000000e+04, 2.61988558909915e-12]
	RefineElem[5: 9.43860000000000e+04, 4.80820000000000e+04, 4.80830000000000e+04, 4.49920000000000e+04, 2.61667588363527e-12]
	RefineElem[5: 5.56260000000000e+04, 2.07650000000000e+04, 2.11370000000000e+04, 2.11380000000000e+04, 2.61667081132548e-12]
	RefineElem[5: 6.91090000000000e+04, 4.09730000000000e+04, 4.09720000000000e+04, 8.92700000000000e+03, 2.61652904700394e-12]
	RefineElem[5: 1.00101000000000e+05, 4.07410000000000e+04, 4.04440000000000e+04, 4.99520000000000e+04, 2.61559121634615e-12]
	RefineElem[5: 3.57480000000000e+04, 3.87330000000000e+04, 3.48880000000000e+04, 3.49040000000000e+04, 2.61503734284519e-12]
	RefineElem[5: 7.15050000000000e+04, 4.16000000000000e+04, 2.58800000000000e+04, 2.58780000000000e+04, 2.61494084035970e-12]
	RefineElem[5: 7.13500000000000e+04, 4.15590000000000e+04, 4.15520000000000e+04, 4.15650000000000e+04, 2.61434795587436e-12]
	RefineElem[5: 9.26140000000000e+04, 4.72670000000000e+04, 2.29000000000000e+04, 4.75260000000000e+04, 2.61370483806144e-12]
	RefineElem[5: 6.96850000000000e+04, 4.11250000000000e+04, 4.09410000000000e+04, 2.07210000000000e+04, 2.61354835583780e-12]
	RefineElem[5: 7.67710000000000e+04, 2.09940000000000e+04, 4.27280000000000e+04, 2.08780000000000e+04, 2.61332114868579e-12]
	RefineElem[5: 1.79490000000000e+04, 1.51590000000000e+04, 1.51640000000000e+04, 1.31720000000000e+04, 2.61312395906279e-12]
	RefineElem[5: 3.58400000000000e+04, 3.50080000000000e+04, 3.50210000000000e+04, 3.74440000000000e+04, 2.61294598459960e-12]
	RefineElem[5: 9.90130000000000e+04, 4.88700000000000e+04, 4.53810000000000e+04, 4.96350000000000e+04, 2.61240143174311e-12]
	RefineElem[5: 9.58440000000000e+04, 4.85370000000000e+04, 4.42270000000000e+04, 4.42280000000000e+04, 2.61217275605673e-12]
	RefineElem[5: 7.95760000000000e+04, 4.33410000000000e+04, 9.25000000000000e+02, 3.99700000000000e+03, 2.61213662376958e-12]
	RefineElem[5: 6.39600000000000e+04, 1.96740000000000e+04, 1.97110000000000e+04, 1.95570000000000e+04, 2.61195467838338e-12]
	RefineElem[5: 6.84890000000000e+04, 4.07830000000000e+04, 2.25280000000000e+04, 2.25450000000000e+04, 2.61038183330529e-12]
	RefineElem[5: 7.63920000000000e+04, 4.23650000000000e+04, 2.10720000000000e+04, 4.26220000000000e+04, 2.60672712403127e-12]
	RefineElem[5: 7.95460000000000e+04, 4.33310000000000e+04, 2.47590000000000e+04, 2.47940000000000e+04, 2.60651000094787e-12]
	RefineElem[5: 1.83820000000000e+04, 1.67910000000000e+04, 1.67980000000000e+04, 1.67860000000000e+04, 2.60487102322749e-12]
	RefineElem[5: 9.06390000000000e+04, 4.69340000000000e+04, 4.04020000000000e+04, 4.66950000000000e+04, 2.60443206601283e-12]
	RefineElem[5: 5.94840000000000e+04, 1.11970000000000e+04, 1.11960000000000e+04, 1.21380000000000e+04, 2.60416420235729e-12]
	RefineElem[5: 1.00106000000000e+05, 4.07420000000000e+04, 4.99520000000000e+04, 4.99530000000000e+04, 2.60412204543102e-12]
	RefineElem[5: 7.77420000000000e+04, 4.29000000000000e+04, 4.28990000000000e+04, 4.28970000000000e+04, 2.60340062599549e-12]
	RefineElem[5: 7.24270000000000e+04, 4.17820000000000e+04, 7.26100000000000e+03, 7.26400000000000e+03, 2.60287911673418e-12]
	RefineElem[5: 7.41630000000000e+04, 4.21440000000000e+04, 4.05310000000000e+04, 4.21430000000000e+04, 2.60287867216102e-12]
	RefineElem[5: 8.42140000000000e+04, 4.46420000000000e+04, 3.58930000000000e+04, 3.58860000000000e+04, 2.60101799542922e-12]
	RefineElem[5: 7.95780000000000e+04, 4.15000000000000e+03, 9.18000000000000e+02, 4.33410000000000e+04, 2.60018134810110e-12]
	RefineElem[5: 5.35490000000000e+04, 1.67750000000000e+04, 1.67790000000000e+04, 1.67810000000000e+04, 2.59817245033738e-12]
	RefineElem[5: 5.57230000000000e+04, 2.25780000000000e+04, 2.25910000000000e+04, 2.26590000000000e+04, 2.59704682948261e-12]
	RefineElem[5: 6.87990000000000e+04, 4.09000000000000e+04, 2.03580000000000e+04, 2.03570000000000e+04, 2.59696353236438e-12]
	RefineElem[5: 2.72940000000000e+04, 3.88270000000000e+04, 2.42470000000000e+04, 2.42460000000000e+04, 2.59485482550003e-12]
	RefineElem[5: 9.41940000000000e+04, 4.80140000000000e+04, 4.10100000000000e+04, 2.51110000000000e+04, 2.59443232492859e-12]
	RefineElem[5: 7.85600000000000e+04, 4.31120000000000e+04, 4.31140000000000e+04, 4.31150000000000e+04, 2.59349590751370e-12]
	RefineElem[5: 5.99510000000000e+04, 1.10720000000000e+04, 1.11090000000000e+04, 1.00510000000000e+04, 2.59092565343488e-12]
	RefineElem[5: 7.22850000000000e+04, 3.87660000000000e+04, 2.38260000000000e+04, 4.17590000000000e+04, 2.58691398980545e-12]
	RefineElem[5: 4.98550000000000e+04, 3.84960000000000e+04, 3.95200000000000e+04, 3.95180000000000e+04, 2.58668351114459e-12]
	RefineElem[5: 6.00360000000000e+04, 2.29640000000000e+04, 2.29760000000000e+04, 3.88530000000000e+04, 2.58483341538499e-12]
	RefineElem[5: 6.95780000000000e+04, 8.51100000000000e+03, 8.51200000000000e+03, 4.11050000000000e+04, 2.58189047922172e-12]
	RefineElem[5: 6.48350000000000e+04, 1.34570000000000e+04, 1.34560000000000e+04, 1.34410000000000e+04, 2.58086896002088e-12]
	RefineElem[5: 8.10160000000000e+04, 4.37630000000000e+04, 4.08640000000000e+04, 7.26000000000000e+03, 2.57752970866981e-12]
	RefineElem[5: 8.69400000000000e+04, 4.58170000000000e+04, 1.72450000000000e+04, 4.30620000000000e+04, 2.57696575384492e-12]
	RefineElem[5: 5.60550000000000e+04, 2.74250000000000e+04, 2.74750000000000e+04, 2.86830000000000e+04, 2.57637435422981e-12]
	RefineElem[5: 7.63130000000000e+04, 2.43890000000000e+04, 2.43900000000000e+04, 4.26100000000000e+04, 2.57574058435520e-12]
	RefineElem[5: 5.04310000000000e+04, 2.64200000000000e+03, 2.64000000000000e+03, 1.77800000000000e+03, 2.57530002967158e-12]
	RefineElem[5: 8.98490000000000e+04, 4.67110000000000e+04, 2.54870000000000e+04, 2.55840000000000e+04, 2.57202608297227e-12]
	RefineElem[5: 7.36310000000000e+04, 3.49170000000000e+04, 4.20380000000000e+04, 3.87100000000000e+04, 2.57196517415893e-12]
	RefineElem[5: 7.57940000000000e+04, 4.24630000000000e+04, 4.24620000000000e+04, 2.00880000000000e+04, 2.57173080224652e-12]
	RefineElem[5: 8.60370000000000e+04, 4.53340000000000e+04, 2.83220000000000e+04, 2.83240000000000e+04, 2.56937720249278e-12]
	RefineElem[5: 7.42280000000000e+04, 2.00230000000000e+04, 4.21530000000000e+04, 4.04860000000000e+04, 2.56772615584655e-12]
	RefineElem[5: 4.16090000000000e+04, 2.00190000000000e+04, 2.74840000000000e+04, 2.00220000000000e+04, 2.56625150292967e-12]
	RefineElem[5: 7.17820000000000e+04, 4.16620000000000e+04, 3.84880000000000e+04, 3.84870000000000e+04, 2.56544920578363e-12]
	RefineElem[5: 9.61470000000000e+04, 4.54380000000000e+04, 4.23580000000000e+04, 4.86270000000000e+04, 2.56504402649872e-12]
	RefineElem[5: 9.64170000000000e+04, 4.39700000000000e+04, 4.39690000000000e+04, 4.87190000000000e+04, 2.56429883133183e-12]
	RefineElem[5: 7.42170000000000e+04, 8.09000000000000e+02, 9.22000000000000e+02, 4.21510000000000e+04, 2.56417653427451e-12]
	RefineElem[5: 6.28200000000000e+04, 2.89960000000000e+04, 3.90740000000000e+04, 2.67580000000000e+04, 2.56270760297392e-12]
	RefineElem[5: 7.81350000000000e+04, 2.59990000000000e+04, 4.15340000000000e+04, 4.29810000000000e+04, 2.56220376696064e-12]
	RefineElem[5: 8.68740000000000e+04, 7.24400000000000e+03, 4.28590000000000e+04, 4.57810000000000e+04, 2.56010580553158e-12]
	RefineElem[5: 7.38210000000000e+04, 4.20770000000000e+04, 2.81170000000000e+04, 2.81200000000000e+04, 2.55939125223120e-12]
	RefineElem[5: 6.99740000000000e+04, 3.94640000000000e+04, 4.12200000000000e+04, 4.07870000000000e+04, 2.55820262196111e-12]
	RefineElem[5: 7.30220000000000e+04, 4.19150000000000e+04, 2.80940000000000e+04, 2.81030000000000e+04, 2.55787781483935e-12]
	RefineElem[5: 8.32280000000000e+04, 4.43670000000000e+04, 2.24130000000000e+04, 2.23310000000000e+04, 2.55670845865468e-12]
	RefineElem[5: 5.77600000000000e+04, 2.16640000000000e+04, 2.16490000000000e+04, 2.16420000000000e+04, 2.55654775916612e-12]
	RefineElem[5: 9.33310000000000e+04, 4.77360000000000e+04, 4.77350000000000e+04, 2.79330000000000e+04, 2.55648837167835e-12]
	RefineElem[5: 7.19040000000000e+04, 4.16870000000000e+04, 4.07650000000000e+04, 7.90200000000000e+03, 2.55500986264419e-12]
	RefineElem[5: 5.80690000000000e+04, 3.40250000000000e+04, 3.41850000000000e+04, 3.40190000000000e+04, 2.55392384916277e-12]
	RefineElem[5: 8.08570000000000e+04, 4.37080000000000e+04, 4.37070000000000e+04, 4.08210000000000e+04, 2.55337855902770e-12]
	RefineElem[5: 2.28940000000000e+04, 2.39610000000000e+04, 2.39580000000000e+04, 2.13870000000000e+04, 2.55090807371260e-12]
	RefineElem[5: 6.55370000000000e+04, 3.87790000000000e+04, 1.88780000000000e+04, 1.88740000000000e+04, 2.54956114425584e-12]
	RefineElem[5: 6.13530000000000e+04, 2.28330000000000e+04, 2.28200000000000e+04, 2.28150000000000e+04, 2.54861543032022e-12]
	RefineElem[5: 6.40990000000000e+04, 6.78000000000000e+02, 6.92000000000000e+02, 6.86000000000000e+02, 2.54733668182780e-12]
	RefineElem[5: 5.98070000000000e+04, 3.87830000000000e+04, 2.65440000000000e+04, 2.56720000000000e+04, 2.54696066167182e-12]
	RefineElem[5: 5.54090000000000e+04, 1.50750000000000e+04, 1.50710000000000e+04, 1.50580000000000e+04, 2.54527987107550e-12]
	RefineElem[5: 1.79220000000000e+04, 1.52760000000000e+04, 1.33160000000000e+04, 1.33280000000000e+04, 2.54486510291674e-12]
	RefineElem[5: 9.24900000000000e+04, 4.74980000000000e+04, 4.17880000000000e+04, 2.79100000000000e+04, 2.54457294223711e-12]
	RefineElem[5: 7.20090000000000e+04, 4.17050000000000e+04, 4.17060000000000e+04, 4.05070000000000e+04, 2.54390440991215e-12]
	RefineElem[5: 6.82690000000000e+04, 2.65500000000000e+03, 6.68000000000000e+02, 4.07010000000000e+04, 2.54056273657291e-12]
	RefineElem[5: 1.79380000000000e+04, 1.33280000000000e+04, 1.33420000000000e+04, 1.53110000000000e+04, 2.53940779702361e-12]
	RefineElem[5: 7.35700000000000e+04, 4.20240000000000e+04, 2.03680000000000e+04, 2.06660000000000e+04, 2.53829049476680e-12]
	RefineElem[5: 9.67310000000000e+04, 4.88560000000000e+04, 2.55330000000000e+04, 2.55340000000000e+04, 2.53727179704800e-12]
	RefineElem[5: 9.58360000000000e+04, 4.85350000000000e+04, 4.42280000000000e+04, 2.70910000000000e+04, 2.53714355953929e-12]
	RefineElem[5: 7.92320000000000e+04, 1.97560000000000e+04, 1.96630000000000e+04, 4.32730000000000e+04, 2.53625452087906e-12]
	RefineElem[5: 8.01890000000000e+04, 4.35160000000000e+04, 4.35170000000000e+04, 4.35020000000000e+04, 2.53578872744858e-12]
	RefineElem[5: 5.23000000000000e+04, 2.21810000000000e+04, 2.21730000000000e+04, 2.21390000000000e+04, 2.53460440204173e-12]
	RefineElem[5: 2.67410000000000e+04, 2.82090000000000e+04, 2.82070000000000e+04, 2.58360000000000e+04, 2.53417391345801e-12]
	RefineElem[5: 6.46450000000000e+04, 2.32250000000000e+04, 2.32240000000000e+04, 2.07250000000000e+04, 2.53401262673564e-12]
	RefineElem[5: 6.54440000000000e+04, 3.88240000000000e+04, 1.67480000000000e+04, 1.67460000000000e+04, 2.53120724299246e-12]
	RefineElem[5: 8.42190000000000e+04, 3.59480000000000e+04, 3.59470000000000e+04, 4.46430000000000e+04, 2.52981412201164e-12]
	RefineElem[5: 7.11230000000000e+04, 4.15070000000000e+04, 2.57430000000000e+04, 2.82900000000000e+04, 2.52885652544013e-12]
	RefineElem[5: 7.51850000000000e+04, 4.23460000000000e+04, 2.77130000000000e+04, 2.81680000000000e+04, 2.52681379000501e-12]
	RefineElem[5: 7.30000000000000e+04, 2.73740000000000e+04, 4.19060000000000e+04, 4.19110000000000e+04, 2.52586756835581e-12]
	RefineElem[5: 8.33180000000000e+04, 4.43890000000000e+04, 2.74060000000000e+04, 4.18960000000000e+04, 2.52539487135035e-12]
	RefineElem[5: 7.75520000000000e+04, 4.28530000000000e+04, 2.88990000000000e+04, 2.69190000000000e+04, 2.52332453130010e-12]
	RefineElem[5: 7.88310000000000e+04, 4.31740000000000e+04, 4.05630000000000e+04, 4.05620000000000e+04, 2.52066973117603e-12]
	RefineElem[5: 7.94630000000000e+04, 4.20720000000000e+04, 6.66000000000000e+02, 4.33170000000000e+04, 2.52033440970306e-12]
	RefineElem[5: 7.27550000000000e+04, 4.18630000000000e+04, 2.25150000000000e+04, 2.25490000000000e+04, 2.51685860680518e-12]
	RefineElem[5: 7.32320000000000e+04, 4.19530000000000e+04, 8.54300000000000e+03, 8.53800000000000e+03, 2.51665557107872e-12]
	RefineElem[5: 8.20400000000000e+04, 4.40400000000000e+04, 2.74650000000000e+04, 2.75070000000000e+04, 2.51611409501065e-12]
	RefineElem[5: 5.23520000000000e+04, 2.27770000000000e+04, 2.26780000000000e+04, 2.27780000000000e+04, 2.51233317703858e-12]
	RefineElem[5: 1.79210000000000e+04, 1.32490000000000e+04, 1.33160000000000e+04, 1.52760000000000e+04, 2.51186645368988e-12]
	RefineElem[5: 8.68410000000000e+04, 4.57470000000000e+04, 4.57460000000000e+04, 2.57760000000000e+04, 2.51053934258576e-12]
	RefineElem[5: 6.75880000000000e+04, 2.14180000000000e+04, 2.14160000000000e+04, 4.04430000000000e+04, 2.51041701328093e-12]
	RefineElem[5: 9.82500000000000e+04, 4.94200000000000e+04, 4.94210000000000e+04, 4.07370000000000e+04, 2.50826320399858e-12]
	RefineElem[5: 8.93650000000000e+04, 2.68180000000000e+04, 2.90290000000000e+04, 4.65750000000000e+04, 2.50708200452866e-12]
	RefineElem[5: 8.66060000000000e+04, 4.55710000000000e+04, 2.90040000000000e+04, 2.90220000000000e+04, 2.50697722617850e-12]
	RefineElem[5: 2.28930000000000e+04, 2.13920000000000e+04, 2.13940000000000e+04, 2.39620000000000e+04, 2.50388723622817e-12]
	RefineElem[5: 6.84120000000000e+04, 4.07610000000000e+04, 2.07620000000000e+04, 2.11610000000000e+04, 2.50297459174652e-12]
	RefineElem[5: 7.10460000000000e+04, 4.14910000000000e+04, 4.11530000000000e+04, 2.38380000000000e+04, 2.50094123776542e-12]
	RefineElem[5: 8.21600000000000e+04, 7.18800000000000e+03, 4.40660000000000e+04, 4.40710000000000e+04, 2.50087297539243e-12]
	RefineElem[5: 7.54630000000000e+04, 4.23870000000000e+04, 2.33310000000000e+04, 2.33320000000000e+04, 2.49958613452008e-12]
	RefineElem[5: 9.35300000000000e+04, 4.77970000000000e+04, 4.77960000000000e+04, 2.40880000000000e+04, 2.49937780604606e-12]
	RefineElem[5: 8.58290000000000e+04, 4.52320000000000e+04, 4.52310000000000e+04, 2.14680000000000e+04, 2.49790511108690e-12]
	RefineElem[5: 6.26290000000000e+04, 2.21940000000000e+04, 2.31590000000000e+04, 2.21840000000000e+04, 2.49736656505973e-12]
	RefineElem[5: 7.14610000000000e+04, 2.33460000000000e+04, 4.15920000000000e+04, 2.20610000000000e+04, 2.49673811569027e-12]
	RefineElem[5: 6.40820000000000e+04, 1.52620000000000e+04, 1.52880000000000e+04, 1.52800000000000e+04, 2.49584496264156e-12]
	RefineElem[5: 7.85270000000000e+04, 4.31030000000000e+04, 9.70500000000000e+03, 9.70000000000000e+03, 2.49499031846621e-12]
	RefineElem[5: 7.83400000000000e+04, 4.30570000000000e+04, 4.30580000000000e+04, 5.68100000000000e+03, 2.49483097530146e-12]
	RefineElem[5: 7.41430000000000e+04, 2.14170000000000e+04, 2.39330000000000e+04, 4.21400000000000e+04, 2.49449129468990e-12]
	RefineElem[5: 9.82530000000000e+04, 4.94210000000000e+04, 4.04950000000000e+04, 4.07360000000000e+04, 2.49386703231725e-12]
	RefineElem[5: 7.05880000000000e+04, 4.27500000000000e+03, 4.13720000000000e+04, 3.65100000000000e+03, 2.49358625777695e-12]
	RefineElem[5: 6.78970000000000e+04, 4.05800000000000e+04, 2.18610000000000e+04, 2.18630000000000e+04, 2.49227192407360e-12]
	RefineElem[5: 5.90560000000000e+04, 8.36300000000000e+03, 8.37200000000000e+03, 8.49400000000000e+03, 2.49212313382103e-12]
	RefineElem[5: 5.26540000000000e+04, 2.71030000000000e+04, 2.71050000000000e+04, 2.71100000000000e+04, 2.49099169028937e-12]
	RefineElem[5: 9.56280000000000e+04, 4.84740000000000e+04, 4.84720000000000e+04, 2.35890000000000e+04, 2.48903385960285e-12]
	RefineElem[5: 6.82460000000000e+04, 4.06950000000000e+04, 1.84800000000000e+03, 1.85000000000000e+03, 2.48841291163399e-12]
	RefineElem[5: 8.65260000000000e+04, 4.55290000000000e+04, 4.55280000000000e+04, 4.04900000000000e+04, 2.48800979949069e-12]
	RefineElem[5: 5.30630000000000e+04, 3.48350000000000e+04, 3.47180000000000e+04, 3.48570000000000e+04, 2.48753043183745e-12]
	RefineElem[5: 3.56450000000000e+04, 3.47320000000000e+04, 3.47420000000000e+04, 3.48070000000000e+04, 2.48733074141802e-12]
	RefineElem[5: 7.06340000000000e+04, 4.13840000000000e+04, 3.48270000000000e+04, 3.83160000000000e+04, 2.48697456616313e-12]
	RefineElem[5: 2.41400000000000e+03, 3.58100000000000e+03, 6.12900000000000e+03, 6.13000000000000e+03, 2.48608960283659e-12]
	RefineElem[5: 7.17500000000000e+04, 3.50440000000000e+04, 4.16540000000000e+04, 3.87030000000000e+04, 2.48582459929530e-12]
	RefineElem[5: 3.57230000000000e+04, 3.83250000000000e+04, 3.48510000000000e+04, 3.48680000000000e+04, 2.48569325766417e-12]
	RefineElem[5: 7.41670000000000e+04, 4.21450000000000e+04, 4.21420000000000e+04, 4.21440000000000e+04, 2.48557400790358e-12]
	RefineElem[5: 9.43880000000000e+04, 2.32310000000000e+04, 4.80830000000000e+04, 4.80780000000000e+04, 2.48514001130789e-12]
	RefineElem[5: 6.95320000000000e+04, 2.53970000000000e+04, 2.53200000000000e+04, 4.10970000000000e+04, 2.48506844891803e-12]
	RefineElem[5: 9.49980000000000e+04, 4.82720000000000e+04, 4.82730000000000e+04, 4.57410000000000e+04, 2.48504676231412e-12]
	RefineElem[5: 6.55350000000000e+04, 1.88910000000000e+04, 1.88920000000000e+04, 1.88820000000000e+04, 2.48208696990723e-12]
	RefineElem[5: 8.64020000000000e+04, 4.54710000000000e+04, 3.88440000000000e+04, 2.54850000000000e+04, 2.48203726196365e-12]
	RefineElem[5: 9.49960000000000e+04, 4.57420000000000e+04, 4.82710000000000e+04, 4.82720000000000e+04, 2.48090817592644e-12]
	RefineElem[5: 7.30680000000000e+04, 4.19280000000000e+04, 1.32100000000000e+04, 1.32330000000000e+04, 2.47966586052580e-12]
	RefineElem[5: 6.33420000000000e+04, 1.51330000000000e+04, 1.51700000000000e+04, 1.51740000000000e+04, 2.47942950294279e-12]
	RefineElem[5: 4.98540000000000e+04, 3.95200000000000e+04, 3.84960000000000e+04, 3.95160000000000e+04, 2.47760120171623e-12]
	RefineElem[5: 7.05640000000000e+04, 3.93070000000000e+04, 2.27740000000000e+04, 4.13650000000000e+04, 2.47755611196258e-12]
	RefineElem[5: 5.34880000000000e+04, 3.70550000000000e+04, 3.70580000000000e+04, 3.70600000000000e+04, 2.47747013028260e-12]
	RefineElem[5: 7.49130000000000e+04, 4.23020000000000e+04, 4.23040000000000e+04, 4.23050000000000e+04, 2.47734090677730e-12]
	RefineElem[5: 7.02320000000000e+04, 2.57610000000000e+04, 4.12790000000000e+04, 2.50520000000000e+04, 2.47683836742975e-12]
	RefineElem[5: 8.46790000000000e+04, 1.10390000000000e+04, 1.10220000000000e+04, 4.47570000000000e+04, 2.47679691599861e-12]
	RefineElem[5: 7.41390000000000e+04, 4.21400000000000e+04, 2.39320000000000e+04, 2.14190000000000e+04, 2.47651726502458e-12]
	RefineElem[5: 3.88040000000000e+04, 1.65510000000000e+04, 1.65550000000000e+04, 1.65570000000000e+04, 2.47501460534689e-12]
	RefineElem[5: 6.62300000000000e+03, 6.65000000000000e+02, 6.21200000000000e+03, 6.20900000000000e+03, 2.47327325534027e-12]
	RefineElem[5: 7.43450000000000e+04, 9.65200000000000e+03, 9.65300000000000e+03, 4.21690000000000e+04, 2.47265732466766e-12]
	RefineElem[5: 8.30940000000000e+04, 4.18350000000000e+04, 4.18340000000000e+04, 4.43360000000000e+04, 2.47184384311121e-12]
	RefineElem[5: 6.35150000000000e+04, 2.78900000000000e+04, 2.91160000000000e+04, 2.41960000000000e+04, 2.47070342038824e-12]
	RefineElem[5: 6.19370000000000e+04, 3.90000000000000e+03, 3.81300000000000e+03, 5.82000000000000e+03, 2.46869861090260e-12]
	RefineElem[5: 7.56830000000000e+04, 4.24410000000000e+04, 1.35510000000000e+04, 1.44770000000000e+04, 2.46733658567866e-12]
	RefineElem[5: 5.21750000000000e+04, 2.04150000000000e+04, 2.03890000000000e+04, 2.03930000000000e+04, 2.46725642716410e-12]
	RefineElem[5: 9.00860000000000e+04, 2.49620000000000e+04, 4.46200000000000e+04, 4.67660000000000e+04, 2.46644721818772e-12]
	RefineElem[5: 5.07910000000000e+04, 6.01600000000000e+03, 4.78300000000000e+03, 5.99300000000000e+03, 2.46499399938577e-12]
	RefineElem[5: 7.16090000000000e+04, 8.06100000000000e+03, 7.36500000000000e+03, 4.16200000000000e+04, 2.46465214942994e-12]
	RefineElem[5: 5.30600000000000e+04, 3.47590000000000e+04, 3.47980000000000e+04, 3.47870000000000e+04, 2.46341820467221e-12]
	RefineElem[5: 1.00056000000000e+05, 4.94120000000000e+04, 4.94170000000000e+04, 4.99410000000000e+04, 2.46335900371478e-12]
	RefineElem[5: 9.99420000000000e+04, 4.99070000000000e+04, 4.99100000000000e+04, 3.47370000000000e+04, 2.46276659594549e-12]
	RefineElem[5: 7.27390000000000e+04, 4.18610000000000e+04, 2.30560000000000e+04, 2.06010000000000e+04, 2.46221257549369e-12]
	RefineElem[5: 7.27430000000000e+04, 2.05970000000000e+04, 2.30740000000000e+04, 4.18610000000000e+04, 2.46071882198160e-12]
	RefineElem[5: 8.66600000000000e+04, 2.42520000000000e+04, 2.42580000000000e+04, 4.56020000000000e+04, 2.46064861456711e-12]
	RefineElem[5: 7.88110000000000e+04, 2.76890000000000e+04, 4.10810000000000e+04, 4.31680000000000e+04, 2.45989729311582e-12]
	RefineElem[5: 7.89820000000000e+04, 4.32110000000000e+04, 4.06200000000000e+04, 2.65500000000000e+04, 2.45958250205061e-12]
	RefineElem[5: 6.87240000000000e+04, 2.39470000000000e+04, 4.08650000000000e+04, 2.39690000000000e+04, 2.45902215966861e-12]
	RefineElem[5: 1.91080000000000e+04, 1.72390000000000e+04, 1.72310000000000e+04, 1.72680000000000e+04, 2.45854283078018e-12]
	RefineElem[5: 9.68830000000000e+04, 4.89190000000000e+04, 4.89180000000000e+04, 4.89170000000000e+04, 2.45837029141432e-12]
	RefineElem[5: 7.11670000000000e+04, 2.54890000000000e+04, 2.54930000000000e+04, 4.15160000000000e+04, 2.45827751960962e-12]
	RefineElem[5: 7.78450000000000e+04, 2.65960000000000e+04, 4.13780000000000e+04, 4.29180000000000e+04, 2.45797737663141e-12]
	RefineElem[5: 8.01800000000000e+04, 2.31830000000000e+04, 4.35140000000000e+04, 4.35020000000000e+04, 2.45682316692040e-12]
	RefineElem[5: 6.32730000000000e+04, 1.33440000000000e+04, 1.32650000000000e+04, 1.32620000000000e+04, 2.45672934404434e-12]
	RefineElem[5: 4.16140000000000e+04, 2.74770000000000e+04, 2.74790000000000e+04, 2.00240000000000e+04, 2.45594358314972e-12]
	RefineElem[5: 7.43030000000000e+04, 1.26130000000000e+04, 4.21640000000000e+04, 1.46350000000000e+04, 2.45541649301740e-12]
	RefineElem[5: 7.31080000000000e+04, 6.08400000000000e+03, 4.19370000000000e+04, 2.70200000000000e+03, 2.45464487876336e-12]
	RefineElem[5: 1.06500000000000e+03, 1.55100000000000e+03, 1.55200000000000e+03, 1.51800000000000e+03, 2.45372165862808e-12]
	RefineElem[5: 9.17920000000000e+04, 4.53460000000000e+04, 4.45110000000000e+04, 4.72870000000000e+04, 2.45255762318223e-12]
	RefineElem[5: 9.66890000000000e+04, 2.36040000000000e+04, 2.36010000000000e+04, 4.88360000000000e+04, 2.45245151058293e-12]
	RefineElem[5: 4.41500000000000e+04, 2.11500000000000e+04, 2.87490000000000e+04, 2.87720000000000e+04, 2.45223313593715e-12]
	RefineElem[5: 8.10170000000000e+04, 7.26000000000000e+03, 7.30000000000000e+03, 4.37630000000000e+04, 2.45142593612742e-12]
	RefineElem[5: 3.56270000000000e+04, 3.47570000000000e+04, 3.47790000000000e+04, 3.48220000000000e+04, 2.45015643821123e-12]
	RefineElem[5: 9.59310000000000e+04, 4.85560000000000e+04, 4.85610000000000e+04, 4.85650000000000e+04, 2.44822924073129e-12]
	RefineElem[5: 5.58100000000000e+04, 2.62580000000000e+04, 2.45830000000000e+04, 2.46550000000000e+04, 2.44774261999686e-12]
	RefineElem[5: 1.00107000000000e+05, 4.99540000000000e+04, 4.99530000000000e+04, 4.83420000000000e+04, 2.44765618950239e-12]
	RefineElem[5: 7.11290000000000e+04, 2.82960000000000e+04, 2.57440000000000e+04, 4.15070000000000e+04, 2.44741560461290e-12]
	RefineElem[5: 9.34820000000000e+04, 4.77850000000000e+04, 2.91450000000000e+04, 2.91460000000000e+04, 2.44738622521059e-12]
	RefineElem[5: 5.25430000000000e+04, 2.57670000000000e+04, 2.57790000000000e+04, 2.57800000000000e+04, 2.44676878245515e-12]
	RefineElem[5: 5.34700000000000e+04, 3.70320000000000e+04, 3.70360000000000e+04, 3.70310000000000e+04, 2.44518233423079e-12]
	RefineElem[5: 1.00950000000000e+05, 3.41180000000000e+04, 3.41200000000000e+04, 5.02070000000000e+04, 2.44439211622090e-12]
	RefineElem[5: 7.10790000000000e+04, 4.15000000000000e+04, 2.53020000000000e+04, 2.52540000000000e+04, 2.44420987376195e-12]
	RefineElem[5: 7.43040000000000e+04, 4.21640000000000e+04, 1.26240000000000e+04, 1.46360000000000e+04, 2.44331024328160e-12]
	RefineElem[5: 7.28940000000000e+04, 4.18830000000000e+04, 2.03440000000000e+04, 2.03470000000000e+04, 2.44193445048315e-12]
	RefineElem[5: 7.86040000000000e+04, 4.14190000000000e+04, 4.14180000000000e+04, 4.31280000000000e+04, 2.44193169890926e-12]
	RefineElem[5: 1.79850000000000e+04, 1.31540000000000e+04, 1.31720000000000e+04, 1.51640000000000e+04, 2.43831821183384e-12]
	RefineElem[5: 7.05810000000000e+04, 4.13710000000000e+04, 1.35110000000000e+04, 1.34800000000000e+04, 2.43792671234754e-12]
	RefineElem[5: 7.16100000000000e+04, 2.03550000000000e+04, 4.16210000000000e+04, 2.03610000000000e+04, 2.43685995662364e-12]
	RefineElem[5: 8.21490000000000e+04, 4.36190000000000e+04, 4.04670000000000e+04, 4.40680000000000e+04, 2.43505576134257e-12]
	RefineElem[5: 8.10480000000000e+04, 4.37790000000000e+04, 4.37780000000000e+04, 4.37740000000000e+04, 2.43377538564872e-12]
	RefineElem[5: 8.20890000000000e+04, 1.25920000000000e+04, 1.46040000000000e+04, 4.40540000000000e+04, 2.43354381250273e-12]
	RefineElem[5: 6.55310000000000e+04, 1.88590000000000e+04, 1.88600000000000e+04, 1.88500000000000e+04, 2.43194761677986e-12]
	RefineElem[5: 6.15940000000000e+04, 2.75410000000000e+04, 2.75360000000000e+04, 2.75640000000000e+04, 2.43122095019108e-12]
	RefineElem[5: 7.82080000000000e+04, 4.30200000000000e+04, 4.12910000000000e+04, 1.98270000000000e+04, 2.43118675162108e-12]
	RefineElem[5: 6.16730000000000e+04, 3.81400000000000e+03, 3.82200000000000e+03, 5.10400000000000e+03, 2.43060949542805e-12]
	RefineElem[5: 6.95080000000000e+04, 4.10860000000000e+04, 4.10850000000000e+04, 2.79360000000000e+04, 2.43060420659683e-12]
	RefineElem[5: 8.31260000000000e+04, 2.91430000000000e+04, 4.22890000000000e+04, 4.43430000000000e+04, 2.42961769312553e-12]
	RefineElem[5: 2.40900000000000e+03, 6.10700000000000e+03, 6.11100000000000e+03, 3.57400000000000e+03, 2.42945497744996e-12]
	RefineElem[5: 1.47180000000000e+04, 9.48200000000000e+03, 9.48600000000000e+03, 1.17620000000000e+04, 2.42842733023326e-12]
	RefineElem[5: 7.88330000000000e+04, 4.31750000000000e+04, 4.05640000000000e+04, 4.05630000000000e+04, 2.42819461323302e-12]
	RefineElem[5: 8.08650000000000e+04, 4.37100000000000e+04, 4.11560000000000e+04, 4.11570000000000e+04, 2.42580653860394e-12]
	RefineElem[5: 7.20990000000000e+04, 2.00680000000000e+04, 4.07060000000000e+04, 4.17220000000000e+04, 2.42518007681374e-12]
	RefineElem[5: 9.57080000000000e+04, 4.84960000000000e+04, 4.84630000000000e+04, 4.84650000000000e+04, 2.42256882387635e-12]
	RefineElem[5: 8.20860000000000e+04, 4.40540000000000e+04, 1.45850000000000e+04, 1.25820000000000e+04, 2.42100315045197e-12]
	RefineElem[5: 6.18450000000000e+04, 3.40900000000000e+03, 1.02200000000000e+03, 3.41600000000000e+03, 2.42083792092584e-12]
	RefineElem[5: 7.86110000000000e+04, 4.31300000000000e+04, 4.07640000000000e+04, 2.82340000000000e+04, 2.42038077132364e-12]
	RefineElem[5: 1.00108000000000e+05, 4.07420000000000e+04, 4.99530000000000e+04, 4.99540000000000e+04, 2.41992630520460e-12]
	RefineElem[5: 6.25870000000000e+04, 2.05330000000000e+04, 2.04840000000000e+04, 2.04240000000000e+04, 2.41902557270603e-12]
	RefineElem[5: 6.34250000000000e+04, 2.21100000000000e+04, 2.21640000000000e+04, 2.22020000000000e+04, 2.41780708754114e-12]
	RefineElem[5: 5.99860000000000e+04, 2.58960000000000e+04, 2.58970000000000e+04, 2.47550000000000e+04, 2.41546663250661e-12]
	RefineElem[5: 7.63100000000000e+04, 4.26090000000000e+04, 1.95170000000000e+04, 1.93670000000000e+04, 2.41502863050513e-12]
	RefineElem[5: 7.36650000000000e+04, 2.68250000000000e+04, 4.20470000000000e+04, 2.68300000000000e+04, 2.41401737260250e-12]
	RefineElem[5: 6.15540000000000e+04, 2.69550000000000e+04, 2.69860000000000e+04, 2.69140000000000e+04, 2.41389843553818e-12]
	RefineElem[5: 8.29090000000000e+04, 4.04150000000000e+04, 4.42780000000000e+04, 4.42770000000000e+04, 2.40968980850745e-12]
	RefineElem[5: 6.85740000000000e+04, 4.08150000000000e+04, 2.11330000000000e+04, 2.11310000000000e+04, 2.40898479411443e-12]
	RefineElem[5: 7.01220000000000e+04, 3.92980000000000e+04, 1.93050000000000e+04, 4.12550000000000e+04, 2.40841084018641e-12]
	RefineElem[5: 7.10490000000000e+04, 1.95180000000000e+04, 4.14920000000000e+04, 4.04850000000000e+04, 2.40679963511906e-12]
	RefineElem[5: 1.68700000000000e+03, 3.83400000000000e+03, 3.81500000000000e+03, 3.81600000000000e+03, 2.40665378076667e-12]
	RefineElem[5: 7.31100000000000e+04, 4.19370000000000e+04, 4.88100000000000e+03, 2.67100000000000e+03, 2.40437176696041e-12]
	RefineElem[5: 3.58520000000000e+04, 3.87170000000000e+04, 3.50400000000000e+04, 3.50570000000000e+04, 2.40433021589544e-12]
	RefineElem[5: 6.90690000000000e+04, 4.09640000000000e+04, 3.47350000000000e+04, 3.47360000000000e+04, 2.40321852054635e-12]
	RefineElem[5: 7.05510000000000e+04, 3.94500000000000e+03, 3.92800000000000e+03, 4.13630000000000e+04, 2.40233083847917e-12]
	RefineElem[5: 1.79360000000000e+04, 1.54410000000000e+04, 1.53990000000000e+04, 1.34680000000000e+04, 2.40202959009132e-12]
	RefineElem[5: 6.77550000000000e+04, 2.17020000000000e+04, 3.92220000000000e+04, 4.05260000000000e+04, 2.39989052556978e-12]
	RefineElem[5: 2.55010000000000e+04, 2.75730000000000e+04, 2.82930000000000e+04, 2.82910000000000e+04, 2.39817706566752e-12]
	RefineElem[5: 6.78310000000000e+04, 4.05540000000000e+04, 4.05590000000000e+04, 4.05580000000000e+04, 2.39786041273199e-12]
	RefineElem[5: 7.53640000000000e+04, 2.73590000000000e+04, 4.14280000000000e+04, 4.23690000000000e+04, 2.39713603139136e-12]
	RefineElem[5: 7.56250000000000e+04, 2.83960000000000e+04, 4.24280000000000e+04, 2.71030000000000e+04, 2.39672828355309e-12]
	RefineElem[5: 6.42370000000000e+04, 1.62190000000000e+04, 1.62200000000000e+04, 1.62580000000000e+04, 2.39152433934859e-12]
	RefineElem[5: 9.90140000000000e+04, 4.96350000000000e+04, 4.03730000000000e+04, 4.88730000000000e+04, 2.38991083546475e-12]
	RefineElem[5: 5.92890000000000e+04, 2.49130000000000e+04, 2.48930000000000e+04, 2.61530000000000e+04, 2.38950249566863e-12]
	RefineElem[5: 7.43270000000000e+04, 4.09900000000000e+04, 2.28630000000000e+04, 4.21670000000000e+04, 2.38882317792782e-12]
	RefineElem[5: 9.30000000000000e+03, 8.89300000000000e+03, 8.90500000000000e+03, 8.65000000000000e+03, 2.38784675120013e-12]
	RefineElem[5: 9.82490000000000e+04, 4.94200000000000e+04, 4.94190000000000e+04, 4.54870000000000e+04, 2.38743566395244e-12]
	RefineElem[5: 8.52240000000000e+04, 4.49220000000000e+04, 2.35980000000000e+04, 2.36010000000000e+04, 2.38712340525628e-12]
	RefineElem[5: 6.79240000000000e+04, 2.27350000000000e+04, 3.88020000000000e+04, 4.05880000000000e+04, 2.38620146882358e-12]
	RefineElem[5: 6.81790000000000e+04, 1.00560000000000e+04, 4.06690000000000e+04, 1.14050000000000e+04, 2.38479909158440e-12]
	RefineElem[5: 6.00340000000000e+04, 2.29760000000000e+04, 2.29740000000000e+04, 2.31310000000000e+04, 2.38395837696007e-12]
	RefineElem[5: 7.09680000000000e+04, 2.77200000000000e+03, 4.12340000000000e+04, 4.14710000000000e+04, 2.38270359539983e-12]
	RefineElem[5: 6.02820000000000e+04, 2.56500000000000e+03, 2.56600000000000e+03, 1.73600000000000e+03, 2.38053255149898e-12]
	RefineElem[5: 6.48890000000000e+04, 3.89700000000000e+04, 3.47160000000000e+04, 3.47170000000000e+04, 2.37994665415424e-12]
	RefineElem[5: 7.21430000000000e+04, 4.17340000000000e+04, 3.82500000000000e+03, 3.72000000000000e+03, 2.37968887430247e-12]
	RefineElem[5: 7.30950000000000e+04, 4.10040000000000e+04, 1.45270000000000e+04, 4.19350000000000e+04, 2.37812152416297e-12]
	RefineElem[5: 5.98800000000000e+04, 2.56700000000000e+03, 2.49100000000000e+03, 2.49900000000000e+03, 2.37765344187075e-12]
	RefineElem[5: 7.26900000000000e+04, 2.05830000000000e+04, 2.04230000000000e+04, 4.18480000000000e+04, 2.37724994693969e-12]
	RefineElem[5: 6.70080000000000e+04, 4.02040000000000e+04, 3.99310000000000e+04, 3.99330000000000e+04, 2.37664879196932e-12]
	RefineElem[5: 5.23600000000000e+04, 2.28150000000000e+04, 2.28130000000000e+04, 2.28320000000000e+04, 2.37581201360563e-12]
	RefineElem[5: 8.64900000000000e+04, 2.79310000000000e+04, 4.55090000000000e+04, 4.55140000000000e+04, 2.37574836245029e-12]
	RefineElem[5: 8.98590000000000e+04, 2.55410000000000e+04, 4.04720000000000e+04, 4.67130000000000e+04, 2.37482169833355e-12]
	RefineElem[5: 6.50940000000000e+04, 2.88720000000000e+04, 2.90070000000000e+04, 2.90080000000000e+04, 2.37321205513350e-12]
	RefineElem[5: 5.55970000000000e+04, 2.07290000000000e+04, 2.07280000000000e+04, 2.07410000000000e+04, 2.37105103655227e-12]
	RefineElem[5: 5.84800000000000e+04, 8.78300000000000e+03, 8.78200000000000e+03, 8.68200000000000e+03, 2.37044414279170e-12]
	RefineElem[5: 6.89840000000000e+04, 4.09460000000000e+04, 9.68700000000000e+03, 9.68900000000000e+03, 2.36719167062325e-12]
	RefineElem[5: 6.78350000000000e+04, 2.58470000000000e+04, 4.05610000000000e+04, 4.05600000000000e+04, 2.36547321743477e-12]
	RefineElem[5: 5.54010000000000e+04, 1.49300000000000e+04, 1.49260000000000e+04, 1.49120000000000e+04, 2.36470280560070e-12]
	RefineElem[5: 5.39690000000000e+04, 3.72360000000000e+04, 3.72320000000000e+04, 3.72340000000000e+04, 2.36430247325786e-12]
	RefineElem[5: 7.00400000000000e+04, 4.12370000000000e+04, 2.53210000000000e+04, 4.12360000000000e+04, 2.36360302433138e-12]
	RefineElem[5: 1.14400000000000e+03, 1.81100000000000e+03, 1.81900000000000e+03, 6.80000000000000e+02, 2.36169568156518e-12]
	RefineElem[5: 6.70690000000000e+04, 4.02170000000000e+04, 3.78530000000000e+04, 3.98170000000000e+04, 2.36126892195682e-12]
	RefineElem[5: 8.06930000000000e+04, 4.36490000000000e+04, 4.17290000000000e+04, 9.85400000000000e+03, 2.36058707360821e-12]
	RefineElem[5: 7.22370000000000e+04, 2.42010000000000e+04, 2.42000000000000e+04, 4.17500000000000e+04, 2.36049009845448e-12]
	RefineElem[5: 7.06360000000000e+04, 3.47550000000000e+04, 3.48270000000000e+04, 4.13840000000000e+04, 2.36044326524281e-12]
	RefineElem[5: 8.33860000000000e+04, 2.22300000000000e+04, 4.44130000000000e+04, 4.44140000000000e+04, 2.36023884426714e-12]
	RefineElem[5: 4.87510000000000e+04, 3.95970000000000e+04, 3.78010000000000e+04, 3.95920000000000e+04, 2.35809497123628e-12]
	RefineElem[5: 7.96470000000000e+04, 4.33620000000000e+04, 2.58010000000000e+04, 4.33610000000000e+04, 2.35557128455401e-12]
	RefineElem[5: 7.87300000000000e+04, 2.26210000000000e+04, 2.26950000000000e+04, 4.31540000000000e+04, 2.35410852323025e-12]
	RefineElem[5: 7.33100000000000e+04, 1.26060000000000e+04, 1.26120000000000e+04, 1.26150000000000e+04, 2.35408618593835e-12]
	RefineElem[5: 5.18190000000000e+04, 1.52360000000000e+04, 1.51850000000000e+04, 1.52480000000000e+04, 2.35203218557806e-12]
	RefineElem[5: 6.83320000000000e+04, 4.07190000000000e+04, 2.15910000000000e+04, 2.15810000000000e+04, 2.34981130876191e-12]
	RefineElem[5: 7.86650000000000e+04, 4.31440000000000e+04, 4.16100000000000e+04, 4.11350000000000e+04, 2.34887269753762e-12]
	RefineElem[5: 9.68800000000000e+04, 4.89180000000000e+04, 4.25940000000000e+04, 4.89150000000000e+04, 2.34824371329210e-12]
	RefineElem[5: 5.56990000000000e+04, 2.23270000000000e+04, 2.22180000000000e+04, 2.22450000000000e+04, 2.34722296131829e-12]
	RefineElem[5: 6.79590000000000e+04, 4.05940000000000e+04, 9.63400000000000e+03, 9.63500000000000e+03, 2.34717878763199e-12]
	RefineElem[5: 7.77880000000000e+04, 2.25690000000000e+04, 2.25510000000000e+04, 4.29110000000000e+04, 2.34605407307182e-12]
	RefineElem[5: 6.90950000000000e+04, 4.08150000000000e+04, 2.11310000000000e+04, 4.09670000000000e+04, 2.34520554175617e-12]
	RefineElem[5: 9.52180000000000e+04, 4.83410000000000e+04, 4.50140000000000e+04, 4.83380000000000e+04, 2.34448817897910e-12]
	RefineElem[5: 9.58300000000000e+04, 2.71700000000000e+04, 4.42240000000000e+04, 4.85340000000000e+04, 2.34444118391293e-12]
	RefineElem[5: 6.84730000000000e+04, 3.92870000000000e+04, 4.07800000000000e+04, 2.77880000000000e+04, 2.34421482511014e-12]
	RefineElem[5: 7.33090000000000e+04, 1.26150000000000e+04, 4.19660000000000e+04, 1.26060000000000e+04, 2.34146237019738e-12]
	RefineElem[5: 7.08300000000000e+04, 2.02090000000000e+04, 2.02080000000000e+04, 4.14350000000000e+04, 2.34117907341451e-12]
	RefineElem[5: 7.49510000000000e+04, 2.46560000000000e+04, 4.23120000000000e+04, 2.62560000000000e+04, 2.33874081354781e-12]
	RefineElem[5: 6.95400000000000e+04, 1.67720000000000e+04, 1.67740000000000e+04, 4.11000000000000e+04, 2.33844791379076e-12]
	RefineElem[5: 7.22830000000000e+04, 4.17590000000000e+04, 4.17370000000000e+04, 4.17580000000000e+04, 2.33751180125164e-12]
	RefineElem[5: 9.59880000000000e+04, 4.85820000000000e+04, 4.55330000000000e+04, 2.67230000000000e+04, 2.33728559005881e-12]
	RefineElem[5: 9.50500000000000e+04, 4.82870000000000e+04, 2.82750000000000e+04, 2.82760000000000e+04, 2.33613089001014e-12]
	RefineElem[5: 1.48490000000000e+04, 1.16820000000000e+04, 1.16800000000000e+04, 9.54600000000000e+03, 2.33491764530034e-12]
	RefineElem[5: 5.90460000000000e+04, 8.34900000000000e+03, 8.32700000000000e+03, 8.32800000000000e+03, 2.33314795231906e-12]
	RefineElem[5: 4.78700000000000e+04, 3.73660000000000e+04, 3.94720000000000e+04, 3.94700000000000e+04, 2.33256606153127e-12]
	RefineElem[5: 9.99310000000000e+04, 4.85610000000000e+04, 4.99050000000000e+04, 4.99060000000000e+04, 2.33196861232281e-12]
	RefineElem[5: 6.50860000000000e+04, 3.91960000000000e+04, 2.88870000000000e+04, 2.69100000000000e+04, 2.33034097653511e-12]
	RefineElem[5: 7.10380000000000e+04, 2.58040000000000e+04, 4.14880000000000e+04, 4.14890000000000e+04, 2.33011171855072e-12]
	RefineElem[5: 5.86100000000000e+04, 1.44280000000000e+04, 1.34990000000000e+04, 1.35040000000000e+04, 2.32944138625047e-12]
	RefineElem[5: 1.49810000000000e+04, 1.16130000000000e+04, 9.65700000000000e+03, 9.66600000000000e+03, 2.32902784135188e-12]
	RefineElem[5: 7.26890000000000e+04, 2.04230000000000e+04, 3.93230000000000e+04, 4.18480000000000e+04, 2.32631095936677e-12]
	RefineElem[5: 8.65700000000000e+04, 4.55480000000000e+04, 4.29030000000000e+04, 2.16180000000000e+04, 2.32571518092481e-12]
	RefineElem[5: 7.28810000000000e+04, 1.25440000000000e+04, 4.18820000000000e+04, 1.25390000000000e+04, 2.32550509056514e-12]
	RefineElem[5: 9.50660000000000e+04, 4.82920000000000e+04, 4.04630000000000e+04, 4.57480000000000e+04, 2.32370018003654e-12]
	RefineElem[5: 7.15560000000000e+04, 2.74750000000000e+04, 2.86710000000000e+04, 4.16100000000000e+04, 2.32329095291707e-12]
	RefineElem[5: 6.96310000000000e+04, 4.11130000000000e+04, 9.95600000000000e+03, 9.97000000000000e+03, 2.32146780315084e-12]
	RefineElem[5: 9.50630000000000e+04, 4.82910000000000e+04, 4.82920000000000e+04, 4.57490000000000e+04, 2.32137169771252e-12]
	RefineElem[5: 8.66910000000000e+04, 4.29030000000000e+04, 4.23380000000000e+04, 4.56240000000000e+04, 2.32021252050197e-12]
	RefineElem[5: 7.38360000000000e+04, 3.40260000000000e+04, 4.18580000000000e+04, 4.20860000000000e+04, 2.32015473095196e-12]
	RefineElem[5: 6.99310000000000e+04, 1.22250000000000e+04, 4.12000000000000e+04, 1.22400000000000e+04, 2.32014927826808e-12]
	RefineElem[5: 7.88280000000000e+04, 4.31730000000000e+04, 4.05620000000000e+04, 4.05610000000000e+04, 2.31925174137645e-12]
	RefineElem[5: 7.12950000000000e+04, 4.15440000000000e+04, 4.03960000000000e+04, 4.06150000000000e+04, 2.31780655964733e-12]
	RefineElem[5: 6.77810000000000e+04, 4.05340000000000e+04, 2.57620000000000e+04, 2.57580000000000e+04, 2.31732697469158e-12]
	RefineElem[5: 8.69180000000000e+04, 4.57990000000000e+04, 4.08440000000000e+04, 4.53240000000000e+04, 2.31526775646121e-12]
	RefineElem[5: 5.79360000000000e+04, 2.64650000000000e+04, 2.64660000000000e+04, 2.43280000000000e+04, 2.31376562655574e-12]
	RefineElem[5: 6.38400000000000e+04, 4.36400000000000e+03, 5.90700000000000e+03, 4.36500000000000e+03, 2.31267333418555e-12]
	RefineElem[5: 2.18870000000000e+04, 2.02740000000000e+04, 2.02760000000000e+04, 2.02370000000000e+04, 2.31111232874808e-12]
	RefineElem[5: 1.79430000000000e+04, 1.26460000000000e+04, 1.26600000000000e+04, 1.46920000000000e+04, 2.31080715253468e-12]
	RefineElem[5: 9.48750000000000e+04, 4.09400000000000e+04, 4.09390000000000e+04, 4.82300000000000e+04, 2.31031813406773e-12]
	RefineElem[5: 7.08410000000000e+04, 4.14380000000000e+04, 2.44350000000000e+04, 2.63190000000000e+04, 2.31002140490589e-12]
	RefineElem[5: 9.64110000000000e+04, 4.55360000000000e+04, 4.55350000000000e+04, 4.87180000000000e+04, 2.30884415229660e-12]
	RefineElem[5: 6.88870000000000e+04, 4.09260000000000e+04, 2.11770000000000e+04, 2.11740000000000e+04, 2.30793309022278e-12]
	RefineElem[5: 6.97030000000000e+04, 4.11270000000000e+04, 2.48550000000000e+04, 4.09320000000000e+04, 2.30759179469318e-12]
	RefineElem[5: 4.98340000000000e+04, 3.84980000000000e+04, 3.84860000000000e+04, 3.84890000000000e+04, 2.30698211135394e-12]
	RefineElem[5: 8.99780000000000e+04, 2.41510000000000e+04, 4.67410000000000e+04, 2.41530000000000e+04, 2.30673533626027e-12]
	RefineElem[5: 6.54310000000000e+04, 1.88430000000000e+04, 1.88610000000000e+04, 1.88620000000000e+04, 2.30641565618609e-12]
	RefineElem[5: 1.00116000000000e+05, 4.99550000000000e+04, 4.99560000000000e+04, 3.50030000000000e+04, 2.30617006202207e-12]
	RefineElem[5: 7.98690000000000e+04, 4.19660000000000e+04, 4.34440000000000e+04, 1.42880000000000e+04, 2.30562105800596e-12]
	RefineElem[5: 1.79320000000000e+04, 1.46490000000000e+04, 1.46360000000000e+04, 1.26240000000000e+04, 2.30551984347204e-12]
	RefineElem[5: 6.26140000000000e+04, 3.90540000000000e+04, 2.38690000000000e+04, 2.38700000000000e+04, 2.30509464872712e-12]
	RefineElem[5: 7.87610000000000e+04, 4.31570000000000e+04, 2.52680000000000e+04, 2.53090000000000e+04, 2.30321470438170e-12]
	RefineElem[5: 6.79320000000000e+04, 4.05900000000000e+04, 2.46390000000000e+04, 2.45400000000000e+04, 2.30102255896183e-12]
	RefineElem[5: 9.15310000000000e+04, 4.72090000000000e+04, 1.92160000000000e+04, 4.09400000000000e+04, 2.29842430813794e-12]
	RefineElem[5: 9.11440000000000e+04, 4.70810000000000e+04, 4.29550000000000e+04, 3.60560000000000e+04, 2.29657529644695e-12]
	RefineElem[5: 5.04480000000000e+04, 2.69800000000000e+03, 2.67100000000000e+03, 2.71700000000000e+03, 2.29625205763604e-12]
	RefineElem[5: 8.56600000000000e+04, 4.51350000000000e+04, 4.51120000000000e+04, 4.51130000000000e+04, 2.29619742435882e-12]
	RefineElem[5: 8.40270000000000e+04, 1.98730000000000e+04, 1.98800000000000e+04, 4.46050000000000e+04, 2.29553707058319e-12]
	RefineElem[5: 5.07390000000000e+04, 5.65400000000000e+03, 5.62100000000000e+03, 5.64000000000000e+03, 2.29146123762970e-12]
	RefineElem[5: 7.28570000000000e+04, 4.18780000000000e+04, 2.39550000000000e+04, 4.06170000000000e+04, 2.29103286924392e-12]
	RefineElem[5: 7.19100000000000e+04, 2.06060000000000e+04, 2.30410000000000e+04, 4.16880000000000e+04, 2.28863797628874e-12]
	RefineElem[5: 7.21310000000000e+04, 4.09810000000000e+04, 1.98360000000000e+04, 4.17320000000000e+04, 2.28858177800431e-12]
	RefineElem[5: 6.39240000000000e+04, 1.99530000000000e+04, 2.00180000000000e+04, 1.99800000000000e+04, 2.28854746262798e-12]
	RefineElem[5: 8.26130000000000e+04, 1.64350000000000e+04, 1.44810000000000e+04, 4.42230000000000e+04, 2.28643230888260e-12]
	RefineElem[5: 6.50950000000000e+04, 2.88720000000000e+04, 2.90110000000000e+04, 2.90070000000000e+04, 2.28603520382841e-12]
	RefineElem[5: 8.43220000000000e+04, 4.46800000000000e+04, 4.46840000000000e+04, 4.46850000000000e+04, 2.28541792177587e-12]
	RefineElem[5: 6.88610000000000e+04, 4.09160000000000e+04, 3.49670000000000e+04, 3.50250000000000e+04, 2.28514638088228e-12]
	RefineElem[5: 7.94760000000000e+04, 4.33190000000000e+04, 6.67000000000000e+02, 3.57500000000000e+03, 2.28428356162326e-12]
	RefineElem[5: 9.21300000000000e+04, 4.73910000000000e+04, 4.73900000000000e+04, 4.17260000000000e+04, 2.28220340885578e-12]
	RefineElem[5: 8.25430000000000e+04, 4.06960000000000e+04, 4.41950000000000e+04, 4.41960000000000e+04, 2.28184931489673e-12]
	RefineElem[5: 7.35330000000000e+04, 2.81080000000000e+04, 2.81070000000000e+04, 4.20150000000000e+04, 2.28133738787375e-12]
	RefineElem[5: 2.21960000000000e+04, 2.19550000000000e+04, 2.19160000000000e+04, 2.19230000000000e+04, 2.28131369615972e-12]
	RefineElem[5: 7.87730000000000e+04, 4.10400000000000e+04, 2.01760000000000e+04, 4.31580000000000e+04, 2.28126401171697e-12]
	RefineElem[5: 7.62810000000000e+04, 2.19650000000000e+04, 2.19260000000000e+04, 4.25930000000000e+04, 2.28105900347511e-12]
	RefineElem[5: 7.12180000000000e+04, 4.15260000000000e+04, 1.00010000000000e+04, 1.00020000000000e+04, 2.27770512324094e-12]
	RefineElem[5: 7.39180000000000e+04, 4.21020000000000e+04, 1.97320000000000e+04, 1.97280000000000e+04, 2.27698265187588e-12]
	RefineElem[5: 5.42040000000000e+04, 1.77000000000000e+02, 1.53000000000000e+02, 1.56000000000000e+02, 2.27635821205718e-12]
	RefineElem[5: 7.90740000000000e+04, 1.30670000000000e+04, 4.17540000000000e+04, 4.32390000000000e+04, 2.27325753257153e-12]
	RefineElem[5: 7.75570000000000e+04, 4.28530000000000e+04, 2.69220000000000e+04, 2.70050000000000e+04, 2.27307507173631e-12]
	RefineElem[5: 6.77170000000000e+04, 4.05190000000000e+04, 7.12000000000000e+02, 7.22000000000000e+02, 2.27174084353527e-12]
	RefineElem[5: 9.82480000000000e+04, 4.94190000000000e+04, 4.94200000000000e+04, 4.07370000000000e+04, 2.26911406635552e-12]
	RefineElem[5: 3.57170000000000e+04, 3.48230000000000e+04, 3.48210000000000e+04, 3.84900000000000e+04, 2.26890785711498e-12]
	RefineElem[5: 7.00790000000000e+04, 4.12470000000000e+04, 1.94790000000000e+04, 1.94900000000000e+04, 2.26814853417496e-12]
	RefineElem[5: 5.87100000000000e+04, 2.06430000000000e+04, 2.03130000000000e+04, 3.91460000000000e+04, 2.26694963688783e-12]
	RefineElem[5: 5.16960000000000e+04, 1.43670000000000e+04, 1.39460000000000e+04, 1.39480000000000e+04, 2.26653703567835e-12]
	RefineElem[5: 7.03050000000000e+04, 4.12940000000000e+04, 4.12930000000000e+04, 2.50510000000000e+04, 2.26633689492927e-12]
	RefineElem[5: 8.26100000000000e+04, 4.42230000000000e+04, 1.35280000000000e+04, 1.54760000000000e+04, 2.26511844488469e-12]
	RefineElem[5: 9.41740000000000e+04, 2.36170000000000e+04, 4.56970000000000e+04, 4.80070000000000e+04, 2.26317592828630e-12]
	RefineElem[5: 8.34660000000000e+04, 4.44300000000000e+04, 2.68000000000000e+04, 4.06730000000000e+04, 2.26226002505688e-12]
	RefineElem[5: 2.73450000000000e+04, 3.90340000000000e+04, 2.63300000000000e+04, 2.43280000000000e+04, 2.26193319785901e-12]
	RefineElem[5: 4.98280000000000e+04, 3.95430000000000e+04, 3.84790000000000e+04, 3.95290000000000e+04, 2.26035759350200e-12]
	RefineElem[5: 8.65300000000000e+04, 4.55310000000000e+04, 4.55300000000000e+04, 4.04910000000000e+04, 2.25936900864225e-12]
	RefineElem[5: 9.38810000000000e+04, 4.79070000000000e+04, 9.92000000000000e+02, 3.00200000000000e+03, 2.25873221982548e-12]
	RefineElem[5: 7.47120000000000e+04, 3.49100000000000e+04, 4.14780000000000e+04, 4.22510000000000e+04, 2.25861321640467e-12]
	RefineElem[5: 8.25100000000000e+04, 3.60450000000000e+04, 4.14030000000000e+04, 4.41830000000000e+04, 2.25848014777700e-12]
	RefineElem[5: 5.60290000000000e+04, 2.78180000000000e+04, 2.78270000000000e+04, 2.81620000000000e+04, 2.25601645901897e-12]
	RefineElem[5: 1.79780000000000e+04, 1.46350000000000e+04, 1.46040000000000e+04, 1.25920000000000e+04, 2.25499021621884e-12]
	RefineElem[5: 1.53740000000000e+04, 1.28240000000000e+04, 1.28190000000000e+04, 1.28170000000000e+04, 2.25370069215148e-12]
	RefineElem[5: 9.49920000000000e+04, 4.57430000000000e+04, 4.04090000000000e+04, 4.82700000000000e+04, 2.25316932868384e-12]
	RefineElem[5: 8.38240000000000e+04, 4.45400000000000e+04, 2.86150000000000e+04, 2.86740000000000e+04, 2.25314472532604e-12]
	RefineElem[5: 9.16780000000000e+04, 4.72520000000000e+04, 2.65150000000000e+04, 2.64840000000000e+04, 2.24899775776036e-12]
	RefineElem[5: 7.18860000000000e+04, 4.16840000000000e+04, 9.65200000000000e+03, 9.64900000000000e+03, 2.24868511766687e-12]
	RefineElem[5: 8.24190000000000e+04, 4.41520000000000e+04, 1.35160000000000e+04, 1.25110000000000e+04, 2.24779160630099e-12]
	RefineElem[5: 8.00690000000000e+04, 4.34850000000000e+04, 2.31380000000000e+04, 2.31360000000000e+04, 2.24413691137068e-12]
	RefineElem[5: 9.49940000000000e+04, 4.57420000000000e+04, 4.82700000000000e+04, 4.82710000000000e+04, 2.24403862330495e-12]
	RefineElem[5: 5.53320000000000e+04, 1.39520000000000e+04, 1.29600000000000e+04, 1.43660000000000e+04, 2.24167148750989e-12]
	RefineElem[5: 1.83650000000000e+04, 1.67570000000000e+04, 1.67560000000000e+04, 1.67600000000000e+04, 2.24053381154385e-12]
	RefineElem[5: 6.90380000000000e+04, 2.52490000000000e+04, 4.04770000000000e+04, 4.09590000000000e+04, 2.23990121302149e-12]
	RefineElem[5: 6.89970000000000e+04, 4.09490000000000e+04, 3.94660000000000e+04, 3.94670000000000e+04, 2.23937668182815e-12]
	RefineElem[5: 8.81220000000000e+04, 4.62190000000000e+04, 1.00090000000000e+04, 4.36170000000000e+04, 2.23628550883002e-12]
	RefineElem[5: 1.60370000000000e+04, 1.49600000000000e+04, 1.49180000000000e+04, 1.49580000000000e+04, 2.23446591479551e-12]
	RefineElem[5: 7.01970000000000e+04, 4.12730000000000e+04, 3.49970000000000e+04, 4.12690000000000e+04, 2.23438412230420e-12]
	RefineElem[5: 3.46100000000000e+04, 3.40840000000000e+04, 3.40860000000000e+04, 3.40870000000000e+04, 2.23388089467621e-12]
	RefineElem[5: 6.03160000000000e+04, 3.59800000000000e+03, 3.58800000000000e+03, 4.54300000000000e+03, 2.23377580398021e-12]
	RefineElem[5: 7.12170000000000e+04, 1.00020000000000e+04, 1.00110000000000e+04, 4.15260000000000e+04, 2.23326901194557e-12]
	RefineElem[5: 7.19060000000000e+04, 4.16880000000000e+04, 2.30430000000000e+04, 2.06040000000000e+04, 2.23313597973071e-12]
	RefineElem[5: 5.40820000000000e+04, 3.78070000000000e+04, 3.78100000000000e+04, 3.78030000000000e+04, 2.23158756655746e-12]
	RefineElem[5: 8.00380000000000e+04, 4.34810000000000e+04, 2.82800000000000e+03, 2.83700000000000e+03, 2.23089463862258e-12]
	RefineElem[5: 9.43980000000000e+04, 2.07120000000000e+04, 2.32320000000000e+04, 4.80850000000000e+04, 2.23043756545471e-12]
	RefineElem[5: 6.86360000000000e+04, 4.08370000000000e+04, 3.48030000000000e+04, 3.48050000000000e+04, 2.22995822285060e-12]
	RefineElem[5: 8.65020000000000e+04, 4.55190000000000e+04, 2.66980000000000e+04, 2.67060000000000e+04, 2.22847756038934e-12]
	RefineElem[5: 5.18180000000000e+04, 1.52060000000000e+04, 1.51830000000000e+04, 1.52130000000000e+04, 2.22240453713818e-12]
	RefineElem[5: 6.88950000000000e+04, 4.09230000000000e+04, 4.09240000000000e+04, 4.09280000000000e+04, 2.21927993921630e-12]
	RefineElem[5: 6.26020000000000e+04, 3.92810000000000e+04, 2.14080000000000e+04, 2.14070000000000e+04, 2.21865716312384e-12]
	RefineElem[5: 6.97390000000000e+04, 1.97270000000000e+04, 1.97800000000000e+04, 4.11360000000000e+04, 2.21824111926390e-12]
	RefineElem[5: 7.39140000000000e+04, 1.97790000000000e+04, 1.97550000000000e+04, 4.21020000000000e+04, 2.21667781594793e-12]
	RefineElem[5: 5.21630000000000e+04, 2.01800000000000e+04, 2.02010000000000e+04, 2.02220000000000e+04, 2.21640017585064e-12]
	RefineElem[5: 6.87900000000000e+04, 4.08970000000000e+04, 2.05850000000000e+04, 2.05900000000000e+04, 2.21634756278458e-12]
	RefineElem[5: 2.15990000000000e+04, 1.93490000000000e+04, 1.93470000000000e+04, 1.93390000000000e+04, 2.21619311497874e-12]
	RefineElem[5: 9.72550000000000e+04, 4.90960000000000e+04, 4.90970000000000e+04, 4.90950000000000e+04, 2.21497557566711e-12]
	RefineElem[5: 9.91760000000000e+04, 4.40310000000000e+04, 4.96780000000000e+04, 4.96790000000000e+04, 2.21417188462376e-12]
	RefineElem[5: 8.91960000000000e+04, 4.65320000000000e+04, 4.04350000000000e+04, 2.05020000000000e+04, 2.21351114654731e-12]
	RefineElem[5: 7.07280000000000e+04, 3.87170000000000e+04, 3.50570000000000e+04, 4.14070000000000e+04, 2.21153284527508e-12]
	RefineElem[5: 7.40200000000000e+04, 4.21190000000000e+04, 4.21180000000000e+04, 2.53080000000000e+04, 2.21095550977035e-12]
	RefineElem[5: 8.30850000000000e+04, 4.43340000000000e+04, 4.18340000000000e+04, 4.18330000000000e+04, 2.20997475227015e-12]
	RefineElem[5: 5.49170000000000e+04, 8.91400000000000e+03, 8.50800000000000e+03, 8.58400000000000e+03, 2.20971791450426e-12]
	RefineElem[5: 5.79970000000000e+04, 2.75860000000000e+04, 2.76650000000000e+04, 2.76660000000000e+04, 2.20956720665543e-12]
	RefineElem[5: 9.22170000000000e+04, 4.74180000000000e+04, 4.05870000000000e+04, 7.26700000000000e+03, 2.20911149445905e-12]
	RefineElem[5: 6.76950000000000e+04, 4.05070000000000e+04, 1.92240000000000e+04, 1.92220000000000e+04, 2.20894206534720e-12]
	RefineElem[5: 7.90220000000000e+04, 2.15130000000000e+04, 4.32230000000000e+04, 4.32240000000000e+04, 2.20892981730370e-12]
	RefineElem[5: 3.60280000000000e+04, 3.52360000000000e+04, 3.53020000000000e+04, 3.53110000000000e+04, 2.20812743430249e-12]
	RefineElem[5: 2.12820000000000e+04, 1.88600000000000e+04, 1.88590000000000e+04, 1.88720000000000e+04, 2.20624587949977e-12]
	RefineElem[5: 7.85870000000000e+04, 4.31230000000000e+04, 4.31110000000000e+04, 4.31130000000000e+04, 2.20525783263705e-12]
	RefineElem[5: 5.05250000000000e+04, 3.25800000000000e+03, 1.00900000000000e+03, 1.08900000000000e+03, 2.20266973278454e-12]
	RefineElem[5: 7.02140000000000e+04, 3.90700000000000e+04, 2.67590000000000e+04, 4.12760000000000e+04, 2.20131486555323e-12]
	RefineElem[5: 9.30130000000000e+04, 4.76420000000000e+04, 2.16920000000000e+04, 4.50440000000000e+04, 2.20044141476703e-12]
	RefineElem[5: 7.24820000000000e+04, 4.17930000000000e+04, 4.17920000000000e+04, 1.67460000000000e+04, 2.20033035730622e-12]
	RefineElem[5: 5.92290000000000e+04, 2.20960000000000e+04, 2.36950000000000e+04, 2.36890000000000e+04, 2.19998149365089e-12]
	RefineElem[5: 7.39280000000000e+04, 2.39450000000000e+04, 2.14200000000000e+04, 4.21030000000000e+04, 2.19940849111711e-12]
	RefineElem[5: 7.05170000000000e+04, 4.13560000000000e+04, 3.48830000000000e+04, 4.13550000000000e+04, 2.19870085793475e-12]
	RefineElem[5: 7.08810000000000e+04, 2.27650000000000e+04, 3.93140000000000e+04, 4.14440000000000e+04, 2.19867302649998e-12]
	RefineElem[5: 9.44020000000000e+04, 4.49960000000000e+04, 4.80850000000000e+04, 4.80860000000000e+04, 2.19787602223651e-12]
	RefineElem[5: 8.08890000000000e+04, 4.37200000000000e+04, 2.31360000000000e+04, 2.24980000000000e+04, 2.19752647767881e-12]
	RefineElem[5: 2.21680000000000e+04, 2.19060000000000e+04, 2.19080000000000e+04, 2.18590000000000e+04, 2.19752143785908e-12]
	RefineElem[5: 5.94100000000000e+04, 6.26200000000000e+03, 6.31500000000000e+03, 6.32300000000000e+03, 2.19596363340036e-12]
	RefineElem[5: 6.43200000000000e+03, 6.37100000000000e+03, 6.36900000000000e+03, 2.38900000000000e+03, 2.19568437704793e-12]
	RefineElem[5: 7.59880000000000e+04, 9.93000000000000e+02, 4.25070000000000e+04, 2.30800000000000e+03, 2.19477061513080e-12]
	RefineElem[5: 6.86180000000000e+04, 4.36500000000000e+03, 5.90700000000000e+03, 4.08210000000000e+04, 2.19435452251481e-12]
	RefineElem[5: 7.15650000000000e+04, 2.67340000000000e+04, 2.67300000000000e+04, 4.16120000000000e+04, 2.19358090565633e-12]
	RefineElem[5: 4.98420000000000e+04, 3.95050000000000e+04, 3.84920000000000e+04, 3.84940000000000e+04, 2.19329408130702e-12]
	RefineElem[5: 8.63060000000000e+04, 4.54330000000000e+04, 4.42800000000000e+04, 4.42810000000000e+04, 2.19299120966199e-12]
	RefineElem[5: 5.66690000000000e+04, 2.61900000000000e+03, 1.79200000000000e+03, 1.77800000000000e+03, 2.19164960289825e-12]
	RefineElem[5: 6.96650000000000e+04, 2.00280000000000e+04, 4.11210000000000e+04, 2.10630000000000e+04, 2.19117651645444e-12]
	RefineElem[5: 4.86840000000000e+04, 3.77230000000000e+04, 3.98330000000000e+04, 3.98310000000000e+04, 2.19059185500425e-12]
	RefineElem[5: 7.56320000000000e+04, 2.84170000000000e+04, 2.71030000000000e+04, 4.24280000000000e+04, 2.18911879689375e-12]
	RefineElem[5: 5.66940000000000e+04, 1.86500000000000e+03, 1.85700000000000e+03, 2.86100000000000e+03, 2.18814440266594e-12]
	RefineElem[5: 4.45980000000000e+04, 2.82390000000000e+04, 2.82430000000000e+04, 2.07560000000000e+04, 2.18781399890806e-12]
	RefineElem[5: 9.84190000000000e+04, 4.94710000000000e+04, 4.57530000000000e+04, 4.79130000000000e+04, 2.18664928102277e-12]
	RefineElem[5: 7.19970000000000e+04, 4.17030000000000e+04, 1.93620000000000e+04, 1.93640000000000e+04, 2.18574512163348e-12]
	RefineElem[5: 6.62940000000000e+04, 4.00540000000000e+04, 2.79500000000000e+04, 2.04760000000000e+04, 2.18544888936975e-12]
	RefineElem[5: 1.05120000000000e+04, 1.16150000000000e+04, 1.16160000000000e+04, 9.98200000000000e+03, 2.18530441729555e-12]
	RefineElem[5: 6.77960000000000e+04, 3.58000000000000e+03, 4.05410000000000e+04, 4.83200000000000e+03, 2.18453361386461e-12]
	RefineElem[5: 8.34610000000000e+04, 1.46980000000000e+04, 1.47090000000000e+04, 4.44290000000000e+04, 2.18413332507157e-12]
	RefineElem[5: 7.48940000000000e+04, 4.22990000000000e+04, 4.22980000000000e+04, 4.22960000000000e+04, 2.18375110072768e-12]
	RefineElem[5: 4.94670000000000e+04, 3.95000000000000e+04, 3.83160000000000e+04, 3.94980000000000e+04, 2.18142625629043e-12]
	RefineElem[5: 6.77930000000000e+04, 3.62500000000000e+03, 3.63300000000000e+03, 4.05410000000000e+04, 2.18131308989251e-12]
	RefineElem[5: 8.99790000000000e+04, 4.17410000000000e+04, 4.67410000000000e+04, 4.24020000000000e+04, 2.17911441278120e-12]
	RefineElem[5: 8.34710000000000e+04, 4.44310000000000e+04, 4.44300000000000e+04, 4.06720000000000e+04, 2.17891842912178e-12]
	RefineElem[5: 7.36610000000000e+04, 4.20460000000000e+04, 2.20290000000000e+04, 2.21260000000000e+04, 2.17814978407006e-12]
	RefineElem[5: 6.78380000000000e+04, 4.05630000000000e+04, 4.05640000000000e+04, 4.05600000000000e+04, 2.17581073368070e-12]
	RefineElem[5: 6.74230000000000e+04, 4.02950000000000e+04, 2.88750000000000e+04, 2.12740000000000e+04, 2.17567225115847e-12]
	RefineElem[5: 7.01110000000000e+04, 1.93670000000000e+04, 4.12540000000000e+04, 4.12530000000000e+04, 2.17471489713642e-12]
	RefineElem[5: 1.00420000000000e+05, 7.18600000000000e+03, 4.04010000000000e+04, 5.00440000000000e+04, 2.17427468061997e-12]
	RefineElem[5: 7.06420000000000e+04, 4.13850000000000e+04, 2.02680000000000e+04, 3.91380000000000e+04, 2.17287401850146e-12]
	RefineElem[5: 9.09920000000000e+04, 4.20980000000000e+04, 4.70360000000000e+04, 2.47870000000000e+04, 2.17239224634214e-12]
	RefineElem[5: 1.61670000000000e+04, 1.53780000000000e+04, 1.53480000000000e+04, 1.53760000000000e+04, 2.17047413501892e-12]
	RefineElem[5: 7.96710000000000e+04, 4.33700000000000e+04, 4.09690000000000e+04, 4.09700000000000e+04, 2.17012392073045e-12]
	RefineElem[5: 6.17390000000000e+04, 2.22800000000000e+04, 2.36520000000000e+04, 2.23710000000000e+04, 2.16845644901427e-12]
	RefineElem[5: 6.85660000000000e+04, 4.08130000000000e+04, 2.86740000000000e+04, 2.86150000000000e+04, 2.16755528939903e-12]
	RefineElem[5: 9.59910000000000e+04, 4.85830000000000e+04, 4.39670000000000e+04, 2.16770000000000e+04, 2.16441243001943e-12]
	RefineElem[5: 3.57270000000000e+04, 3.48200000000000e+04, 3.48220000000000e+04, 3.85010000000000e+04, 2.16330364013847e-12]
	RefineElem[5: 7.87420000000000e+04, 2.76700000000000e+04, 2.77440000000000e+04, 4.31550000000000e+04, 2.16260583978817e-12]
	RefineElem[5: 7.21830000000000e+04, 7.49000000000000e+02, 1.42900000000000e+03, 4.17400000000000e+04, 2.16240116669807e-12]
	RefineElem[5: 7.27180000000000e+04, 4.18550000000000e+04, 2.07500000000000e+04, 4.06940000000000e+04, 2.16228035671623e-12]
	RefineElem[5: 8.41900000000000e+04, 4.46380000000000e+04, 3.57470000000000e+04, 3.57370000000000e+04, 2.16138872399683e-12]
	RefineElem[5: 8.92500000000000e+04, 4.65480000000000e+04, 1.92360000000000e+04, 4.52060000000000e+04, 2.16118672425234e-12]
	RefineElem[5: 7.19330000000000e+04, 4.16450000000000e+04, 4.16930000000000e+04, 2.76950000000000e+04, 2.15981886991822e-12]
	RefineElem[5: 8.31190000000000e+04, 2.18750000000000e+04, 4.18370000000000e+04, 4.43410000000000e+04, 2.15864832906564e-12]
	RefineElem[5: 9.50410000000000e+04, 4.82850000000000e+04, 4.82860000000000e+04, 4.57460000000000e+04, 2.15832219069895e-12]
	RefineElem[5: 4.71390000000000e+04, 3.90770000000000e+04, 3.92860000000000e+04, 1.92120000000000e+04, 2.15654777959054e-12]
	RefineElem[5: 6.36430000000000e+04, 1.00280000000000e+04, 1.13620000000000e+04, 1.13650000000000e+04, 2.15602344751426e-12]
	RefineElem[5: 8.19020000000000e+04, 4.39850000000000e+04, 4.39840000000000e+04, 4.04590000000000e+04, 2.15540068102674e-12]
	RefineElem[5: 1.00047000000000e+05, 4.99380000000000e+04, 4.58390000000000e+04, 4.99390000000000e+04, 2.15451208611253e-12]
	RefineElem[5: 2.12830000000000e+04, 1.88700000000000e+04, 1.88630000000000e+04, 1.88600000000000e+04, 2.15292405551840e-12]
	RefineElem[5: 7.85470000000000e+04, 4.31120000000000e+04, 2.37360000000000e+04, 2.37330000000000e+04, 2.15262395056843e-12]
	RefineElem[5: 5.52010000000000e+04, 1.22090000000000e+04, 1.21830000000000e+04, 1.21840000000000e+04, 2.15221697192849e-12]
	RefineElem[5: 9.50420000000000e+04, 4.82860000000000e+04, 2.82700000000000e+04, 2.57670000000000e+04, 2.15095353080340e-12]
	RefineElem[5: 9.83660000000000e+04, 4.94550000000000e+04, 4.94500000000000e+04, 4.94400000000000e+04, 2.15054523230727e-12]
	RefineElem[5: 6.90250000000000e+04, 2.33300000000000e+04, 2.32560000000000e+04, 4.09540000000000e+04, 2.15041464544433e-12]
	RefineElem[5: 5.21660000000000e+04, 2.02670000000000e+04, 2.02630000000000e+04, 2.06830000000000e+04, 2.14916333818087e-12]
	RefineElem[5: 7.96340000000000e+04, 4.26230000000000e+04, 4.26080000000000e+04, 4.33580000000000e+04, 2.14881132039312e-12]
	RefineElem[5: 8.82430000000000e+04, 4.62600000000000e+04, 2.04830000000000e+04, 4.62590000000000e+04, 2.14864449593991e-12]
	RefineElem[5: 2.49210000000000e+04, 2.61940000000000e+04, 2.62010000000000e+04, 2.61930000000000e+04, 2.14814173280458e-12]
	RefineElem[5: 7.36900000000000e+04, 4.20520000000000e+04, 2.89870000000000e+04, 2.89880000000000e+04, 2.14612560201805e-12]
	RefineElem[5: 7.21020000000000e+04, 4.17260000000000e+04, 4.17270000000000e+04, 4.09170000000000e+04, 2.14554007407566e-12]
	RefineElem[5: 6.37990000000000e+04, 1.93300000000000e+03, 6.81000000000000e+02, 7.35000000000000e+02, 2.14551450519435e-12]
	RefineElem[5: 7.32690000000000e+04, 4.19620000000000e+04, 2.81700000000000e+04, 2.81670000000000e+04, 2.14458709788201e-12]
	RefineElem[5: 5.14220000000000e+04, 1.17390000000000e+04, 1.17330000000000e+04, 1.17130000000000e+04, 2.14384414202249e-12]
	RefineElem[5: 4.84630000000000e+04, 3.99000000000000e+04, 3.76270000000000e+04, 3.98980000000000e+04, 2.14361608085384e-12]
	RefineElem[5: 7.81100000000000e+04, 2.46490000000000e+04, 4.29790000000000e+04, 2.46500000000000e+04, 2.14348894926163e-12]
	RefineElem[5: 1.49710000000000e+04, 9.65200000000000e+03, 1.16160000000000e+04, 1.16150000000000e+04, 2.14348585217381e-12]
	RefineElem[5: 7.11860000000000e+04, 4.15200000000000e+04, 2.67400000000000e+04, 2.67420000000000e+04, 2.14174539951527e-12]
	RefineElem[5: 9.70460000000000e+04, 2.28920000000000e+04, 4.42770000000000e+04, 4.90080000000000e+04, 2.14106601944656e-12]
	RefineElem[5: 8.06900000000000e+04, 1.15230000000000e+04, 1.15000000000000e+04, 4.36480000000000e+04, 2.14091642606268e-12]
	RefineElem[5: 8.05130000000000e+04, 2.37500000000000e+04, 4.35980000000000e+04, 2.38040000000000e+04, 2.13893845527874e-12]
	RefineElem[5: 7.31470000000000e+04, 1.16300000000000e+04, 4.19400000000000e+04, 9.98700000000000e+03, 2.13853126363074e-12]
	RefineElem[5: 6.96710000000000e+04, 2.10280000000000e+04, 2.10260000000000e+04, 4.11240000000000e+04, 2.13600865286256e-12]
	RefineElem[5: 4.94980000000000e+04, 3.83330000000000e+04, 3.95490000000000e+04, 3.95370000000000e+04, 2.13506863952972e-12]
	RefineElem[5: 7.88190000000000e+04, 4.31690000000000e+04, 4.31700000000000e+04, 4.16890000000000e+04, 2.13465007818678e-12]
	RefineElem[5: 1.00114000000000e+05, 4.83430000000000e+04, 4.99560000000000e+04, 4.83420000000000e+04, 2.13340915897218e-12]
	RefineElem[5: 5.81790000000000e+04, 9.36000000000000e+02, 9.37000000000000e+02, 1.17700000000000e+03, 2.13122761860087e-12]
	RefineElem[5: 6.26030000000000e+04, 3.92810000000000e+04, 2.14070000000000e+04, 2.14050000000000e+04, 2.12937508996400e-12]
	RefineElem[5: 3.57980000000000e+04, 3.49980000000000e+04, 3.50180000000000e+04, 3.49600000000000e+04, 2.12842413247548e-12]
	RefineElem[5: 8.59780000000000e+04, 4.53040000000000e+04, 3.90460000000000e+04, 2.91120000000000e+04, 2.12835985515512e-12]
	RefineElem[5: 6.91710000000000e+04, 4.09870000000000e+04, 4.09860000000000e+04, 2.27250000000000e+04, 2.12749097909381e-12]
	RefineElem[5: 7.53180000000000e+04, 4.23610000000000e+04, 4.09320000000000e+04, 2.51300000000000e+04, 2.12743050509142e-12]
	RefineElem[5: 5.66990000000000e+04, 9.92000000000000e+02, 2.94600000000000e+03, 2.96400000000000e+03, 2.12624699067106e-12]
	RefineElem[5: 7.52850000000000e+04, 4.23570000000000e+04, 2.68160000000000e+04, 2.67960000000000e+04, 2.12592957344500e-12]
	RefineElem[5: 7.28000000000000e+04, 4.18700000000000e+04, 3.49080000000000e+04, 3.87230000000000e+04, 2.12553711651630e-12]
	RefineElem[5: 7.34440000000000e+04, 4.19980000000000e+04, 1.95870000000000e+04, 4.09670000000000e+04, 2.12476206552588e-12]
	RefineElem[5: 6.92840000000000e+04, 4.10200000000000e+04, 2.18590000000000e+04, 2.18630000000000e+04, 2.12446309167445e-12]
	RefineElem[5: 7.00380000000000e+04, 4.12360000000000e+04, 2.53210000000000e+04, 4.12350000000000e+04, 2.12433301385995e-12]
	RefineElem[5: 7.55760000000000e+04, 4.24180000000000e+04, 8.51500000000000e+03, 8.51600000000000e+03, 2.12418300041318e-12]
	RefineElem[5: 7.32380000000000e+04, 4.19560000000000e+04, 4.19550000000000e+04, 2.82870000000000e+04, 2.12368465456576e-12]
	RefineElem[5: 6.89650000000000e+04, 4.09440000000000e+04, 2.15760000000000e+04, 2.15770000000000e+04, 2.12205641955755e-12]
	RefineElem[5: 9.04370000000000e+04, 4.50190000000000e+04, 4.68720000000000e+04, 4.68710000000000e+04, 2.12064824063854e-12]
	RefineElem[5: 7.74400000000000e+04, 4.28330000000000e+04, 2.76810000000000e+04, 2.77140000000000e+04, 2.12049669451255e-12]
	RefineElem[5: 5.76250000000000e+04, 1.51810000000000e+04, 1.51820000000000e+04, 1.52120000000000e+04, 2.11997589837906e-12]
	RefineElem[5: 2.28950000000000e+04, 2.13870000000000e+04, 2.13920000000000e+04, 2.39610000000000e+04, 2.11980511405027e-12]
	RefineElem[5: 7.31850000000000e+04, 4.19480000000000e+04, 7.39400000000000e+03, 7.39900000000000e+03, 2.11941093379451e-12]
	RefineElem[5: 2.28960000000000e+04, 2.39580000000000e+04, 2.39570000000000e+04, 2.13910000000000e+04, 2.11886288488708e-12]
	RefineElem[5: 9.15600000000000e+03, 7.44500000000000e+03, 8.56300000000000e+03, 8.56400000000000e+03, 2.11859110988305e-12]
	RefineElem[5: 6.95850000000000e+04, 8.51900000000000e+03, 8.51100000000000e+03, 4.11050000000000e+04, 2.11857460288966e-12]
	RefineElem[5: 7.28560000000000e+04, 4.18780000000000e+04, 2.39540000000000e+04, 2.13830000000000e+04, 2.11717662094681e-12]
	RefineElem[5: 6.13790000000000e+04, 2.33010000000000e+04, 2.33040000000000e+04, 2.32130000000000e+04, 2.11467591032817e-12]
	RefineElem[5: 7.05300000000000e+04, 2.24150000000000e+04, 2.24090000000000e+04, 4.13600000000000e+04, 2.11359471847068e-12]
	RefineElem[5: 6.93750000000000e+04, 4.10510000000000e+04, 1.72390000000000e+04, 1.72290000000000e+04, 2.11205368275024e-12]
	RefineElem[5: 7.28900000000000e+04, 4.18820000000000e+04, 1.42830000000000e+04, 1.25620000000000e+04, 2.10961023852256e-12]
	RefineElem[5: 5.02270000000000e+04, 2.21800000000000e+03, 9.85000000000000e+02, 9.86000000000000e+02, 2.10959022121688e-12]
	RefineElem[5: 7.94600000000000e+04, 4.33170000000000e+04, 1.95100000000000e+03, 1.94900000000000e+03, 2.10919245091834e-12]
	RefineElem[5: 7.83760000000000e+04, 1.72470000000000e+04, 4.10520000000000e+04, 4.30620000000000e+04, 2.10829639744698e-12]
	RefineElem[5: 7.25680000000000e+04, 2.67490000000000e+04, 4.18210000000000e+04, 3.90960000000000e+04, 2.10689301701649e-12]
	RefineElem[5: 7.13590000000000e+04, 4.15620000000000e+04, 4.15680000000000e+04, 2.32480000000000e+04, 2.10624835877371e-12]
	RefineElem[5: 6.90590000000000e+04, 3.47420000000000e+04, 3.47320000000000e+04, 4.09640000000000e+04, 2.10614522631302e-12]
	RefineElem[5: 5.76470000000000e+04, 1.63370000000000e+04, 1.49150000000000e+04, 1.57440000000000e+04, 2.10563449967371e-12]
	RefineElem[5: 9.58210000000000e+04, 4.85320000000000e+04, 4.42240000000000e+04, 4.42250000000000e+04, 2.10551216830767e-12]
	RefineElem[5: 7.77340000000000e+04, 3.11700000000000e+03, 4.28970000000000e+04, 4.28960000000000e+04, 2.10394916501521e-12]
	RefineElem[5: 9.44090000000000e+04, 4.80890000000000e+04, 4.80880000000000e+04, 4.80840000000000e+04, 2.10265150064990e-12]
	RefineElem[5: 8.46820000000000e+04, 4.18820000000000e+04, 1.25620000000000e+04, 4.47580000000000e+04, 2.10213673940382e-12]
	RefineElem[5: 6.07110000000000e+04, 1.16230000000000e+04, 9.98700000000000e+03, 1.16160000000000e+04, 2.10110411165406e-12]
	RefineElem[5: 9.64070000000000e+04, 4.06330000000000e+04, 4.87180000000000e+04, 4.55350000000000e+04, 2.10082853823862e-12]
	RefineElem[5: 9.91780000000000e+04, 4.96790000000000e+04, 4.96800000000000e+04, 4.40300000000000e+04, 2.09711899310324e-12]
	RefineElem[5: 2.50970000000000e+04, 2.69880000000000e+04, 2.69570000000000e+04, 2.69930000000000e+04, 2.09392583743163e-12]
	RefineElem[5: 7.36190000000000e+04, 2.05900000000000e+04, 2.30660000000000e+04, 4.20350000000000e+04, 2.09387050888295e-12]
	RefineElem[5: 9.49950000000000e+04, 4.82720000000000e+04, 4.82710000000000e+04, 4.82690000000000e+04, 2.09183625346132e-12]
	RefineElem[5: 1.79370000000000e+04, 1.54070000000000e+04, 1.34550000000000e+04, 1.34680000000000e+04, 2.09168802377780e-12]
	RefineElem[5: 7.95430000000000e+04, 2.72700000000000e+04, 2.85310000000000e+04, 4.33300000000000e+04, 2.09125197202848e-12]
	RefineElem[5: 9.47130000000000e+04, 4.56050000000000e+04, 1.92250000000000e+04, 4.81800000000000e+04, 2.08994163268991e-12]
	RefineElem[5: 9.43820000000000e+04, 4.49930000000000e+04, 4.80800000000000e+04, 4.80810000000000e+04, 2.08992557811595e-12]
	RefineElem[5: 9.36130000000000e+04, 4.78210000000000e+04, 4.49310000000000e+04, 4.49320000000000e+04, 2.08951843691690e-12]
	RefineElem[5: 7.52270000000000e+04, 4.23510000000000e+04, 2.68860000000000e+04, 2.89360000000000e+04, 2.08885564871424e-12]
	RefineElem[5: 8.09090000000000e+04, 4.11280000000000e+04, 4.37230000000000e+04, 1.32670000000000e+04, 2.08816690658200e-12]
	RefineElem[5: 5.87530000000000e+04, 2.23190000000000e+04, 2.23200000000000e+04, 2.23540000000000e+04, 2.08798901901958e-12]
	RefineElem[5: 7.37980000000000e+04, 4.20720000000000e+04, 4.09630000000000e+04, 7.02000000000000e+02, 2.08666781902578e-12]
	RefineElem[5: 6.65630000000000e+04, 3.91550000000000e+04, 4.01040000000000e+04, 2.12700000000000e+04, 2.08657595450325e-12]
	RefineElem[5: 1.80840000000000e+04, 1.34310000000000e+04, 1.34150000000000e+04, 1.43490000000000e+04, 2.08595321079952e-12]
	RefineElem[5: 8.33030000000000e+04, 2.23860000000000e+04, 2.23810000000000e+04, 4.43830000000000e+04, 2.08578985123647e-12]
	RefineElem[5: 1.55400000000000e+04, 1.33050000000000e+04, 1.33140000000000e+04, 1.33150000000000e+04, 2.08515849644212e-12]
	RefineElem[5: 9.43840000000000e+04, 4.80810000000000e+04, 4.80820000000000e+04, 4.49920000000000e+04, 2.08496052183060e-12]
	RefineElem[5: 8.06490000000000e+04, 4.36370000000000e+04, 4.25050000000000e+04, 9.70500000000000e+03, 2.08395550237581e-12]
	RefineElem[5: 7.34740000000000e+04, 2.26680000000000e+04, 4.20030000000000e+04, 2.26730000000000e+04, 2.08345371378172e-12]
	RefineElem[5: 8.08630000000000e+04, 4.37090000000000e+04, 4.37080000000000e+04, 5.90700000000000e+03, 2.08250131834487e-12]
	RefineElem[5: 7.39240000000000e+04, 4.21030000000000e+04, 2.14190000000000e+04, 2.39320000000000e+04, 2.08064919317755e-12]
	RefineElem[5: 9.56690000000000e+04, 4.84880000000000e+04, 2.32610000000000e+04, 2.32520000000000e+04, 2.08028085459592e-12]
	RefineElem[5: 1.00394000000000e+05, 5.00370000000000e+04, 5.00380000000000e+04, 4.49900000000000e+04, 2.07895647193818e-12]
	RefineElem[5: 9.64130000000000e+04, 4.05120000000000e+04, 4.87190000000000e+04, 4.39690000000000e+04, 2.07829614720218e-12]
	RefineElem[5: 9.63790000000000e+04, 4.39840000000000e+04, 4.39830000000000e+04, 4.87090000000000e+04, 2.07637985875543e-12]
	RefineElem[5: 7.18480000000000e+04, 1.67960000000000e+04, 4.10980000000000e+04, 4.16770000000000e+04, 2.07611238778100e-12]
	RefineElem[5: 7.15990000000000e+04, 2.07040000000000e+04, 2.07060000000000e+04, 4.16190000000000e+04, 2.07594281984699e-12]
	RefineElem[5: 7.28600000000000e+04, 2.13900000000000e+04, 2.39550000000000e+04, 4.18780000000000e+04, 2.07232410148229e-12]
	RefineElem[5: 7.52970000000000e+04, 4.23590000000000e+04, 2.89600000000000e+04, 2.88610000000000e+04, 2.07207267019296e-12]
	RefineElem[5: 9.69910000000000e+04, 4.08640000000000e+04, 4.31040000000000e+04, 4.89880000000000e+04, 2.07165109064457e-12]
	RefineElem[5: 5.58380000000000e+04, 2.53100000000000e+04, 2.53090000000000e+04, 2.52680000000000e+04, 2.07111726445350e-12]
	RefineElem[5: 6.40980000000000e+04, 1.64200000000000e+03, 6.86000000000000e+02, 6.92000000000000e+02, 2.07031240668361e-12]
	RefineElem[5: 2.73130000000000e+04, 2.54060000000000e+04, 2.54040000000000e+04, 2.56000000000000e+04, 2.06975063399763e-12]
	RefineElem[5: 2.24990000000000e+04, 2.26770000000000e+04, 2.26760000000000e+04, 2.26390000000000e+04, 2.06970735552634e-12]
	RefineElem[5: 7.54330000000000e+04, 4.23810000000000e+04, 4.18050000000000e+04, 9.96900000000000e+03, 2.06857942519769e-12]
	RefineElem[5: 7.34490000000000e+04, 2.38190000000000e+04, 4.19990000000000e+04, 1.88540000000000e+04, 2.06812921867077e-12]
	RefineElem[5: 9.12960000000000e+04, 4.71260000000000e+04, 4.52640000000000e+04, 2.01190000000000e+04, 2.06624531884543e-12]
	RefineElem[5: 7.36150000000000e+04, 4.20350000000000e+04, 2.30720000000000e+04, 2.05910000000000e+04, 2.06500102336763e-12]
	RefineElem[5: 6.53500000000000e+04, 3.87320000000000e+04, 3.47250000000000e+04, 3.47230000000000e+04, 2.06445690387840e-12]
	RefineElem[5: 7.01520000000000e+04, 4.12620000000000e+04, 2.85220000000000e+04, 2.84490000000000e+04, 2.06339384308611e-12]
	RefineElem[5: 8.57490000000000e+04, 4.21630000000000e+04, 4.23600000000000e+04, 4.51950000000000e+04, 2.06313656913797e-12]
	RefineElem[5: 5.66630000000000e+04, 2.57400000000000e+03, 2.58100000000000e+03, 2.62400000000000e+03, 2.06245820322550e-12]
	RefineElem[5: 6.94310000000000e+04, 2.55070000000000e+04, 3.88480000000000e+04, 4.10710000000000e+04, 2.06211217548776e-12]
	RefineElem[5: 7.04800000000000e+04, 4.13460000000000e+04, 3.91470000000000e+04, 2.17090000000000e+04, 2.06158977648905e-12]
	RefineElem[5: 7.78090000000000e+04, 4.29120000000000e+04, 2.76310000000000e+04, 2.76690000000000e+04, 2.05995259756384e-12]
	RefineElem[5: 1.78310000000000e+04, 1.31760000000000e+04, 1.51030000000000e+04, 1.51240000000000e+04, 2.05767998787462e-12]
	RefineElem[5: 1.83630000000000e+04, 1.67580000000000e+04, 1.67630000000000e+04, 1.67600000000000e+04, 2.05662277522781e-12]
	RefineElem[5: 7.62150000000000e+04, 4.25740000000000e+04, 4.10000000000000e+04, 4.10010000000000e+04, 2.05620214931097e-12]
	RefineElem[5: 9.33090000000000e+04, 4.77290000000000e+04, 4.77280000000000e+04, 2.28840000000000e+04, 2.05506486517109e-12]
	RefineElem[5: 8.96870000000000e+04, 4.06630000000000e+04, 4.06620000000000e+04, 4.66560000000000e+04, 2.05466672899357e-12]
	RefineElem[5: 2.28020000000000e+04, 2.19370000000000e+04, 2.19440000000000e+04, 2.19030000000000e+04, 2.05461769335429e-12]
	RefineElem[5: 9.35220000000000e+04, 2.41460000000000e+04, 4.43500000000000e+04, 4.77950000000000e+04, 2.05457299191910e-12]
	RefineElem[5: 7.09530000000000e+04, 3.57300000000000e+03, 4.11620000000000e+04, 4.14680000000000e+04, 2.05371151419392e-12]
	RefineElem[5: 8.65440000000000e+04, 4.55370000000000e+04, 4.55360000000000e+04, 4.06320000000000e+04, 2.05307326416804e-12]
	RefineElem[5: 9.43780000000000e+04, 4.49940000000000e+04, 4.04400000000000e+04, 4.80790000000000e+04, 2.05126496518838e-12]
	RefineElem[5: 7.77460000000000e+04, 4.29020000000000e+04, 4.29010000000000e+04, 4.28970000000000e+04, 2.05076520827530e-12]
	RefineElem[5: 8.94690000000000e+04, 2.46280000000000e+04, 4.26190000000000e+04, 4.65960000000000e+04, 2.04847258266432e-12]
	RefineElem[5: 7.95350000000000e+04, 2.82060000000000e+04, 2.82050000000000e+04, 4.33290000000000e+04, 2.04728888725263e-12]
	RefineElem[5: 9.58530000000000e+04, 4.42260000000000e+04, 4.42270000000000e+04, 4.85390000000000e+04, 2.04688291839770e-12]
	RefineElem[5: 7.07560000000000e+04, 2.57390000000000e+04, 4.14160000000000e+04, 4.14150000000000e+04, 2.04649640220924e-12]
	RefineElem[5: 7.43150000000000e+04, 4.21650000000000e+04, 4.21660000000000e+04, 4.01320000000000e+04, 2.04443619597849e-12]
	RefineElem[5: 7.98940000000000e+04, 4.34490000000000e+04, 2.22490000000000e+04, 2.22250000000000e+04, 2.04373931284106e-12]
	RefineElem[5: 8.01870000000000e+04, 4.35160000000000e+04, 4.35150000000000e+04, 4.07600000000000e+04, 2.04355003404431e-12]
	RefineElem[5: 4.78810000000000e+04, 3.94780000000000e+04, 3.73770000000000e+04, 3.73750000000000e+04, 2.04321335579010e-12]
	RefineElem[5: 9.47230000000000e+04, 2.04890000000000e+04, 4.55900000000000e+04, 4.81830000000000e+04, 2.04310397065865e-12]
	RefineElem[5: 7.78220000000000e+04, 1.32960000000000e+04, 4.29130000000000e+04, 1.33410000000000e+04, 2.04226109283156e-12]
	RefineElem[5: 9.94790000000000e+04, 4.06670000000000e+04, 4.89950000000000e+04, 4.97700000000000e+04, 2.04223029590755e-12]
	RefineElem[5: 1.01159000000000e+05, 4.03370000000000e+04, 4.58230000000000e+04, 5.02690000000000e+04, 2.04112781526264e-12]
	RefineElem[5: 9.50200000000000e+04, 4.16020000000000e+04, 4.04090000000000e+04, 4.82790000000000e+04, 2.04108208480879e-12]
	RefineElem[5: 6.86950000000000e+04, 4.06900000000000e+04, 4.08580000000000e+04, 4.08570000000000e+04, 2.04029693981480e-12]
	RefineElem[5: 6.65880000000000e+04, 4.01090000000000e+04, 3.92310000000000e+04, 2.88850000000000e+04, 2.03974509216717e-12]
	RefineElem[5: 9.56110000000000e+04, 2.35850000000000e+04, 2.35950000000000e+04, 4.84720000000000e+04, 2.03939487209094e-12]
	RefineElem[5: 2.29390000000000e+04, 2.14140000000000e+04, 2.14110000000000e+04, 2.39370000000000e+04, 2.03924084132212e-12]
	RefineElem[5: 7.86640000000000e+04, 4.31430000000000e+04, 4.31440000000000e+04, 4.11350000000000e+04, 2.03900371535302e-12]
	RefineElem[5: 8.30760000000000e+04, 4.43320000000000e+04, 4.18330000000000e+04, 2.18170000000000e+04, 2.03851114199191e-12]
	RefineElem[5: 2.20110000000000e+04, 1.97790000000000e+04, 2.10440000000000e+04, 2.10370000000000e+04, 2.03623474633117e-12]
	RefineElem[5: 6.42300000000000e+04, 1.34230000000000e+04, 1.33830000000000e+04, 1.33540000000000e+04, 2.03496255416120e-12]
	RefineElem[5: 7.84310000000000e+04, 2.82070000000000e+04, 4.19240000000000e+04, 4.30760000000000e+04, 2.03482367886325e-12]
	RefineElem[5: 5.23690000000000e+04, 2.29310000000000e+04, 2.29230000000000e+04, 2.29290000000000e+04, 2.03339285971353e-12]
	RefineElem[5: 6.79180000000000e+04, 7.29200000000000e+03, 7.33900000000000e+03, 4.05870000000000e+04, 2.03339068367245e-12]
	RefineElem[5: 9.43800000000000e+04, 4.49930000000000e+04, 4.80790000000000e+04, 4.80800000000000e+04, 2.03292930084410e-12]
	RefineElem[5: 8.82300000000000e+04, 4.53470000000000e+04, 4.08900000000000e+04, 4.62560000000000e+04, 2.03289421686335e-12]
	RefineElem[5: 1.13600000000000e+03, 6.80000000000000e+02, 1.80900000000000e+03, 1.80400000000000e+03, 2.03228435330678e-12]
	RefineElem[5: 1.79180000000000e+04, 1.49070000000000e+04, 1.48880000000000e+04, 1.29200000000000e+04, 2.03113030245951e-12]
	RefineElem[5: 7.09580000000000e+04, 4.14690000000000e+04, 4.14680000000000e+04, 4.11620000000000e+04, 2.03028567613337e-12]
	RefineElem[5: 5.79390000000000e+04, 2.67100000000000e+04, 2.66950000000000e+04, 2.66880000000000e+04, 2.03019960059872e-12]
	RefineElem[5: 7.19150000000000e+04, 4.16890000000000e+04, 2.75740000000000e+04, 2.75920000000000e+04, 2.02900150566996e-12]
	RefineElem[5: 8.47700000000000e+04, 4.47680000000000e+04, 1.21550000000000e+04, 9.00100000000000e+03, 2.02851869687370e-12]
	RefineElem[5: 5.79450000000000e+04, 2.67670000000000e+04, 2.67770000000000e+04, 2.67790000000000e+04, 2.02780298605121e-12]
	RefineElem[5: 6.12860000000000e+04, 2.40300000000000e+04, 2.17700000000000e+04, 2.39740000000000e+04, 2.02564893406432e-12]
	RefineElem[5: 7.32260000000000e+04, 8.56600000000000e+03, 7.44500000000000e+03, 4.19530000000000e+04, 2.02545717016580e-12]
	RefineElem[5: 7.90910000000000e+04, 2.38400000000000e+04, 4.32450000000000e+04, 3.92970000000000e+04, 2.02386735014561e-12]
	RefineElem[5: 8.32670000000000e+04, 4.43750000000000e+04, 2.76470000000000e+04, 2.76520000000000e+04, 2.02370545684237e-12]
	RefineElem[5: 6.82550000000000e+04, 2.10780000000000e+04, 2.10650000000000e+04, 4.06980000000000e+04, 2.02352828993765e-12]
	RefineElem[5: 8.01880000000000e+04, 4.35170000000000e+04, 4.35160000000000e+04, 4.07590000000000e+04, 2.02315038857302e-12]
	RefineElem[5: 7.36280000000000e+04, 4.20370000000000e+04, 9.99700000000000e+03, 9.98100000000000e+03, 2.02307698498476e-12]
	RefineElem[5: 6.99250000000000e+04, 4.09730000000000e+04, 4.11980000000000e+04, 4.11990000000000e+04, 2.02050935142750e-12]
	RefineElem[5: 6.64280000000000e+04, 4.00790000000000e+04, 3.92000000000000e+04, 2.03570000000000e+04, 2.02040067758729e-12]
	RefineElem[5: 7.55920000000000e+04, 9.63000000000000e+03, 9.63200000000000e+03, 4.24200000000000e+04, 2.02008714095029e-12]
	RefineElem[5: 9.04340000000000e+04, 4.50170000000000e+04, 4.50180000000000e+04, 4.68710000000000e+04, 2.01915609670429e-12]
	RefineElem[5: 9.68550000000000e+04, 4.20260000000000e+04, 4.89110000000000e+04, 4.57300000000000e+04, 2.01862261982409e-12]
	RefineElem[5: 9.10000000000000e+04, 4.70370000000000e+04, 4.13890000000000e+04, 2.47100000000000e+04, 2.01737444222632e-12]
	RefineElem[5: 7.77310000000000e+04, 4.16510000000000e+04, 4.28960000000000e+04, 4.28950000000000e+04, 2.01525518946669e-12]
	RefineElem[5: 7.51520000000000e+04, 4.23420000000000e+04, 4.05830000000000e+04, 4.06620000000000e+04, 2.01474732156358e-12]
	RefineElem[5: 5.56740000000000e+04, 2.20960000000000e+04, 2.36930000000000e+04, 2.36950000000000e+04, 2.01405621925424e-12]
	RefineElem[5: 6.86830000000000e+04, 4.08480000000000e+04, 2.20060000000000e+04, 4.08470000000000e+04, 2.01371533230345e-12]
	RefineElem[5: 9.82450000000000e+04, 4.94190000000000e+04, 4.94180000000000e+04, 4.54870000000000e+04, 2.01140670472785e-12]
	RefineElem[5: 9.58150000000000e+04, 4.85300000000000e+04, 4.42250000000000e+04, 4.42260000000000e+04, 2.01080937625160e-12]
	RefineElem[5: 7.19390000000000e+04, 4.16940000000000e+04, 2.77200000000000e+04, 2.76820000000000e+04, 2.01040155993338e-12]
	RefineElem[5: 4.94700000000000e+04, 3.83200000000000e+04, 3.95100000000000e+04, 3.94980000000000e+04, 2.00936595169018e-12]
	RefineElem[5: 6.42210000000000e+04, 4.33800000000000e+03, 4.34200000000000e+03, 3.62600000000000e+03, 2.00913807450347e-12]
	RefineElem[5: 7.33070000000000e+04, 4.19660000000000e+04, 1.26200000000000e+04, 1.26350000000000e+04, 2.00905911786615e-12]
	RefineElem[5: 7.44740000000000e+04, 2.54620000000000e+04, 4.10710000000000e+04, 4.21960000000000e+04, 2.00848352302444e-12]
	RefineElem[5: 6.97640000000000e+04, 4.11400000000000e+04, 4.06600000000000e+04, 2.70480000000000e+04, 2.00798427260470e-12]
	RefineElem[5: 4.80150000000000e+04, 3.74310000000000e+04, 3.98640000000000e+04, 3.98410000000000e+04, 2.00684279152452e-12]
	RefineElem[5: 5.21870000000000e+04, 2.07230000000000e+04, 2.07350000000000e+04, 2.07360000000000e+04, 2.00655714779574e-12]
	RefineElem[5: 7.22230000000000e+04, 4.17470000000000e+04, 4.11370000000000e+04, 2.81980000000000e+04, 2.00589252570688e-12]
	RefineElem[5: 7.28030000000000e+04, 4.18700000000000e+04, 3.48940000000000e+04, 4.16320000000000e+04, 2.00555705566581e-12]
	RefineElem[5: 5.19420000000000e+04, 1.52260000000000e+04, 1.60980000000000e+04, 1.60990000000000e+04, 2.00474877668111e-12]
	RefineElem[5: 5.58110000000000e+04, 2.46880000000000e+04, 2.66200000000000e+04, 2.66180000000000e+04, 2.00464928557261e-12]
	RefineElem[5: 1.77740000000000e+04, 1.45250000000000e+04, 1.45240000000000e+04, 1.25310000000000e+04, 2.00404973055818e-12]
	RefineElem[5: 1.83640000000000e+04, 1.67600000000000e+04, 1.67590000000000e+04, 1.67570000000000e+04, 2.00228859354051e-12]
	RefineElem[5: 5.39880000000000e+04, 1.90710000000000e+04, 1.90730000000000e+04, 1.90650000000000e+04, 2.00207510592819e-12]
	RefineElem[5: 7.79940000000000e+04, 4.29470000000000e+04, 2.36350000000000e+04, 4.08220000000000e+04, 2.00102205861027e-12]
	RefineElem[5: 6.64580000000000e+04, 4.00840000000000e+04, 2.03510000000000e+04, 2.77890000000000e+04, 2.00035673550892e-12]
	RefineElem[5: 6.52070000000000e+04, 2.63280000000000e+04, 2.43760000000000e+04, 2.43030000000000e+04, 1.99974391180720e-12]
	RefineElem[5: 7.26250000000000e+04, 4.18310000000000e+04, 4.08130000000000e+04, 2.82600000000000e+04, 1.99923351562477e-12]
	RefineElem[5: 8.85770000000000e+04, 4.63530000000000e+04, 4.63520000000000e+04, 2.40720000000000e+04, 1.99794363504956e-12]
	RefineElem[5: 6.26990000000000e+04, 2.63240000000000e+04, 2.64630000000000e+04, 2.64610000000000e+04, 1.99742458955692e-12]
	RefineElem[5: 6.89450000000000e+04, 2.61920000000000e+04, 2.61840000000000e+04, 4.09420000000000e+04, 1.99486150209401e-12]
	RefineElem[5: 7.32520000000000e+04, 4.19580000000000e+04, 4.12500000000000e+04, 2.63420000000000e+04, 1.99318773307301e-12]
	RefineElem[5: 1.79880000000000e+04, 1.63570000000000e+04, 1.64230000000000e+04, 1.44930000000000e+04, 1.99287768490240e-12]
	RefineElem[5: 5.91100000000000e+04, 1.19250000000000e+04, 1.19880000000000e+04, 1.19460000000000e+04, 1.99264590384458e-12]
	RefineElem[5: 8.47720000000000e+04, 9.00500000000000e+03, 1.12390000000000e+04, 4.47680000000000e+04, 1.99232902330766e-12]
	RefineElem[5: 7.40270000000000e+04, 4.21200000000000e+04, 2.53030000000000e+04, 2.57240000000000e+04, 1.99213494696908e-12]
	RefineElem[5: 1.01220000000000e+05, 5.02920000000000e+04, 4.76020000000000e+04, 4.04800000000000e+04, 1.99186092511577e-12]
	RefineElem[5: 2.29400000000000e+04, 2.39430000000000e+04, 2.39390000000000e+04, 2.14150000000000e+04, 1.99158166118360e-12]
	RefineElem[5: 7.85990000000000e+04, 4.31260000000000e+04, 4.14180000000000e+04, 4.14170000000000e+04, 1.99058615801805e-12]
	RefineElem[5: 2.38200000000000e+04, 2.08030000000000e+04, 2.08040000000000e+04, 2.31450000000000e+04, 1.99038780376300e-12]
	RefineElem[5: 7.68670000000000e+04, 2.39050000000000e+04, 3.88470000000000e+04, 4.27420000000000e+04, 1.98920213176063e-12]
	RefineElem[5: 7.71140000000000e+04, 1.93350000000000e+04, 4.27690000000000e+04, 1.92880000000000e+04, 1.98781562328863e-12]
	RefineElem[5: 6.98730000000000e+04, 4.11780000000000e+04, 2.31320000000000e+04, 2.31300000000000e+04, 1.98614749103383e-12]
	RefineElem[5: 5.58640000000000e+04, 2.58040000000000e+04, 2.58060000000000e+04, 2.61790000000000e+04, 1.98599798362836e-12]
	RefineElem[5: 7.84560000000000e+04, 4.30800000000000e+04, 2.32880000000000e+04, 2.32870000000000e+04, 1.98479423592688e-12]
	RefineElem[5: 1.03442000000000e+05, 3.49330000000000e+04, 5.10300000000000e+04, 5.02270000000000e+04, 1.98457776021021e-12]
	RefineElem[5: 7.13640000000000e+04, 4.15680000000000e+04, 2.32390000000000e+04, 2.32440000000000e+04, 1.98201659753237e-12]
	RefineElem[5: 9.82600000000000e+04, 3.49830000000000e+04, 4.83440000000000e+04, 4.94220000000000e+04, 1.98115599700306e-12]
	RefineElem[5: 7.82750000000000e+04, 4.30370000000000e+04, 4.10870000000000e+04, 4.10860000000000e+04, 1.98070753525915e-12]
	RefineElem[5: 7.09610000000000e+04, 4.14700000000000e+04, 4.14690000000000e+04, 4.11630000000000e+04, 1.98061861077306e-12]
	RefineElem[5: 8.05250000000000e+04, 2.88050000000000e+04, 4.35990000000000e+04, 2.88590000000000e+04, 1.98036265473177e-12]
	RefineElem[5: 7.07860000000000e+04, 4.14240000000000e+04, 2.42180000000000e+04, 2.42030000000000e+04, 1.98001177188853e-12]
	RefineElem[5: 9.41490000000000e+04, 4.23650000000000e+04, 4.79990000000000e+04, 4.06970000000000e+04, 1.97707451489994e-12]
	RefineElem[5: 1.01980000000000e+04, 9.87300000000000e+03, 9.86700000000000e+03, 1.15970000000000e+04, 1.97568760333119e-12]
	RefineElem[5: 6.70100000000000e+04, 3.99330000000000e+04, 4.02050000000000e+04, 4.02040000000000e+04, 1.97506141906727e-12]
	RefineElem[5: 7.05220000000000e+04, 1.14100000000000e+04, 1.00100000000000e+04, 4.13570000000000e+04, 1.97429723261799e-12]
	RefineElem[5: 7.42070000000000e+04, 4.21500000000000e+04, 2.46020000000000e+04, 2.46010000000000e+04, 1.97364769779618e-12]
	RefineElem[5: 9.82900000000000e+04, 2.42580000000000e+04, 2.42530000000000e+04, 4.94310000000000e+04, 1.97354551402828e-12]
	RefineElem[5: 6.91850000000000e+04, 4.09900000000000e+04, 2.28340000000000e+04, 2.29170000000000e+04, 1.97288585648758e-12]
	RefineElem[5: 7.72200000000000e+04, 2.28620000000000e+04, 2.28630000000000e+04, 4.27900000000000e+04, 1.97220588779201e-12]
	RefineElem[5: 6.99300000000000e+04, 4.11990000000000e+04, 4.12000000000000e+04, 4.09720000000000e+04, 1.97174865392406e-12]
	RefineElem[5: 7.63430000000000e+04, 4.10470000000000e+04, 4.26140000000000e+04, 2.12640000000000e+04, 1.97166712700922e-12]
	RefineElem[5: 5.26140000000000e+04, 2.67860000000000e+04, 2.67790000000000e+04, 2.67770000000000e+04, 1.97027802767448e-12]
	RefineElem[5: 6.88370000000000e+04, 4.09090000000000e+04, 2.08470000000000e+04, 2.08370000000000e+04, 1.96818746303336e-12]
	RefineElem[5: 6.12960000000000e+04, 2.18140000000000e+04, 2.18100000000000e+04, 2.18150000000000e+04, 1.96594147642982e-12]
	RefineElem[5: 7.69500000000000e+04, 4.16300000000000e+04, 4.27520000000000e+04, 2.16940000000000e+04, 1.96429460277906e-12]
	RefineElem[5: 5.59770000000000e+04, 2.73700000000000e+04, 2.72600000000000e+04, 2.72880000000000e+04, 1.96273724929632e-12]
	RefineElem[5: 7.68570000000000e+04, 2.39810000000000e+04, 2.17700000000000e+04, 4.27410000000000e+04, 1.96186016762684e-12]
	RefineElem[5: 7.37770000000000e+04, 4.20690000000000e+04, 7.41100000000000e+03, 7.41700000000000e+03, 1.96123307422773e-12]
	RefineElem[5: 6.27930000000000e+04, 2.54760000000000e+04, 2.54800000000000e+04, 2.54980000000000e+04, 1.96113347696236e-12]
	RefineElem[5: 6.81380000000000e+04, 4.06590000000000e+04, 2.68550000000000e+04, 2.68740000000000e+04, 1.96098713345720e-12]
	RefineElem[5: 7.70930000000000e+04, 2.64160000000000e+04, 2.63060000000000e+04, 4.27660000000000e+04, 1.96088925023478e-12]
	RefineElem[5: 7.27140000000000e+04, 2.07490000000000e+04, 4.18550000000000e+04, 4.13900000000000e+04, 1.96032784993314e-12]
	RefineElem[5: 1.81920000000000e+04, 1.66040000000000e+04, 1.66050000000000e+04, 1.65850000000000e+04, 1.96004712904187e-12]
	RefineElem[5: 7.53350000000000e+04, 4.23660000000000e+04, 7.43600000000000e+03, 4.16870000000000e+04, 1.95972618593315e-12]
	RefineElem[5: 6.27100000000000e+04, 2.45890000000000e+04, 2.45790000000000e+04, 2.45800000000000e+04, 1.95921492789418e-12]
	RefineElem[5: 4.11350000000000e+04, 1.70380000000000e+04, 2.32450000000000e+04, 2.32440000000000e+04, 1.95729124853390e-12]
	RefineElem[5: 6.58540000000000e+04, 1.67740000000000e+04, 2.27400000000000e+04, 2.27370000000000e+04, 1.95712568616146e-12]
	RefineElem[5: 8.63050000000000e+04, 4.54330000000000e+04, 4.42790000000000e+04, 4.42800000000000e+04, 1.95667378769841e-12]
	RefineElem[5: 8.62360000000000e+04, 1.47430000000000e+04, 4.54080000000000e+04, 4.54090000000000e+04, 1.95509403929809e-12]
	RefineElem[5: 4.16160000000000e+04, 2.74780000000000e+04, 2.74770000000000e+04, 2.00210000000000e+04, 1.95490106186443e-12]
	RefineElem[5: 7.37250000000000e+04, 4.20580000000000e+04, 4.08450000000000e+04, 2.28300000000000e+04, 1.95462247422352e-12]
	RefineElem[5: 7.28390000000000e+04, 2.32340000000000e+04, 2.07100000000000e+04, 4.18760000000000e+04, 1.95370460804191e-12]
	RefineElem[5: 6.04110000000000e+04, 4.93600000000000e+03, 3.58200000000000e+03, 6.34400000000000e+03, 1.95078817540198e-12]
	RefineElem[5: 5.40550000000000e+04, 3.73730000000000e+04, 3.73780000000000e+04, 3.73690000000000e+04, 1.95035590658056e-12]
	RefineElem[5: 2.12960000000000e+04, 1.88870000000000e+04, 1.88990000000000e+04, 1.89000000000000e+04, 1.95014304006219e-12]
	RefineElem[5: 7.18020000000000e+04, 4.16680000000000e+04, 3.48200000000000e+04, 3.85010000000000e+04, 1.94905787957121e-12]
	RefineElem[5: 1.02508000000000e+05, 5.07480000000000e+04, 5.07490000000000e+04, 4.89060000000000e+04, 1.94881469713134e-12]
	RefineElem[5: 5.88180000000000e+04, 2.56870000000000e+04, 2.53550000000000e+04, 2.53560000000000e+04, 1.94850944967829e-12]
	RefineElem[5: 7.09600000000000e+04, 4.11630000000000e+04, 4.11640000000000e+04, 4.14700000000000e+04, 1.94795346140051e-12]
	RefineElem[5: 6.28710000000000e+04, 2.75640000000000e+04, 2.76150000000000e+04, 2.76450000000000e+04, 1.94784479790227e-12]
	RefineElem[5: 3.56640000000000e+04, 3.48320000000000e+04, 3.48310000000000e+04, 3.48020000000000e+04, 1.94663925860756e-12]
	RefineElem[5: 6.18810000000000e+04, 3.59900000000000e+03, 3.59300000000000e+03, 3.59400000000000e+03, 1.94618257393457e-12]
	RefineElem[5: 2.26270000000000e+04, 2.23620000000000e+04, 2.35060000000000e+04, 2.35070000000000e+04, 1.94576390217529e-12]
	RefineElem[5: 1.53690000000000e+04, 1.28180000000000e+04, 1.28190000000000e+04, 1.28200000000000e+04, 1.94438745729446e-12]
	RefineElem[5: 8.08640000000000e+04, 2.86800000000000e+03, 4.37090000000000e+04, 5.90700000000000e+03, 1.94410273927354e-12]
	RefineElem[5: 7.56950000000000e+04, 4.24430000000000e+04, 1.01270000000000e+04, 1.01420000000000e+04, 1.94372159855443e-12]
	RefineElem[5: 9.85040000000000e+04, 4.94960000000000e+04, 4.05020000000000e+04, 4.07230000000000e+04, 1.94361455185989e-12]
	RefineElem[5: 7.09660000000000e+04, 4.11640000000000e+04, 4.11650000000000e+04, 4.14710000000000e+04, 1.94239117526599e-12]
	RefineElem[5: 8.17350000000000e+04, 4.39270000000000e+04, 1.28190000000000e+04, 1.28180000000000e+04, 1.94218158833448e-12]
	RefineElem[5: 8.31970000000000e+04, 4.43630000000000e+04, 2.07950000000000e+04, 2.31540000000000e+04, 1.94163778211124e-12]
	RefineElem[5: 7.54740000000000e+04, 7.28000000000000e+02, 4.23890000000000e+04, 4.37500000000000e+03, 1.94126853991809e-12]
	RefineElem[5: 5.06660000000000e+04, 6.09600000000000e+03, 4.84500000000000e+03, 4.84900000000000e+03, 1.94091724240558e-12]
	RefineElem[5: 9.79490000000000e+04, 4.57560000000000e+04, 4.90980000000000e+04, 4.93400000000000e+04, 1.94089923091729e-12]
	RefineElem[5: 7.81150000000000e+04, 2.46120000000000e+04, 2.46520000000000e+04, 4.29790000000000e+04, 1.94034711823259e-12]
	RefineElem[5: 7.63900000000000e+04, 4.26220000000000e+04, 2.10700000000000e+04, 2.10670000000000e+04, 1.94001654727757e-12]
	RefineElem[5: 7.62120000000000e+04, 4.25730000000000e+04, 4.10010000000000e+04, 4.10020000000000e+04, 1.93974672783049e-12]
	RefineElem[5: 6.82940000000000e+04, 2.22710000000000e+04, 2.22860000000000e+04, 4.07090000000000e+04, 1.93791232681576e-12]
	RefineElem[5: 6.91410000000000e+04, 4.09790000000000e+04, 1.45710000000000e+04, 1.62560000000000e+04, 1.93749896721181e-12]
	RefineElem[5: 9.90060000000000e+04, 4.88640000000000e+04, 4.53800000000000e+04, 4.96340000000000e+04, 1.93715725748164e-12]
	RefineElem[5: 9.11370000000000e+04, 3.60480000000000e+04, 4.29550000000000e+04, 4.70780000000000e+04, 1.93610446059272e-12]
	RefineElem[5: 6.12390000000000e+04, 2.03930000000000e+04, 2.03920000000000e+04, 2.04140000000000e+04, 1.93489180588602e-12]
	RefineElem[5: 8.31990000000000e+04, 2.31530000000000e+04, 2.07960000000000e+04, 4.43630000000000e+04, 1.93317351098400e-12]
	RefineElem[5: 7.69480000000000e+04, 2.39250000000000e+04, 2.38070000000000e+04, 4.27510000000000e+04, 1.92948840455807e-12]
	RefineElem[5: 4.94100000000000e+04, 3.82830000000000e+04, 3.95770000000000e+04, 3.95570000000000e+04, 1.92844138579576e-12]
	RefineElem[5: 9.52220000000000e+04, 4.83430000000000e+04, 4.83410000000000e+04, 4.83400000000000e+04, 1.92835349259997e-12]
	RefineElem[5: 7.17950000000000e+04, 4.16640000000000e+04, 3.48220000000000e+04, 3.48440000000000e+04, 1.92674680364169e-12]
	RefineElem[5: 6.79450000000000e+04, 2.41050000000000e+04, 2.41060000000000e+04, 4.05930000000000e+04, 1.92561446489493e-12]
	RefineElem[5: 5.64430000000000e+04, 1.56000000000000e+03, 7.33000000000000e+02, 7.26000000000000e+02, 1.92471748513009e-12]
	RefineElem[5: 5.78940000000000e+04, 2.53610000000000e+04, 2.57230000000000e+04, 3.87990000000000e+04, 1.92421733430054e-12]
	RefineElem[5: 7.51540000000000e+04, 2.68730000000000e+04, 4.23430000000000e+04, 4.23420000000000e+04, 1.92314496339973e-12]
	RefineElem[5: 6.82170000000000e+04, 4.06910000000000e+04, 3.62500000000000e+03, 3.60900000000000e+03, 1.92182491392824e-12]
	RefineElem[5: 6.37770000000000e+04, 2.75950000000000e+04, 2.75890000000000e+04, 2.75900000000000e+04, 1.92118578887411e-12]
	RefineElem[5: 9.85020000000000e+04, 4.94950000000000e+04, 4.94960000000000e+04, 4.07240000000000e+04, 1.91918831645699e-12]
	RefineElem[5: 7.44960000000000e+04, 4.22020000000000e+04, 4.22010000000000e+04, 9.83000000000000e+03, 1.91880654413065e-12]
	RefineElem[5: 6.02910000000000e+04, 6.74000000000000e+02, 2.56800000000000e+03, 1.74100000000000e+03, 1.91859283744931e-12]
	RefineElem[5: 7.28360000000000e+04, 4.18760000000000e+04, 2.07090000000000e+04, 2.32350000000000e+04, 1.91830280389145e-12]
	RefineElem[5: 3.56670000000000e+04, 3.48020000000000e+04, 3.48310000000000e+04, 3.48300000000000e+04, 1.91734641881342e-12]
	RefineElem[5: 8.89290000000000e+04, 2.45450000000000e+04, 4.49120000000000e+04, 4.64540000000000e+04, 1.91563090948426e-12]
	RefineElem[5: 9.43610000000000e+04, 4.06570000000000e+04, 4.80750000000000e+04, 4.06150000000000e+04, 1.91540418695273e-12]
	RefineElem[5: 6.90310000000000e+04, 4.09570000000000e+04, 4.08470000000000e+04, 2.20060000000000e+04, 1.91500552447206e-12]
	RefineElem[5: 8.25500000000000e+04, 4.41990000000000e+04, 2.79350000000000e+04, 4.21570000000000e+04, 1.91470955741750e-12]
	RefineElem[5: 1.01180000000000e+04, 1.13290000000000e+04, 1.13330000000000e+04, 1.00570000000000e+04, 1.91376220941182e-12]
	RefineElem[5: 5.96520000000000e+04, 2.64810000000000e+04, 2.64830000000000e+04, 2.65150000000000e+04, 1.91316164355860e-12]
	RefineElem[5: 6.87460000000000e+04, 4.08710000000000e+04, 5.91200000000000e+03, 5.93600000000000e+03, 1.91313796605400e-12]
	RefineElem[5: 9.59290000000000e+04, 4.85630000000000e+04, 4.85620000000000e+04, 4.03900000000000e+04, 1.91291212599562e-12]
	RefineElem[5: 4.94130000000000e+04, 3.95770000000000e+04, 3.82830000000000e+04, 3.95680000000000e+04, 1.91280375888941e-12]
	RefineElem[5: 5.14940000000000e+04, 1.22110000000000e+04, 1.21650000000000e+04, 1.22010000000000e+04, 1.91232356278872e-12]
	RefineElem[5: 4.87880000000000e+04, 3.78170000000000e+04, 3.96130000000000e+04, 3.96090000000000e+04, 1.91164549918585e-12]
	RefineElem[5: 6.16330000000000e+04, 2.42440000000000e+04, 3.88250000000000e+04, 2.64440000000000e+04, 1.90965990035665e-12]
	RefineElem[5: 9.02710000000000e+04, 4.68230000000000e+04, 1.92150000000000e+04, 3.93350000000000e+04, 1.90855054869549e-12]
	RefineElem[5: 7.91130000000000e+04, 1.01010000000000e+04, 4.32470000000000e+04, 7.44200000000000e+03, 1.90745673803117e-12]
	RefineElem[5: 5.27590000000000e+04, 2.82600000000000e+04, 2.82760000000000e+04, 2.82800000000000e+04, 1.90604301223802e-12]
	RefineElem[5: 7.59290000000000e+04, 4.24920000000000e+04, 2.48380000000000e+04, 2.48440000000000e+04, 1.90282655922372e-12]
	RefineElem[5: 9.21300000000000e+03, 8.67300000000000e+03, 8.59200000000000e+03, 8.59900000000000e+03, 1.90152369171646e-12]
	RefineElem[5: 6.96940000000000e+04, 2.52300000000000e+04, 4.11260000000000e+04, 2.52870000000000e+04, 1.90151353808340e-12]
	RefineElem[5: 8.04800000000000e+04, 4.15350000000000e+04, 1.96140000000000e+04, 4.35940000000000e+04, 1.90112267637977e-12]
	RefineElem[5: 7.94110000000000e+04, 4.33090000000000e+04, 2.31820000000000e+04, 2.31810000000000e+04, 1.89931952198768e-12]
	RefineElem[5: 7.91140000000000e+04, 4.32470000000000e+04, 1.02510000000000e+04, 7.43700000000000e+03, 1.89924144600878e-12]
	RefineElem[5: 8.74850000000000e+04, 4.60290000000000e+04, 4.48130000000000e+04, 3.50620000000000e+04, 1.89878816393846e-12]
	RefineElem[5: 9.55400000000000e+04, 4.84460000000000e+04, 4.84470000000000e+04, 4.23720000000000e+04, 1.89806578901587e-12]
	RefineElem[5: 6.83280000000000e+04, 4.07180000000000e+04, 2.31760000000000e+04, 2.31780000000000e+04, 1.89619738916351e-12]
	RefineElem[5: 7.22890000000000e+04, 2.17760000000000e+04, 4.17590000000000e+04, 4.17600000000000e+04, 1.89597461023642e-12]
	RefineElem[5: 7.94850000000000e+04, 4.33220000000000e+04, 4.33210000000000e+04, 4.07030000000000e+04, 1.89422131970491e-12]
	RefineElem[5: 7.33820000000000e+04, 2.11360000000000e+04, 2.87770000000000e+04, 4.19810000000000e+04, 1.89327462953807e-12]
	RefineElem[5: 7.09500000000000e+04, 4.14670000000000e+04, 2.74700000000000e+03, 6.04300000000000e+03, 1.89205307704569e-12]
	RefineElem[5: 8.29780000000000e+04, 4.43110000000000e+04, 4.18440000000000e+04, 4.04690000000000e+04, 1.89192139921714e-12]
	RefineElem[5: 6.98100000000000e+04, 4.11610000000000e+04, 2.37130000000000e+04, 2.37200000000000e+04, 1.89162700638037e-12]
	RefineElem[5: 6.17970000000000e+04, 7.33000000000000e+02, 7.41000000000000e+02, 7.26000000000000e+02, 1.88985184225457e-12]
	RefineElem[5: 5.21730000000000e+04, 2.03720000000000e+04, 2.03620000000000e+04, 2.03640000000000e+04, 1.88893006876707e-12]
	RefineElem[5: 8.11510000000000e+04, 4.38120000000000e+04, 1.15620000000000e+04, 1.15530000000000e+04, 1.88724660027221e-12]
	RefineElem[5: 9.15220000000000e+04, 4.72040000000000e+04, 4.72030000000000e+04, 4.72010000000000e+04, 1.88710050198708e-12]
	RefineElem[5: 2.14460000000000e+04, 1.90580000000000e+04, 1.90590000000000e+04, 1.90340000000000e+04, 1.88690345892428e-12]
	RefineElem[5: 8.84730000000000e+04, 4.63210000000000e+04, 4.63190000000000e+04, 2.16300000000000e+04, 1.88674859795444e-12]
	RefineElem[5: 8.96000000000000e+04, 4.66290000000000e+04, 4.08340000000000e+04, 4.64100000000000e+04, 1.88538722551730e-12]
	RefineElem[5: 6.62200000000000e+03, 6.20900000000000e+03, 2.55000000000000e+03, 6.65000000000000e+02, 1.88460099292862e-12]
	RefineElem[5: 7.34750000000000e+04, 4.20030000000000e+04, 2.26680000000000e+04, 2.27580000000000e+04, 1.88267985541420e-12]
	RefineElem[5: 7.20070000000000e+04, 4.17060000000000e+04, 4.17050000000000e+04, 1.93040000000000e+04, 1.88020141143197e-12]
	RefineElem[5: 5.84880000000000e+04, 9.14200000000000e+03, 8.36300000000000e+03, 9.10900000000000e+03, 1.88018117280421e-12]
	RefineElem[5: 7.55220000000000e+04, 4.24030000000000e+04, 4.24020000000000e+04, 2.41500000000000e+04, 1.87888300143801e-12]
	RefineElem[5: 8.66100000000000e+04, 4.55720000000000e+04, 2.67550000000000e+04, 2.67520000000000e+04, 1.87766342492715e-12]
	RefineElem[5: 5.88740000000000e+04, 2.77850000000000e+04, 2.77210000000000e+04, 2.78000000000000e+04, 1.87762435000830e-12]
	RefineElem[5: 3.95950000000000e+04, 1.67700000000000e+04, 1.67670000000000e+04, 1.67710000000000e+04, 1.87742589342075e-12]
	RefineElem[5: 7.48300000000000e+03, 5.53000000000000e+03, 5.52900000000000e+03, 3.18400000000000e+03, 1.87733046811872e-12]
	RefineElem[5: 9.01310000000000e+04, 2.51120000000000e+04, 4.41610000000000e+04, 4.67780000000000e+04, 1.87602068664084e-12]
	RefineElem[5: 6.34430000000000e+04, 2.29540000000000e+04, 2.30920000000000e+04, 3.94110000000000e+04, 1.87334375872277e-12]
	RefineElem[5: 6.79050000000000e+04, 2.68790000000000e+04, 2.68800000000000e+04, 4.05830000000000e+04, 1.87176178773552e-12]
	RefineElem[5: 7.62480000000000e+04, 4.25860000000000e+04, 4.25870000000000e+04, 4.13860000000000e+04, 1.87161274089830e-12]
	RefineElem[5: 7.95830000000000e+04, 1.26100000000000e+03, 9.31000000000000e+02, 4.33410000000000e+04, 1.87090706090732e-12]
	RefineElem[5: 6.89020000000000e+04, 2.11750000000000e+04, 2.11790000000000e+04, 4.09280000000000e+04, 1.86954792825189e-12]
	RefineElem[5: 7.52860000000000e+04, 2.68540000000000e+04, 3.89200000000000e+04, 4.23570000000000e+04, 1.86905093159245e-12]
	RefineElem[5: 7.05200000000000e+04, 4.13570000000000e+04, 9.99900000000000e+03, 4.06690000000000e+04, 1.86794665063706e-12]
	RefineElem[5: 6.81430000000000e+04, 4.06590000000000e+04, 2.70470000000000e+04, 2.70180000000000e+04, 1.86726111884024e-12]
	RefineElem[5: 6.33190000000000e+04, 1.45560000000000e+04, 1.45480000000000e+04, 1.45710000000000e+04, 1.86669488283433e-12]
	RefineElem[5: 6.30850000000000e+04, 4.03300000000000e+03, 3.81800000000000e+03, 3.75800000000000e+03, 1.86663754163491e-12]
	RefineElem[5: 4.76620000000000e+04, 3.49190000000000e+04, 3.50380000000000e+04, 3.87150000000000e+04, 1.86660867641493e-12]
	RefineElem[5: 9.00490000000000e+04, 2.50250000000000e+04, 4.67550000000000e+04, 4.67560000000000e+04, 1.86588793104339e-12]
	RefineElem[5: 7.83850000000000e+04, 4.30640000000000e+04, 2.49340000000000e+04, 4.21000000000000e+04, 1.86446709413978e-12]
	RefineElem[5: 5.66450000000000e+04, 6.38000000000000e+02, 2.49200000000000e+03, 6.64000000000000e+02, 1.86381014330826e-12]
	RefineElem[5: 6.25990000000000e+04, 2.14040000000000e+04, 3.92810000000000e+04, 1.92120000000000e+04, 1.86352195306219e-12]
	RefineElem[5: 8.64510000000000e+04, 2.89180000000000e+04, 2.67320000000000e+04, 4.54960000000000e+04, 1.86162437561221e-12]
	RefineElem[5: 5.21210000000000e+04, 1.95200000000000e+04, 1.96000000000000e+04, 1.95990000000000e+04, 1.86133737062464e-12]
	RefineElem[5: 6.92280000000000e+04, 4.10030000000000e+04, 1.63830000000000e+04, 1.45290000000000e+04, 1.86094624940543e-12]
	RefineElem[5: 7.80600000000000e+04, 4.29660000000000e+04, 4.04280000000000e+04, 4.07820000000000e+04, 1.86073840495054e-12]
	RefineElem[5: 7.21580000000000e+04, 2.23460000000000e+04, 2.23210000000000e+04, 4.17360000000000e+04, 1.86072378694679e-12]
	RefineElem[5: 9.06070000000000e+04, 2.55090000000000e+04, 4.69230000000000e+04, 4.21960000000000e+04, 1.85876099198507e-12]
	RefineElem[5: 3.56930000000000e+04, 3.47600000000000e+04, 3.47500000000000e+04, 3.48150000000000e+04, 1.85860803290235e-12]
	RefineElem[5: 6.38670000000000e+04, 1.25500000000000e+04, 1.25440000000000e+04, 1.25470000000000e+04, 1.85842566527040e-12]
	RefineElem[5: 8.51160000000000e+04, 4.48660000000000e+04, 1.43810000000000e+04, 1.26290000000000e+04, 1.85821829786306e-12]
	RefineElem[5: 2.50420000000000e+04, 2.68360000000000e+04, 2.68310000000000e+04, 2.68260000000000e+04, 1.85680376467302e-12]
	RefineElem[5: 9.48910000000000e+04, 4.10260000000000e+04, 4.10250000000000e+04, 4.82360000000000e+04, 1.85590986087552e-12]
	RefineElem[5: 7.17840000000000e+04, 4.16620000000000e+04, 4.08800000000000e+04, 3.48750000000000e+04, 1.85577693198166e-12]
	RefineElem[5: 9.07830000000000e+04, 4.69730000000000e+04, 2.33540000000000e+04, 2.34220000000000e+04, 1.85393950749604e-12]
	RefineElem[5: 1.01150000000000e+04, 1.12950000000000e+04, 1.13320000000000e+04, 1.13280000000000e+04, 1.85371060941704e-12]
	RefineElem[5: 2.21740000000000e+04, 2.19030000000000e+04, 2.18550000000000e+04, 2.18720000000000e+04, 1.85362328479184e-12]
	RefineElem[5: 6.40440000000000e+04, 1.00100000000000e+04, 1.14540000000000e+04, 1.14410000000000e+04, 1.85336889656397e-12]
	RefineElem[5: 8.32640000000000e+04, 4.43740000000000e+04, 2.77460000000000e+04, 2.76730000000000e+04, 1.85333208104045e-12]
	RefineElem[5: 5.47060000000000e+04, 6.17600000000000e+03, 6.15400000000000e+03, 6.16600000000000e+03, 1.85296800998992e-12]
	RefineElem[5: 7.19180000000000e+04, 4.16920000000000e+04, 2.70620000000000e+04, 2.70630000000000e+04, 1.85281615974679e-12]
	RefineElem[5: 9.61870000000000e+04, 2.54420000000000e+04, 2.54430000000000e+04, 4.86380000000000e+04, 1.85258895024277e-12]
	RefineElem[5: 7.22690000000000e+04, 4.17560000000000e+04, 2.35910000000000e+04, 2.35670000000000e+04, 1.85247471312547e-12]
	RefineElem[5: 9.44120000000000e+04, 4.80890000000000e+04, 4.04400000000000e+04, 4.49940000000000e+04, 1.85168925278408e-12]
	RefineElem[5: 8.60900000000000e+04, 4.33530000000000e+04, 4.53590000000000e+04, 4.33560000000000e+04, 1.85087899625579e-12]
	RefineElem[5: 4.51500000000000e+04, 2.11390000000000e+04, 2.87700000000000e+04, 2.11360000000000e+04, 1.85045669262232e-12]
	RefineElem[5: 1.83740000000000e+04, 1.67710000000000e+04, 1.67960000000000e+04, 1.67930000000000e+04, 1.85041134651913e-12]
	RefineElem[5: 9.59710000000000e+04, 2.90700000000000e+04, 4.55320000000000e+04, 4.85770000000000e+04, 1.84974613540090e-12]
	RefineElem[5: 6.83490000000000e+04, 4.07210000000000e+04, 4.07220000000000e+04, 4.05020000000000e+04, 1.84969391718809e-12]
	RefineElem[5: 7.34410000000000e+04, 4.19980000000000e+04, 2.11340000000000e+04, 2.11470000000000e+04, 1.84864670653841e-12]
	RefineElem[5: 6.65680000000000e+04, 3.91960000000000e+04, 4.01050000000000e+04, 2.12830000000000e+04, 1.84825682747724e-12]
	RefineElem[5: 4.41590000000000e+04, 2.11670000000000e+04, 2.87710000000000e+04, 2.11610000000000e+04, 1.84790013039937e-12]
	RefineElem[5: 7.92390000000000e+04, 4.32750000000000e+04, 2.22250000000000e+04, 2.21760000000000e+04, 1.84542867767824e-12]
	RefineElem[5: 9.79420000000000e+04, 4.93380000000000e+04, 2.42400000000000e+04, 4.10260000000000e+04, 1.84516180972661e-12]
	RefineElem[5: 6.37590000000000e+04, 2.24610000000000e+04, 2.25260000000000e+04, 2.24220000000000e+04, 1.84365537718363e-12]
	RefineElem[5: 6.27860000000000e+04, 2.55070000000000e+04, 2.56590000000000e+04, 2.56600000000000e+04, 1.84317235502141e-12]
	RefineElem[5: 1.01237000000000e+05, 4.58410000000000e+04, 5.02980000000000e+04, 5.02920000000000e+04, 1.84294063528547e-12]
	RefineElem[5: 7.03590000000000e+04, 4.13080000000000e+04, 2.14210000000000e+04, 2.14220000000000e+04, 1.84057710423393e-12]
	RefineElem[5: 8.60130000000000e+04, 2.33790000000000e+04, 4.53240000000000e+04, 4.08440000000000e+04, 1.84006549334459e-12]
	RefineElem[5: 3.56550000000000e+04, 3.47950000000000e+04, 3.47940000000000e+04, 3.48760000000000e+04, 1.83939276453994e-12]
	RefineElem[5: 6.24170000000000e+04, 1.52980000000000e+04, 1.53360000000000e+04, 1.55080000000000e+04, 1.83838864981921e-12]
	RefineElem[5: 9.44080000000000e+04, 4.80880000000000e+04, 4.80890000000000e+04, 4.49950000000000e+04, 1.83824145758828e-12]
	RefineElem[5: 8.42590000000000e+04, 4.39820000000000e+04, 2.28750000000000e+04, 4.46600000000000e+04, 1.83760513818878e-12]
	RefineElem[5: 6.89460000000000e+04, 2.61870000000000e+04, 2.61830000000000e+04, 4.09420000000000e+04, 1.83751419735641e-12]
	RefineElem[5: 6.84830000000000e+04, 4.07830000000000e+04, 2.31440000000000e+04, 2.31450000000000e+04, 1.83718766108756e-12]
	RefineElem[5: 5.22540000000000e+04, 2.17790000000000e+04, 2.17910000000000e+04, 2.17890000000000e+04, 1.83617617327720e-12]
	RefineElem[5: 8.91740000000000e+04, 4.65270000000000e+04, 4.31490000000000e+04, 6.83000000000000e+02, 1.83588552261604e-12]
	RefineElem[5: 8.00500000000000e+04, 9.85200000000000e+03, 1.24990000000000e+04, 4.34820000000000e+04, 1.83494733227252e-12]
	RefineElem[5: 1.81450000000000e+04, 1.65330000000000e+04, 1.65320000000000e+04, 1.65350000000000e+04, 1.83461818985050e-12]
	RefineElem[5: 6.99330000000000e+04, 4.12000000000000e+04, 1.22250000000000e+04, 4.09710000000000e+04, 1.83386941062578e-12]
	RefineElem[5: 6.06530000000000e+04, 1.00530000000000e+04, 1.00600000000000e+04, 1.02720000000000e+04, 1.83376034162297e-12]
	RefineElem[5: 5.34630000000000e+04, 3.70240000000000e+04, 3.70280000000000e+04, 3.70230000000000e+04, 1.83321759584073e-12]
	RefineElem[5: 7.25050000000000e+04, 4.18010000000000e+04, 4.04440000000000e+04, 3.74320000000000e+04, 1.83306595363633e-12]
	RefineElem[5: 7.31650000000000e+04, 4.19430000000000e+04, 2.03540000000000e+04, 2.03530000000000e+04, 1.83304904507426e-12]
	RefineElem[5: 7.83340000000000e+04, 4.30560000000000e+04, 4.30570000000000e+04, 4.09300000000000e+04, 1.83265440559596e-12]
	RefineElem[5: 7.85340000000000e+04, 4.31070000000000e+04, 4.31060000000000e+04, 4.06360000000000e+04, 1.83125143295509e-12]
	RefineElem[5: 5.42870000000000e+04, 1.60900000000000e+03, 7.23000000000000e+02, 7.15000000000000e+02, 1.83041780018424e-12]
	RefineElem[5: 7.56340000000000e+04, 4.24280000000000e+04, 2.83950000000000e+04, 2.85010000000000e+04, 1.83003190871806e-12]
	RefineElem[5: 7.34070000000000e+04, 9.92200000000000e+03, 7.55600000000000e+03, 4.19840000000000e+04, 1.82872516272842e-12]
	RefineElem[5: 8.49570000000000e+04, 4.48140000000000e+04, 3.50570000000000e+04, 3.50400000000000e+04, 1.82800311716189e-12]
	RefineElem[5: 7.52800000000000e+04, 4.23570000000000e+04, 2.88890000000000e+04, 2.68400000000000e+04, 1.82698010736695e-12]
	RefineElem[5: 7.10910000000000e+04, 4.15020000000000e+04, 2.82880000000000e+04, 2.82920000000000e+04, 1.82552217547282e-12]
	RefineElem[5: 9.90090000000000e+04, 4.03730000000000e+04, 4.96350000000000e+04, 4.77200000000000e+04, 1.82232073028338e-12]
	RefineElem[5: 5.74800000000000e+04, 1.13190000000000e+04, 1.13150000000000e+04, 1.22340000000000e+04, 1.82122917274707e-12]
	RefineElem[5: 1.81650000000000e+04, 1.65470000000000e+04, 1.65700000000000e+04, 1.65710000000000e+04, 1.82105427525151e-12]
	RefineElem[5: 1.65290000000000e+04, 1.62260000000000e+04, 1.62230000000000e+04, 1.42120000000000e+04, 1.82067558488765e-12]
	RefineElem[5: 7.34030000000000e+04, 4.19840000000000e+04, 7.29800000000000e+03, 9.88300000000000e+03, 1.82010248278442e-12]
	RefineElem[5: 7.20080000000000e+04, 4.17060000000000e+04, 4.05080000000000e+04, 4.05070000000000e+04, 1.81986916016926e-12]
	RefineElem[5: 6.76290000000000e+04, 1.02090000000000e+04, 4.04740000000000e+04, 1.16130000000000e+04, 1.81944556693780e-12]
	RefineElem[5: 6.16360000000000e+04, 2.64430000000000e+04, 2.64440000000000e+04, 3.88250000000000e+04, 1.81912209815174e-12]
	RefineElem[5: 7.47540000000000e+04, 4.22640000000000e+04, 4.16320000000000e+04, 3.49060000000000e+04, 1.81897480412063e-12]
	RefineElem[5: 9.34720000000000e+04, 2.91720000000000e+04, 2.91670000000000e+04, 4.77830000000000e+04, 1.81891592467671e-12]
	RefineElem[5: 6.83430000000000e+04, 8.58700000000000e+03, 8.50800000000000e+03, 4.07200000000000e+04, 1.81879235540370e-12]
	RefineElem[5: 6.07790000000000e+04, 1.28980000000000e+04, 1.28880000000000e+04, 1.28890000000000e+04, 1.81869658697372e-12]
	RefineElem[5: 6.24230000000000e+04, 1.53700000000000e+04, 1.53590000000000e+04, 1.53440000000000e+04, 1.81846496519545e-12]
	RefineElem[5: 3.57080000000000e+04, 3.48520000000000e+04, 3.48270000000000e+04, 3.47550000000000e+04, 1.81782057708040e-12]
	RefineElem[5: 1.81460000000000e+04, 1.65390000000000e+04, 1.65300000000000e+04, 1.65330000000000e+04, 1.81719536492699e-12]
	RefineElem[5: 8.82330000000000e+04, 4.62560000000000e+04, 4.08890000000000e+04, 4.53500000000000e+04, 1.81570968395807e-12]
	RefineElem[5: 7.94800000000000e+04, 4.33200000000000e+04, 4.33190000000000e+04, 4.07050000000000e+04, 1.81556678074268e-12]
	RefineElem[5: 3.58200000000000e+04, 3.50120000000000e+04, 3.50270000000000e+04, 3.49420000000000e+04, 1.81439788187041e-12]
	RefineElem[5: 7.17290000000000e+04, 4.16510000000000e+04, 9.82000000000000e+02, 9.83000000000000e+02, 1.81388007682925e-12]
	RefineElem[5: 7.88400000000000e+04, 4.27690000000000e+04, 1.93020000000000e+04, 4.31770000000000e+04, 1.81362388154663e-12]
	RefineElem[5: 3.99560000000000e+04, 2.77920000000000e+04, 2.78080000000000e+04, 2.03410000000000e+04, 1.81254056741855e-12]
	RefineElem[5: 9.10330000000000e+04, 4.70470000000000e+04, 4.52460000000000e+04, 2.47590000000000e+04, 1.81147790375159e-12]
	RefineElem[5: 6.12300000000000e+04, 2.01870000000000e+04, 2.02020000000000e+04, 2.02010000000000e+04, 1.81093915808624e-12]
	RefineElem[5: 7.11440000000000e+04, 2.29730000000000e+04, 2.31200000000000e+04, 4.15120000000000e+04, 1.81060973755843e-12]
	RefineElem[5: 6.24900000000000e+04, 1.63730000000000e+04, 1.64180000000000e+04, 1.63890000000000e+04, 1.80969146208157e-12]
	RefineElem[5: 2.45420000000000e+04, 2.45310000000000e+04, 2.45330000000000e+04, 2.45360000000000e+04, 1.80918867101452e-12]
	RefineElem[5: 2.57080000000000e+04, 2.69860000000000e+04, 2.70210000000000e+04, 2.70200000000000e+04, 1.80830987117448e-12]
	RefineElem[5: 8.06300000000000e+04, 4.36350000000000e+04, 1.01210000000000e+04, 9.88000000000000e+03, 1.80771451096898e-12]
	RefineElem[5: 5.79560000000000e+04, 2.69370000000000e+04, 2.69190000000000e+04, 3.89850000000000e+04, 1.80754743307400e-12]
	RefineElem[5: 7.74140000000000e+04, 2.44180000000000e+04, 4.12510000000000e+04, 4.28280000000000e+04, 1.80750337987647e-12]
	RefineElem[5: 8.06880000000000e+04, 4.36480000000000e+04, 4.17250000000000e+04, 4.17260000000000e+04, 1.80626555721433e-12]
	RefineElem[5: 6.76280000000000e+04, 1.16130000000000e+04, 1.02070000000000e+04, 1.02090000000000e+04, 1.80554675339156e-12]
	RefineElem[5: 7.31590000000000e+04, 4.19420000000000e+04, 1.27550000000000e+04, 1.27540000000000e+04, 1.80544601819456e-12]
	RefineElem[5: 8.99270000000000e+04, 4.67330000000000e+04, 7.09000000000000e+02, 7.14000000000000e+02, 1.80467375777089e-12]
	RefineElem[5: 7.80610000000000e+04, 4.29670000000000e+04, 7.52800000000000e+03, 4.29660000000000e+04, 1.80462053339030e-12]
	RefineElem[5: 5.23110000000000e+04, 2.23710000000000e+04, 2.22810000000000e+04, 2.22800000000000e+04, 1.80442945807349e-12]
	RefineElem[5: 6.25900000000000e+04, 2.04450000000000e+04, 2.04840000000000e+04, 2.05290000000000e+04, 1.80364091727482e-12]
	RefineElem[5: 7.08180000000000e+04, 3.49360000000000e+04, 3.49490000000000e+04, 4.14330000000000e+04, 1.80127263048689e-12]
	RefineElem[5: 3.56520000000000e+04, 3.48400000000000e+04, 3.48760000000000e+04, 3.47940000000000e+04, 1.80096250902271e-12]
	RefineElem[5: 5.57400000000000e+04, 2.29270000000000e+04, 2.29250000000000e+04, 2.29190000000000e+04, 1.80079535107014e-12]
	RefineElem[5: 7.14160000000000e+04, 4.12580000000000e+04, 4.15830000000000e+04, 4.15840000000000e+04, 1.80077612293430e-12]
	RefineElem[5: 7.35280000000000e+04, 4.20150000000000e+04, 2.81070000000000e+04, 2.81050000000000e+04, 1.80043603755722e-12]
	RefineElem[5: 6.32070000000000e+04, 9.97000000000000e+03, 9.97500000000000e+03, 9.96300000000000e+03, 1.80010719509357e-12]
	RefineElem[5: 7.52020000000000e+04, 4.23490000000000e+04, 2.77680000000000e+04, 2.80510000000000e+04, 1.79870987754169e-12]
	RefineElem[5: 6.59380000000000e+04, 2.54080000000000e+04, 2.54120000000000e+04, 2.52790000000000e+04, 1.79862882225529e-12]
	RefineElem[5: 7.71180000000000e+04, 4.10540000000000e+04, 1.93020000000000e+04, 4.27690000000000e+04, 1.79777725922576e-12]
	RefineElem[5: 1.79470000000000e+04, 1.34250000000000e+04, 1.34550000000000e+04, 1.54070000000000e+04, 1.79530637440272e-12]
	RefineElem[5: 9.79530000000000e+04, 4.90990000000000e+04, 4.91000000000000e+04, 4.93420000000000e+04, 1.79478560957812e-12]
	RefineElem[5: 7.12150000000000e+04, 4.15260000000000e+04, 1.00110000000000e+04, 4.05250000000000e+04, 1.79163152818058e-12]
	RefineElem[5: 3.47400000000000e+04, 3.41050000000000e+04, 3.82920000000000e+04, 3.82880000000000e+04, 1.79162384778494e-12]
	RefineElem[5: 8.66530000000000e+04, 4.55970000000000e+04, 2.55350000000000e+04, 2.55360000000000e+04, 1.79152286144273e-12]
	RefineElem[5: 9.63970000000000e+04, 4.87150000000000e+04, 4.55300000000000e+04, 4.55290000000000e+04, 1.79094688438049e-12]
	RefineElem[5: 4.86790000000000e+04, 3.77250000000000e+04, 3.98310000000000e+04, 3.98230000000000e+04, 1.79073743052887e-12]
	RefineElem[5: 6.91400000000000e+04, 1.62560000000000e+04, 1.62570000000000e+04, 4.09790000000000e+04, 1.79043756417289e-12]
	RefineElem[5: 7.23560000000000e+04, 4.17700000000000e+04, 1.19390000000000e+04, 1.19290000000000e+04, 1.78905081312724e-12]
	RefineElem[5: 7.11050000000000e+04, 4.15030000000000e+04, 2.09160000000000e+04, 2.09370000000000e+04, 1.78899704564685e-12]
	RefineElem[5: 6.42830000000000e+04, 2.80930000000000e+04, 2.80910000000000e+04, 2.77830000000000e+04, 1.78741887722737e-12]
	RefineElem[5: 9.30110000000000e+04, 4.43090000000000e+04, 2.79250000000000e+04, 4.76410000000000e+04, 1.78705653900855e-12]
	RefineElem[5: 1.41640000000000e+04, 1.20940000000000e+04, 9.14300000000000e+03, 9.16800000000000e+03, 1.78705205995101e-12]
	RefineElem[5: 6.44620000000000e+04, 2.27740000000000e+04, 2.27720000000000e+04, 2.27610000000000e+04, 1.78449021050257e-12]
	RefineElem[5: 8.65400000000000e+04, 4.55350000000000e+04, 4.55340000000000e+04, 4.06330000000000e+04, 1.78444211612912e-12]
	RefineElem[5: 6.80270000000000e+04, 4.06160000000000e+04, 4.71000000000000e+03, 3.59200000000000e+03, 1.78282220448162e-12]
	RefineElem[5: 6.26040000000000e+04, 3.92810000000000e+04, 2.14050000000000e+04, 2.14060000000000e+04, 1.78278322688467e-12]
	RefineElem[5: 7.35730000000000e+04, 4.05240000000000e+04, 2.02410000000000e+04, 4.20240000000000e+04, 1.78147826322255e-12]
	RefineElem[5: 1.01188000000000e+05, 3.47470000000000e+04, 5.02790000000000e+04, 5.02780000000000e+04, 1.78084053259287e-12]
	RefineElem[5: 5.52030000000000e+04, 1.22460000000000e+04, 1.22340000000000e+04, 1.13180000000000e+04, 1.78080636916466e-12]
	RefineElem[5: 9.70800000000000e+04, 4.90200000000000e+04, 2.60650000000000e+04, 2.60770000000000e+04, 1.78072916946612e-12]
	RefineElem[5: 7.21490000000000e+04, 3.71100000000000e+03, 4.16600000000000e+04, 4.17340000000000e+04, 1.78059748227781e-12]
	RefineElem[5: 8.25750000000000e+04, 2.15540000000000e+04, 4.42110000000000e+04, 2.15480000000000e+04, 1.78058051621337e-12]
	RefineElem[5: 7.03660000000000e+04, 3.89370000000000e+04, 2.78130000000000e+04, 4.13100000000000e+04, 1.77816964512094e-12]
	RefineElem[5: 9.46520000000000e+04, 4.46750000000000e+04, 4.46740000000000e+04, 4.81590000000000e+04, 1.77735943129669e-12]
	RefineElem[5: 4.16150000000000e+04, 2.00210000000000e+04, 2.74770000000000e+04, 2.00240000000000e+04, 1.77703226237553e-12]
	RefineElem[5: 7.11940000000000e+04, 2.21270000000000e+04, 4.10700000000000e+04, 4.15210000000000e+04, 1.77682535521777e-12]
	RefineElem[5: 1.00040000000000e+05, 4.90400000000000e+04, 4.99320000000000e+04, 4.99370000000000e+04, 1.77589264679806e-12]
	RefineElem[5: 7.93000000000000e+04, 4.32890000000000e+04, 4.32840000000000e+04, 2.65140000000000e+04, 1.77538743864274e-12]
	RefineElem[5: 5.94530000000000e+04, 1.04020000000000e+04, 1.04920000000000e+04, 1.05210000000000e+04, 1.77522133736627e-12]
	RefineElem[5: 7.41070000000000e+04, 4.21310000000000e+04, 2.30370000000000e+04, 2.06080000000000e+04, 1.77471202788221e-12]
	RefineElem[5: 6.52670000000000e+04, 2.64280000000000e+04, 2.63160000000000e+04, 2.64350000000000e+04, 1.77402308701876e-12]
	RefineElem[5: 7.16500000000000e+04, 4.16290000000000e+04, 3.98590000000000e+04, 4.07810000000000e+04, 1.77273815084185e-12]
	RefineElem[5: 8.39390000000000e+04, 4.45820000000000e+04, 4.45830000000000e+04, 4.07080000000000e+04, 1.77242409635941e-12]
	RefineElem[5: 7.30490000000000e+04, 2.87730000000000e+04, 2.87790000000000e+04, 4.19210000000000e+04, 1.77073163428657e-12]
	RefineElem[5: 1.01121000000000e+05, 5.02580000000000e+04, 4.86590000000000e+04, 4.57630000000000e+04, 1.77029332103373e-12]
	RefineElem[5: 1.79300000000000e+04, 1.28980000000000e+04, 1.48930000000000e+04, 1.48530000000000e+04, 1.76931825979486e-12]
	RefineElem[5: 7.55230000000000e+04, 3.92280000000000e+04, 2.65890000000000e+04, 4.24050000000000e+04, 1.76928954618274e-12]
	RefineElem[5: 1.79830000000000e+04, 1.25920000000000e+04, 1.26130000000000e+04, 1.46350000000000e+04, 1.76873376896601e-12]
	RefineElem[5: 6.78590000000000e+04, 4.05260000000000e+04, 2.17740000000000e+04, 4.05720000000000e+04, 1.76791883698230e-12]
	RefineElem[5: 8.83600000000000e+04, 4.62880000000000e+04, 3.17300000000000e+03, 4.16830000000000e+04, 1.76752099580853e-12]
	RefineElem[5: 2.26940000000000e+04, 2.37870000000000e+04, 2.37990000000000e+04, 2.37910000000000e+04, 1.76698322696602e-12]
	RefineElem[5: 7.41110000000000e+04, 2.06050000000000e+04, 2.30380000000000e+04, 4.21310000000000e+04, 1.76673248788935e-12]
	RefineElem[5: 9.90940000000000e+04, 4.96590000000000e+04, 4.96600000000000e+04, 4.81150000000000e+04, 1.76604508009282e-12]
	RefineElem[5: 8.39350000000000e+04, 4.07090000000000e+04, 4.45810000000000e+04, 4.45820000000000e+04, 1.76584004798479e-12]
	RefineElem[5: 8.00460000000000e+04, 4.34820000000000e+04, 1.24890000000000e+04, 9.85000000000000e+03, 1.76571350196088e-12]
	RefineElem[5: 1.00913000000000e+05, 1.01250000000000e+04, 4.32490000000000e+04, 5.01970000000000e+04, 1.76510625418113e-12]
	RefineElem[5: 9.20420000000000e+04, 4.73660000000000e+04, 2.79570000000000e+04, 4.19160000000000e+04, 1.76433037264065e-12]
	RefineElem[5: 8.42960000000000e+04, 4.46740000000000e+04, 4.06320000000000e+04, 2.42770000000000e+04, 1.76374592039003e-12]
	RefineElem[5: 6.91630000000000e+04, 4.09850000000000e+04, 4.04830000000000e+04, 4.09840000000000e+04, 1.76277860204055e-12]
	RefineElem[5: 5.86780000000000e+04, 1.98310000000000e+04, 1.98130000000000e+04, 1.98050000000000e+04, 1.76087212743403e-12]
	RefineElem[5: 7.01310000000000e+04, 4.12590000000000e+04, 2.81790000000000e+04, 2.81760000000000e+04, 1.76033615223685e-12]
	RefineElem[5: 7.87630000000000e+04, 4.31570000000000e+04, 2.53030000000000e+04, 2.53050000000000e+04, 1.75994449730646e-12]
	RefineElem[5: 1.01189000000000e+05, 5.02790000000000e+04, 3.47400000000000e+04, 5.02780000000000e+04, 1.75906463526175e-12]
	RefineElem[5: 8.47740000000000e+04, 1.12400000000000e+04, 4.17430000000000e+04, 4.47680000000000e+04, 1.75810394771102e-12]
	RefineElem[5: 9.26580000000000e+04, 2.36230000000000e+04, 4.75380000000000e+04, 4.08220000000000e+04, 1.75646100836579e-12]
	RefineElem[5: 7.43430000000000e+04, 4.21690000000000e+04, 9.65700000000000e+03, 9.67900000000000e+03, 1.75645147999066e-12]
	RefineElem[5: 9.56320000000000e+04, 4.84720000000000e+04, 4.84760000000000e+04, 2.35770000000000e+04, 1.75594688070565e-12]
	RefineElem[5: 7.90920000000000e+04, 4.32450000000000e+04, 2.18140000000000e+04, 2.18150000000000e+04, 1.75443446809353e-12]
	RefineElem[5: 1.78540000000000e+04, 1.33610000000000e+04, 1.52640000000000e+04, 1.52790000000000e+04, 1.75388908731110e-12]
	RefineElem[5: 7.22450000000000e+04, 4.17530000000000e+04, 2.03240000000000e+04, 2.03280000000000e+04, 1.75331283675907e-12]
	RefineElem[5: 4.11360000000000e+04, 2.32470000000000e+04, 2.32450000000000e+04, 1.70380000000000e+04, 1.75228364646874e-12]
	RefineElem[5: 5.52670000000000e+04, 1.30560000000000e+04, 1.30530000000000e+04, 1.30410000000000e+04, 1.75206199752144e-12]
	RefineElem[5: 8.98840000000000e+04, 4.67200000000000e+04, 2.13180000000000e+04, 2.13260000000000e+04, 1.75121321867012e-12]
	RefineElem[5: 7.63730000000000e+04, 4.26200000000000e+04, 7.53000000000000e+03, 7.52900000000000e+03, 1.75091720050486e-12]
	RefineElem[5: 8.53800000000000e+04, 2.00220000000000e+04, 2.00260000000000e+04, 4.49940000000000e+04, 1.75019154922074e-12]
	RefineElem[5: 6.88570000000000e+04, 4.09140000000000e+04, 4.09150000000000e+04, 4.05300000000000e+04, 1.74818740606161e-12]
	RefineElem[5: 8.47630000000000e+04, 4.47670000000000e+04, 8.88500000000000e+03, 8.88800000000000e+03, 1.74758342310524e-12]
	RefineElem[5: 9.22290000000000e+04, 4.74210000000000e+04, 4.53400000000000e+04, 4.13590000000000e+04, 1.74701408976502e-12]
	RefineElem[5: 6.31390000000000e+04, 7.33400000000000e+03, 8.08200000000000e+03, 8.08700000000000e+03, 1.74643657057518e-12]
	RefineElem[5: 7.48400000000000e+03, 3.18400000000000e+03, 3.18300000000000e+03, 5.53000000000000e+03, 1.74555669431159e-12]
	RefineElem[5: 6.75870000000000e+04, 2.14160000000000e+04, 2.14170000000000e+04, 4.04430000000000e+04, 1.74551493738559e-12]
	RefineElem[5: 6.16440000000000e+04, 2.90220000000000e+04, 3.90930000000000e+04, 2.67540000000000e+04, 1.74543551068186e-12]
	RefineElem[5: 5.10830000000000e+04, 8.96000000000000e+03, 8.97000000000000e+03, 8.98700000000000e+03, 1.74504989133954e-12]
	RefineElem[5: 4.78490000000000e+04, 3.73630000000000e+04, 3.95340000000000e+04, 3.94880000000000e+04, 1.74504149447006e-12]
	RefineElem[5: 7.86050000000000e+04, 4.14210000000000e+04, 4.14200000000000e+04, 4.31290000000000e+04, 1.74477308635000e-12]
	RefineElem[5: 8.91620000000000e+04, 4.31480000000000e+04, 4.31490000000000e+04, 4.65250000000000e+04, 1.74439405426483e-12]
	RefineElem[5: 7.85560000000000e+04, 4.31110000000000e+04, 4.31140000000000e+04, 4.31130000000000e+04, 1.74376134257878e-12]
	RefineElem[5: 9.74990000000000e+04, 4.92160000000000e+04, 9.85000000000000e+02, 2.22100000000000e+03, 1.74365545571859e-12]
	RefineElem[5: 9.04430000000000e+04, 4.50210000000000e+04, 4.50200000000000e+04, 4.68730000000000e+04, 1.74348638389662e-12]
	RefineElem[5: 6.92170000000000e+04, 2.63200000000000e+04, 3.89500000000000e+04, 4.09990000000000e+04, 1.74240679673858e-12]
	RefineElem[5: 6.84390000000000e+04, 7.39100000000000e+03, 7.89900000000000e+03, 4.07650000000000e+04, 1.74236534435219e-12]
	RefineElem[5: 9.11040000000000e+04, 4.70640000000000e+04, 4.09480000000000e+04, 4.70700000000000e+04, 1.74197452467728e-12]
	RefineElem[5: 7.86560000000000e+04, 4.31420000000000e+04, 2.82080000000000e+04, 2.58330000000000e+04, 1.74190960016600e-12]
	RefineElem[5: 6.38750000000000e+04, 1.31800000000000e+04, 1.31780000000000e+04, 1.31370000000000e+04, 1.74016372965036e-12]
	RefineElem[5: 6.26180000000000e+04, 2.38540000000000e+04, 2.38610000000000e+04, 3.90540000000000e+04, 1.73939016649562e-12]
	RefineElem[5: 9.68560000000000e+04, 4.89070000000000e+04, 4.89110000000000e+04, 4.89080000000000e+04, 1.73938042870860e-12]
	RefineElem[5: 6.98600000000000e+04, 4.06740000000000e+04, 4.11730000000000e+04, 4.11740000000000e+04, 1.73919194871333e-12]
	RefineElem[5: 9.57010000000000e+04, 4.84940000000000e+04, 4.04310000000000e+04, 4.84630000000000e+04, 1.73908774193365e-12]
	RefineElem[5: 8.29930000000000e+04, 4.18450000000000e+04, 4.43110000000000e+04, 4.43150000000000e+04, 1.73892725003369e-12]
	RefineElem[5: 9.34030000000000e+04, 4.77650000000000e+04, 4.24080000000000e+04, 2.92060000000000e+04, 1.73855598984654e-12]
	RefineElem[5: 6.81390000000000e+04, 2.68550000000000e+04, 4.06590000000000e+04, 2.88700000000000e+04, 1.73788947025284e-12]
	RefineElem[5: 5.60190000000000e+04, 2.79200000000000e+04, 2.79760000000000e+04, 2.79700000000000e+04, 1.73755261535646e-12]
	RefineElem[5: 7.58260000000000e+04, 4.24740000000000e+04, 1.92050000000000e+04, 1.92770000000000e+04, 1.73706060258887e-12]
	RefineElem[5: 7.96100000000000e+04, 4.33490000000000e+04, 4.33500000000000e+04, 4.33470000000000e+04, 1.73588143575114e-12]
	RefineElem[5: 8.46350000000000e+04, 4.47530000000000e+04, 8.61500000000000e+03, 8.61900000000000e+03, 1.73508279378759e-12]
	RefineElem[5: 6.21510000000000e+04, 1.28110000000000e+04, 1.28510000000000e+04, 1.43040000000000e+04, 1.73500934809341e-12]
	RefineElem[5: 6.46940000000000e+04, 2.03180000000000e+04, 2.06790000000000e+04, 2.06800000000000e+04, 1.73439353439611e-12]
	RefineElem[5: 6.79210000000000e+04, 8.12100000000000e+03, 4.05870000000000e+04, 7.33900000000000e+03, 1.73266106438981e-12]
	RefineElem[5: 9.68960000000000e+04, 4.89250000000000e+04, 4.80680000000000e+04, 4.53410000000000e+04, 1.73167292280950e-12]
	RefineElem[5: 7.41980000000000e+04, 4.21490000000000e+04, 4.16180000000000e+04, 9.60200000000000e+03, 1.73134503139190e-12]
	RefineElem[5: 9.47400000000000e+04, 2.55320000000000e+04, 4.55990000000000e+04, 4.81880000000000e+04, 1.73126169873667e-12]
	RefineElem[5: 6.50900000000000e+04, 2.80900000000000e+04, 2.80970000000000e+04, 2.79590000000000e+04, 1.73114802243091e-12]
	RefineElem[5: 8.52120000000000e+04, 2.45410000000000e+04, 2.66070000000000e+04, 4.49160000000000e+04, 1.73084558732334e-12]
	RefineElem[5: 7.70650000000000e+04, 4.27630000000000e+04, 2.54210000000000e+04, 4.21850000000000e+04, 1.73078553269715e-12]
	RefineElem[5: 7.11100000000000e+04, 3.48840000000000e+04, 4.15040000000000e+04, 3.87310000000000e+04, 1.72917344162999e-12]
	RefineElem[5: 6.99160000000000e+04, 8.92200000000000e+03, 1.22580000000000e+04, 4.11960000000000e+04, 1.72895971801041e-12]
	RefineElem[5: 7.50650000000000e+04, 2.06500000000000e+04, 2.16270000000000e+04, 4.23320000000000e+04, 1.72842589558401e-12]
	RefineElem[5: 7.63880000000000e+04, 4.26220000000000e+04, 4.06390000000000e+04, 2.02410000000000e+04, 1.72790916743138e-12]
	RefineElem[5: 9.52270000000000e+04, 4.30670000000000e+04, 4.83450000000000e+04, 4.45100000000000e+04, 1.72749179702016e-12]
	RefineElem[5: 4.87360000000000e+04, 3.95650000000000e+04, 3.78110000000000e+04, 3.95630000000000e+04, 1.72720912053425e-12]
	RefineElem[5: 7.38700000000000e+04, 4.20960000000000e+04, 2.18720000000000e+04, 2.18550000000000e+04, 1.72674586566426e-12]
	RefineElem[5: 6.36840000000000e+04, 1.64660000000000e+04, 1.45130000000000e+04, 1.45190000000000e+04, 1.72613923107668e-12]
	RefineElem[5: 6.49880000000000e+04, 1.62110000000000e+04, 1.62170000000000e+04, 1.62600000000000e+04, 1.72571992119979e-12]
	RefineElem[5: 7.18990000000000e+04, 4.16860000000000e+04, 2.06060000000000e+04, 2.03480000000000e+04, 1.72465215283430e-12]
	RefineElem[5: 4.98490000000000e+04, 3.85000000000000e+04, 3.85010000000000e+04, 3.95140000000000e+04, 1.72380753826002e-12]
	RefineElem[5: 9.94040000000000e+04, 4.58070000000000e+04, 4.90000000000000e+04, 4.97490000000000e+04, 1.72188314063919e-12]
	RefineElem[5: 7.31520000000000e+04, 4.19400000000000e+04, 1.02150000000000e+04, 9.98200000000000e+03, 1.72142156369316e-12]
	RefineElem[5: 7.48630000000000e+04, 2.41130000000000e+04, 2.41040000000000e+04, 4.22900000000000e+04, 1.72130997014374e-12]
	RefineElem[5: 4.78410000000000e+04, 3.73630000000000e+04, 3.73610000000000e+04, 3.95220000000000e+04, 1.72107208979185e-12]
	RefineElem[5: 7.18110000000000e+04, 3.48190000000000e+04, 4.16710000000000e+04, 3.85000000000000e+04, 1.72056895495561e-12]
	RefineElem[5: 8.37270000000000e+04, 2.35580000000000e+04, 4.45100000000000e+04, 4.45120000000000e+04, 1.71888430948822e-12]
	RefineElem[5: 9.39800000000000e+03, 7.58700000000000e+03, 9.24000000000000e+03, 9.23800000000000e+03, 1.71856198837234e-12]
	RefineElem[5: 5.89340000000000e+04, 1.32500000000000e+03, 8.35000000000000e+02, 8.82000000000000e+02, 1.71724590873385e-12]
	RefineElem[5: 7.69700000000000e+04, 4.27530000000000e+04, 2.63910000000000e+04, 2.65740000000000e+04, 1.71703350018545e-12]
	RefineElem[5: 7.40000000000000e+04, 4.21160000000000e+04, 2.46850000000000e+04, 4.14170000000000e+04, 1.71605592215724e-12]
	RefineElem[5: 1.87410000000000e+04, 1.70300000000000e+04, 1.70510000000000e+04, 1.70520000000000e+04, 1.71424346226044e-12]
	RefineElem[5: 8.17540000000000e+04, 4.39290000000000e+04, 1.31210000000000e+04, 1.50580000000000e+04, 1.71313057245231e-12]
	RefineElem[5: 7.06180000000000e+04, 4.13770000000000e+04, 3.49940000000000e+04, 3.49950000000000e+04, 1.71131803157436e-12]
	RefineElem[5: 4.05760000000000e+04, 2.76650000000000e+04, 2.76670000000000e+04, 2.02050000000000e+04, 1.71118350391362e-12]
	RefineElem[5: 6.30380000000000e+04, 4.68100000000000e+03, 4.68200000000000e+03, 3.59700000000000e+03, 1.71017816253905e-12]
	RefineElem[5: 8.17490000000000e+04, 1.31490000000000e+04, 4.39290000000000e+04, 1.50710000000000e+04, 1.70993300683251e-12]
	RefineElem[5: 9.39020000000000e+04, 4.79140000000000e+04, 4.79130000000000e+04, 4.57530000000000e+04, 1.70915235082357e-12]
	RefineElem[5: 5.26180000000000e+04, 2.68330000000000e+04, 2.68260000000000e+04, 2.68270000000000e+04, 1.70907564686863e-12]
	RefineElem[5: 9.43700000000000e+04, 2.24300000000000e+04, 4.80760000000000e+04, 4.80770000000000e+04, 1.70907363844340e-12]
	RefineElem[5: 7.31070000000000e+04, 4.19370000000000e+04, 6.08400000000000e+03, 6.08200000000000e+03, 1.70870522465047e-12]
	RefineElem[5: 7.46960000000000e+04, 3.49110000000000e+04, 4.14720000000000e+04, 4.22460000000000e+04, 1.70863348998164e-12]
	RefineElem[5: 7.31390000000000e+04, 4.19400000000000e+04, 1.16270000000000e+04, 1.16280000000000e+04, 1.70735412945496e-12]
	RefineElem[5: 1.01118000000000e+05, 4.03920000000000e+04, 5.02580000000000e+04, 4.57640000000000e+04, 1.70720425180433e-12]
	RefineElem[5: 7.41440000000000e+04, 3.90700000000000e+03, 4.21410000000000e+04, 3.90100000000000e+03, 1.70689973593159e-12]
	RefineElem[5: 9.90070000000000e+04, 4.96340000000000e+04, 4.03680000000000e+04, 4.88670000000000e+04, 1.70632601006677e-12]
	RefineElem[5: 7.49580000000000e+04, 2.62600000000000e+04, 2.62570000000000e+04, 4.23120000000000e+04, 1.70581657856351e-12]
	RefineElem[5: 8.68440000000000e+04, 4.57500000000000e+04, 4.57490000000000e+04, 4.03860000000000e+04, 1.70430297115591e-12]
	RefineElem[5: 2.56610000000000e+04, 2.82490000000000e+04, 2.82510000000000e+04, 2.82480000000000e+04, 1.70425501405720e-12]
	RefineElem[5: 7.79460000000000e+04, 5.91200000000000e+03, 4.08710000000000e+04, 4.29380000000000e+04, 1.70318979495527e-12]
	RefineElem[5: 6.87830000000000e+04, 2.05930000000000e+04, 2.05860000000000e+04, 4.08960000000000e+04, 1.70300995407094e-12]
	RefineElem[5: 1.01190000000000e+04, 1.13350000000000e+04, 1.13320000000000e+04, 1.12950000000000e+04, 1.69835596742871e-12]
	RefineElem[5: 7.57920000000000e+04, 4.24630000000000e+04, 2.08000000000000e+04, 2.31490000000000e+04, 1.69756224329577e-12]
	RefineElem[5: 7.62730000000000e+04, 4.25930000000000e+04, 2.18780000000000e+04, 2.18810000000000e+04, 1.69709972401344e-12]
	RefineElem[5: 5.97670000000000e+04, 1.92400000000000e+04, 3.94310000000000e+04, 2.13280000000000e+04, 1.69682382414445e-12]
	RefineElem[5: 7.09740000000000e+04, 7.37000000000000e+02, 7.44000000000000e+02, 4.14730000000000e+04, 1.69601696371731e-12]
	RefineElem[5: 6.93500000000000e+04, 2.32640000000000e+04, 2.32950000000000e+04, 4.10390000000000e+04, 1.69589361411736e-12]
	RefineElem[5: 6.81200000000000e+04, 1.13540000000000e+04, 1.13730000000000e+04, 4.06550000000000e+04, 1.69475068484630e-12]
	RefineElem[5: 6.33450000000000e+04, 1.51320000000000e+04, 1.50740000000000e+04, 1.50810000000000e+04, 1.69444643011707e-12]
	RefineElem[5: 6.31270000000000e+04, 8.21900000000000e+03, 7.33300000000000e+03, 7.29200000000000e+03, 1.69193228077658e-12]
	RefineElem[5: 8.01300000000000e+04, 4.11190000000000e+04, 4.35000000000000e+04, 2.26630000000000e+04, 1.69193156603724e-12]
	RefineElem[5: 6.13960000000000e+04, 3.87630000000000e+04, 2.67090000000000e+04, 2.42810000000000e+04, 1.69131028400080e-12]
	RefineElem[5: 8.41650000000000e+04, 3.51680000000000e+04, 3.51520000000000e+04, 4.46340000000000e+04, 1.69084476211864e-12]
	RefineElem[5: 6.97240000000000e+04, 7.48500000000000e+03, 7.44800000000000e+03, 4.11340000000000e+04, 1.68883089215013e-12]
	RefineElem[5: 7.81580000000000e+04, 4.13930000000000e+04, 2.79270000000000e+04, 4.29930000000000e+04, 1.68812551428540e-12]
	RefineElem[5: 7.84700000000000e+04, 4.04310000000000e+04, 4.30840000000000e+04, 2.70490000000000e+04, 1.68801792816261e-12]
	RefineElem[5: 1.94600000000000e+03, 3.59900000000000e+03, 4.45800000000000e+03, 4.45500000000000e+03, 1.68785055208614e-12]
	RefineElem[5: 9.56210000000000e+04, 4.08010000000000e+04, 4.06560000000000e+04, 4.84730000000000e+04, 1.68732163997135e-12]
	RefineElem[5: 5.55810000000000e+04, 2.01730000000000e+04, 2.01800000000000e+04, 2.02220000000000e+04, 1.68728821928210e-12]
	RefineElem[5: 7.21050000000000e+04, 4.17290000000000e+04, 4.17280000000000e+04, 9.83200000000000e+03, 1.68725095082006e-12]
	RefineElem[5: 7.06790000000000e+04, 3.63900000000000e+03, 3.61300000000000e+03, 4.13940000000000e+04, 1.68722144088272e-12]
	RefineElem[5: 7.20640000000000e+04, 1.94700000000000e+03, 1.95600000000000e+03, 4.17130000000000e+04, 1.68707153256354e-12]
	RefineElem[5: 8.60170000000000e+04, 4.53250000000000e+04, 2.22280000000000e+04, 4.53240000000000e+04, 1.68535627545032e-12]
	RefineElem[5: 8.08560000000000e+04, 4.37070000000000e+04, 4.37060000000000e+04, 4.08210000000000e+04, 1.68505968604039e-12]
	RefineElem[5: 7.45560000000000e+04, 4.21560000000000e+04, 4.22080000000000e+04, 4.06900000000000e+04, 1.68494702338343e-12]
	RefineElem[5: 7.05080000000000e+04, 4.13520000000000e+04, 3.48050000000000e+04, 3.48570000000000e+04, 1.68476091896404e-12]
	RefineElem[5: 1.62000000000000e+03, 3.65200000000000e+03, 3.64200000000000e+03, 3.65300000000000e+03, 1.68335479242038e-12]
	RefineElem[5: 7.36800000000000e+04, 4.20490000000000e+04, 2.54280000000000e+04, 2.54330000000000e+04, 1.68293978461489e-12]
	RefineElem[5: 7.02900000000000e+04, 4.12920000000000e+04, 8.42300000000000e+03, 8.37000000000000e+03, 1.68274871121106e-12]
	RefineElem[5: 6.32610000000000e+04, 1.31610000000000e+04, 1.31900000000000e+04, 1.31720000000000e+04, 1.68055476303254e-12]
	RefineElem[5: 9.84890000000000e+04, 4.81150000000000e+04, 4.94910000000000e+04, 4.40260000000000e+04, 1.67955819696761e-12]
	RefineElem[5: 6.83750000000000e+04, 4.07390000000000e+04, 4.07400000000000e+04, 4.03440000000000e+04, 1.67943246653156e-12]
	RefineElem[5: 4.84060000000000e+04, 3.76170000000000e+04, 3.98770000000000e+04, 3.98550000000000e+04, 1.67923577055522e-12]
	RefineElem[5: 3.57600000000000e+04, 3.50150000000000e+04, 3.50140000000000e+04, 3.49760000000000e+04, 1.67885995587276e-12]
	RefineElem[5: 6.96890000000000e+04, 2.52870000000000e+04, 4.11260000000000e+04, 2.52940000000000e+04, 1.67865701100237e-12]
	RefineElem[5: 4.87320000000000e+04, 3.95630000000000e+04, 3.78090000000000e+04, 3.95610000000000e+04, 1.67847280777978e-12]
	RefineElem[5: 7.47390000000000e+04, 4.22590000000000e+04, 4.22600000000000e+04, 3.89810000000000e+04, 1.67806587387465e-12]
	RefineElem[5: 8.45310000000000e+04, 4.47420000000000e+04, 4.99300000000000e+03, 6.37900000000000e+03, 1.67584314724407e-12]
	RefineElem[5: 6.10610000000000e+04, 1.52670000000000e+04, 1.52380000000000e+04, 1.52390000000000e+04, 1.67570240900818e-12]
	RefineElem[5: 6.90240000000000e+04, 4.09540000000000e+04, 2.32560000000000e+04, 2.32570000000000e+04, 1.67525190648956e-12]
	RefineElem[5: 1.64050000000000e+04, 1.62330000000000e+04, 1.62340000000000e+04, 1.48110000000000e+04, 1.67502058448499e-12]
	RefineElem[5: 7.55830000000000e+04, 4.20270000000000e+04, 4.03780000000000e+04, 4.24180000000000e+04, 1.67341662667746e-12]
	RefineElem[5: 9.08790000000000e+04, 4.70030000000000e+04, 4.52400000000000e+04, 1.97330000000000e+04, 1.67332182363828e-12]
	RefineElem[5: 7.95250000000000e+04, 4.33270000000000e+04, 1.97330000000000e+04, 1.97670000000000e+04, 1.67324635612955e-12]
	RefineElem[5: 8.40300000000000e+04, 2.31540000000000e+04, 2.07950000000000e+04, 4.46050000000000e+04, 1.67278301824310e-12]
	RefineElem[5: 3.57190000000000e+04, 3.48730000000000e+04, 3.84960000000000e+04, 3.48140000000000e+04, 1.67245136859522e-12]
	RefineElem[5: 7.82820000000000e+04, 4.30390000000000e+04, 4.10880000000000e+04, 4.10870000000000e+04, 1.67239867936236e-12]
	RefineElem[5: 5.52790000000000e+04, 1.31810000000000e+04, 1.31850000000000e+04, 1.32250000000000e+04, 1.67165938043673e-12]
	RefineElem[5: 5.58390000000000e+04, 2.53370000000000e+04, 2.53380000000000e+04, 3.87240000000000e+04, 1.67146798655699e-12]
	RefineElem[5: 9.29310000000000e+04, 4.56810000000000e+04, 4.56800000000000e+04, 4.76170000000000e+04, 1.67062492347056e-12]
	RefineElem[5: 1.77900000000000e+04, 1.64600000000000e+04, 1.44440000000000e+04, 1.44410000000000e+04, 1.67042683250704e-12]
	RefineElem[5: 5.91800000000000e+04, 2.09200000000000e+04, 1.97570000000000e+04, 2.09330000000000e+04, 1.67021353505414e-12]
	RefineElem[5: 8.40310000000000e+04, 4.07120000000000e+04, 4.46050000000000e+04, 4.46060000000000e+04, 1.66994615565940e-12]
	RefineElem[5: 2.24830000000000e+04, 2.26360000000000e+04, 2.26390000000000e+04, 2.26090000000000e+04, 1.66933681398525e-12]
	RefineElem[5: 7.94170000000000e+04, 4.33100000000000e+04, 2.21760000000000e+04, 2.21810000000000e+04, 1.66845289740425e-12]
	RefineElem[5: 7.94820000000000e+04, 4.33210000000000e+04, 4.33200000000000e+04, 4.07040000000000e+04, 1.66844662837165e-12]
	RefineElem[5: 8.92190000000000e+04, 4.52120000000000e+04, 2.55460000000000e+04, 4.65390000000000e+04, 1.66733687918222e-12]
	RefineElem[5: 6.90110000000000e+04, 6.10800000000000e+03, 4.07030000000000e+04, 4.09500000000000e+04, 1.66727920264292e-12]
	RefineElem[5: 5.54270000000000e+04, 1.53390000000000e+04, 1.52990000000000e+04, 1.53160000000000e+04, 1.66641943586466e-12]
	RefineElem[5: 9.63420000000000e+04, 4.86970000000000e+04, 4.56190000000000e+04, 4.86960000000000e+04, 1.66493312682245e-12]
	RefineElem[5: 6.99220000000000e+04, 4.09730000000000e+04, 4.11970000000000e+04, 4.11980000000000e+04, 1.66369418067742e-12]
	RefineElem[5: 4.79940000000000e+04, 3.74190000000000e+04, 3.98520000000000e+04, 3.98430000000000e+04, 1.66333760923677e-12]
	RefineElem[5: 6.34880000000000e+04, 2.68590000000000e+04, 2.68540000000000e+04, 2.90490000000000e+04, 1.66280935697999e-12]
	RefineElem[5: 6.13540000000000e+04, 2.28320000000000e+04, 2.28330000000000e+04, 2.28150000000000e+04, 1.66199994462951e-12]
	RefineElem[5: 7.07640000000000e+04, 2.62190000000000e+04, 4.14190000000000e+04, 4.14200000000000e+04, 1.66120338923984e-12]
	RefineElem[5: 5.15420000000000e+04, 1.25670000000000e+04, 1.25640000000000e+04, 1.25650000000000e+04, 1.65968844433410e-12]
	RefineElem[5: 5.77180000000000e+04, 2.03460000000000e+04, 3.94510000000000e+04, 2.03330000000000e+04, 1.65963243441339e-12]
	RefineElem[5: 1.02503000000000e+05, 4.89080000000000e+04, 4.74460000000000e+04, 5.07460000000000e+04, 1.65950920828256e-12]
	RefineElem[5: 5.95930000000000e+04, 2.65420000000000e+04, 2.56720000000000e+04, 2.56730000000000e+04, 1.65941239546635e-12]
	RefineElem[5: 7.53320000000000e+04, 4.23660000000000e+04, 8.60200000000000e+03, 7.43600000000000e+03, 1.65907712671967e-12]
	RefineElem[5: 4.05820000000000e+04, 2.76640000000000e+04, 2.76660000000000e+04, 2.02030000000000e+04, 1.65906978673266e-12]
	RefineElem[5: 7.82660000000000e+04, 4.30340000000000e+04, 4.10240000000000e+04, 4.10230000000000e+04, 1.65870902627888e-12]
	RefineElem[5: 9.83710000000000e+04, 4.32040000000000e+04, 4.94570000000000e+04, 2.54660000000000e+04, 1.65817658463122e-12]
	RefineElem[5: 3.56790000000000e+04, 3.47440000000000e+04, 3.47430000000000e+04, 3.48720000000000e+04, 1.65814092846461e-12]
	RefineElem[5: 3.58230000000000e+04, 3.49430000000000e+04, 3.49420000000000e+04, 3.50270000000000e+04, 1.65740310468110e-12]
	RefineElem[5: 6.82780000000000e+04, 4.07050000000000e+04, 3.57500000000000e+03, 6.13700000000000e+03, 1.65735147255348e-12]
	RefineElem[5: 6.90860000000000e+04, 2.58940000000000e+04, 2.47530000000000e+04, 4.09660000000000e+04, 1.65716890240848e-12]
	RefineElem[5: 4.98380000000000e+04, 3.84950000000000e+04, 3.84970000000000e+04, 3.84990000000000e+04, 1.65616364696047e-12]
	RefineElem[5: 6.98770000000000e+04, 3.88320000000000e+04, 2.31320000000000e+04, 4.11790000000000e+04, 1.65588068634650e-12]
	RefineElem[5: 9.41460000000000e+04, 4.79980000000000e+04, 4.79970000000000e+04, 2.01100000000000e+04, 1.65556894924078e-12]
	RefineElem[5: 7.42900000000000e+04, 1.12520000000000e+04, 1.12580000000000e+04, 4.21610000000000e+04, 1.65512233643566e-12]
	RefineElem[5: 8.06010000000000e+04, 4.36210000000000e+04, 4.36220000000000e+04, 4.23600000000000e+04, 1.65502344161926e-12]
	RefineElem[5: 8.06420000000000e+04, 4.36370000000000e+04, 4.07820000000000e+04, 4.09460000000000e+04, 1.65474560705992e-12]
	RefineElem[5: 7.93580000000000e+04, 4.32990000000000e+04, 4.33000000000000e+04, 4.10820000000000e+04, 1.65350197543082e-12]
	RefineElem[5: 5.79420000000000e+04, 2.66920000000000e+04, 2.67010000000000e+04, 2.67040000000000e+04, 1.65316668482718e-12]
	RefineElem[5: 6.78300000000000e+04, 2.52480000000000e+04, 4.05580000000000e+04, 4.05570000000000e+04, 1.65151242213534e-12]
	RefineElem[5: 4.79970000000000e+04, 3.98520000000000e+04, 3.74190000000000e+04, 3.98500000000000e+04, 1.65021757645705e-12]
	RefineElem[5: 7.55990000000000e+04, 9.62700000000000e+03, 9.62800000000000e+03, 4.24210000000000e+04, 1.64963823032312e-12]
	RefineElem[5: 6.79690000000000e+04, 4.05950000000000e+04, 2.33030000000000e+04, 2.32990000000000e+04, 1.64949836090930e-12]
	RefineElem[5: 6.19950000000000e+04, 7.42700000000000e+03, 7.41900000000000e+03, 7.78200000000000e+03, 1.64877264097712e-12]
	RefineElem[5: 8.20650000000000e+04, 4.40420000000000e+04, 4.40460000000000e+04, 1.99080000000000e+04, 1.64788744249852e-12]
	RefineElem[5: 7.10920000000000e+04, 4.15020000000000e+04, 2.07050000000000e+04, 2.07040000000000e+04, 1.64776977315363e-12]
	RefineElem[5: 6.83670000000000e+04, 4.07350000000000e+04, 4.07340000000000e+04, 4.03440000000000e+04, 1.64747209698108e-12]
	RefineElem[5: 2.27560000000000e+04, 2.24390000000000e+04, 2.24620000000000e+04, 2.31500000000000e+04, 1.64728469457524e-12]
	RefineElem[5: 1.02512000000000e+05, 5.07500000000000e+04, 5.07490000000000e+04, 5.07480000000000e+04, 1.64716874420165e-12]
	RefineElem[5: 6.02410000000000e+04, 9.38000000000000e+02, 1.05100000000000e+03, 9.39000000000000e+02, 1.64707791697172e-12]
	RefineElem[5: 4.84600000000000e+04, 3.76270000000000e+04, 3.99000000000000e+04, 3.98950000000000e+04, 1.64704264951113e-12]
	RefineElem[5: 7.85360000000000e+04, 4.31080000000000e+04, 4.31070000000000e+04, 4.06360000000000e+04, 1.64696547692470e-12]
	RefineElem[5: 9.44060000000000e+04, 4.80870000000000e+04, 4.80880000000000e+04, 4.49950000000000e+04, 1.64646174345941e-12]
	RefineElem[5: 8.45760000000000e+04, 4.47470000000000e+04, 2.78800000000000e+03, 2.86000000000000e+03, 1.64642496070292e-12]
	RefineElem[5: 6.36040000000000e+04, 3.81600000000000e+03, 5.66800000000000e+03, 3.90200000000000e+03, 1.64583690828922e-12]
	RefineElem[5: 5.78070000000000e+04, 2.25390000000000e+04, 2.26160000000000e+04, 2.26170000000000e+04, 1.64572603911224e-12]
	RefineElem[5: 2.73640000000000e+04, 2.67660000000000e+04, 3.90790000000000e+04, 2.67570000000000e+04, 1.64572329212998e-12]
	RefineElem[5: 4.11480000000000e+04, 2.32390000000000e+04, 2.32380000000000e+04, 1.70300000000000e+04, 1.64499796662615e-12]
	RefineElem[5: 9.68570000000000e+04, 4.89090000000000e+04, 4.89080000000000e+04, 4.89110000000000e+04, 1.64466264499529e-12]
	RefineElem[5: 7.81300000000000e+04, 4.29800000000000e+04, 2.10130000000000e+04, 2.08700000000000e+04, 1.64431850331652e-12]
	RefineElem[5: 2.37610000000000e+04, 2.06990000000000e+04, 2.06950000000000e+04, 2.32480000000000e+04, 1.64314911808849e-12]
	RefineElem[5: 6.34100000000000e+04, 2.02130000000000e+04, 2.01950000000000e+04, 2.02450000000000e+04, 1.64269982281388e-12]
	RefineElem[5: 7.87100000000000e+04, 4.07950000000000e+04, 4.31520000000000e+04, 1.47500000000000e+04, 1.64252617839743e-12]
	RefineElem[5: 7.68160000000000e+04, 4.27350000000000e+04, 4.21730000000000e+04, 4.21720000000000e+04, 1.64235103554885e-12]
	RefineElem[5: 2.21900000000000e+04, 2.19440000000000e+04, 2.19430000000000e+04, 2.19080000000000e+04, 1.64223295890549e-12]
	RefineElem[5: 5.07780000000000e+04, 5.90900000000000e+03, 3.62200000000000e+03, 4.36700000000000e+03, 1.64200394476896e-12]
	RefineElem[5: 4.80040000000000e+04, 3.98390000000000e+04, 3.74450000000000e+04, 3.74440000000000e+04, 1.64185714241242e-12]
	RefineElem[5: 5.04790000000000e+04, 2.86100000000000e+03, 1.85700000000000e+03, 2.85800000000000e+03, 1.64181479733661e-12]
	RefineElem[5: 6.39080000000000e+04, 1.52130000000000e+04, 1.52920000000000e+04, 1.52880000000000e+04, 1.64181282527131e-12]
	RefineElem[5: 7.52700000000000e+04, 4.23560000000000e+04, 2.68480000000000e+04, 2.68450000000000e+04, 1.64178503291120e-12]
	RefineElem[5: 4.93990000000000e+04, 3.95660000000000e+04, 3.82780000000000e+04, 3.82900000000000e+04, 1.64161058849575e-12]
	RefineElem[5: 8.10760000000000e+04, 4.37860000000000e+04, 2.75840000000000e+04, 2.77120000000000e+04, 1.64137511993775e-12]
	RefineElem[5: 8.89250000000000e+04, 4.20740000000000e+04, 2.45480000000000e+04, 4.64540000000000e+04, 1.64061929522042e-12]
	RefineElem[5: 7.09030000000000e+04, 2.23080000000000e+04, 4.14480000000000e+04, 2.24080000000000e+04, 1.63906360653094e-12]
	RefineElem[5: 8.65530000000000e+04, 4.55400000000000e+04, 3.94270000000000e+04, 1.91620000000000e+04, 1.63897423203884e-12]
	RefineElem[5: 7.35720000000000e+04, 4.20240000000000e+04, 2.06620000000000e+04, 4.05240000000000e+04, 1.63813727412915e-12]
	RefineElem[5: 5.48720000000000e+04, 8.33700000000000e+03, 7.44400000000000e+03, 8.35400000000000e+03, 1.63796342220340e-12]
	RefineElem[5: 5.27330000000000e+04, 2.78660000000000e+04, 2.78640000000000e+04, 2.78820000000000e+04, 1.63795504358006e-12]
	RefineElem[5: 8.20040000000000e+04, 4.40260000000000e+04, 4.03190000000000e+04, 4.03600000000000e+04, 1.63792846310850e-12]
	RefineElem[5: 8.25120000000000e+04, 4.14030000000000e+04, 4.14020000000000e+04, 4.41850000000000e+04, 1.63771994242919e-12]
	RefineElem[5: 6.95870000000000e+04, 4.07200000000000e+04, 8.50800000000000e+03, 4.11050000000000e+04, 1.63765181475834e-12]
	RefineElem[5: 5.26500000000000e+04, 2.70890000000000e+04, 2.70250000000000e+04, 2.70040000000000e+04, 1.63760024456662e-12]
	RefineElem[5: 7.91830000000000e+04, 3.60360000000000e+04, 4.12390000000000e+04, 4.32590000000000e+04, 1.63606840278191e-12]
	RefineElem[5: 5.19740000000000e+04, 1.45760000000000e+04, 1.45890000000000e+04, 1.63560000000000e+04, 1.63600063877697e-12]
	RefineElem[5: 1.63920000000000e+04, 1.64350000000000e+04, 1.54760000000000e+04, 1.64360000000000e+04, 1.63432795001040e-12]
	RefineElem[5: 2.25750000000000e+04, 2.31500000000000e+04, 2.31510000000000e+04, 2.24390000000000e+04, 1.63393626991443e-12]
	RefineElem[5: 7.54490000000000e+04, 4.23840000000000e+04, 2.31770000000000e+04, 2.31790000000000e+04, 1.63364121165703e-12]
	RefineElem[5: 9.28960000000000e+04, 2.26620000000000e+04, 4.56840000000000e+04, 4.76050000000000e+04, 1.63349317351762e-12]
	RefineElem[5: 7.03770000000000e+04, 1.54520000000000e+04, 1.54530000000000e+04, 4.13150000000000e+04, 1.63217061419678e-12]
	RefineElem[5: 7.82600000000000e+04, 4.30320000000000e+04, 4.10230000000000e+04, 4.10220000000000e+04, 1.63182689950224e-12]
	RefineElem[5: 7.18670000000000e+04, 4.16800000000000e+04, 8.55800000000000e+03, 9.00500000000000e+03, 1.63130917361034e-12]
	RefineElem[5: 3.57920000000000e+04, 3.49990000000000e+04, 3.49610000000000e+04, 3.49660000000000e+04, 1.63112207041036e-12]
	RefineElem[5: 7.77410000000000e+04, 4.28990000000000e+04, 4.29000000000000e+04, 4.06260000000000e+04, 1.63039095347243e-12]
	RefineElem[5: 4.84090000000000e+04, 3.98770000000000e+04, 3.76170000000000e+04, 3.98750000000000e+04, 1.63028271197343e-12]
	RefineElem[5: 2.48440000000000e+04, 2.58010000000000e+04, 2.58020000000000e+04, 2.57990000000000e+04, 1.62987992856833e-12]
	RefineElem[5: 8.98780000000000e+04, 2.13150000000000e+04, 1.92340000000000e+04, 4.67190000000000e+04, 1.62953841933771e-12]
	RefineElem[5: 6.00850000000000e+04, 2.63720000000000e+04, 2.63610000000000e+04, 2.42650000000000e+04, 1.62942516667170e-12]
	RefineElem[5: 9.84150000000000e+04, 4.94700000000000e+04, 4.71890000000000e+04, 4.57550000000000e+04, 1.62854708337022e-12]
	RefineElem[5: 9.44040000000000e+04, 4.49960000000000e+04, 4.80860000000000e+04, 4.80870000000000e+04, 1.62851955451504e-12]
	RefineElem[5: 9.67360000000000e+04, 2.55280000000000e+04, 4.67110000000000e+04, 4.88560000000000e+04, 1.62846707508781e-12]
	RefineElem[5: 1.52480000000000e+04, 1.25640000000000e+04, 1.25740000000000e+04, 1.25650000000000e+04, 1.62698907283133e-12]
	RefineElem[5: 2.67090000000000e+04, 2.82570000000000e+04, 2.82550000000000e+04, 2.57910000000000e+04, 1.62693740409218e-12]
	RefineElem[5: 7.53620000000000e+04, 4.23690000000000e+04, 4.17210000000000e+04, 2.73510000000000e+04, 1.62632276238523e-12]
	RefineElem[5: 8.35980000000000e+04, 4.44660000000000e+04, 2.40310000000000e+04, 2.17600000000000e+04, 1.62630138662235e-12]
	RefineElem[5: 7.16390000000000e+04, 2.04470000000000e+04, 2.04510000000000e+04, 4.16260000000000e+04, 1.62621729854776e-12]
	RefineElem[5: 9.82570000000000e+04, 4.94220000000000e+04, 4.83440000000000e+04, 4.54870000000000e+04, 1.62586119895169e-12]
	RefineElem[5: 9.51420000000000e+04, 4.83130000000000e+04, 3.40820000000000e+04, 3.40840000000000e+04, 1.62510034103457e-12]
	RefineElem[5: 7.52360000000000e+04, 4.23530000000000e+04, 3.92230000000000e+04, 2.80640000000000e+04, 1.62425351463836e-12]
	RefineElem[5: 1.00103000000000e+05, 4.18010000000000e+04, 4.83420000000000e+04, 4.99520000000000e+04, 1.62405717333494e-12]
	RefineElem[5: 9.48860000000000e+04, 4.82330000000000e+04, 2.67450000000000e+04, 2.67560000000000e+04, 1.62398115845582e-12]
	RefineElem[5: 1.03595000000000e+05, 5.09410000000000e+04, 5.10690000000000e+04, 5.05080000000000e+04, 1.62395876385111e-12]
	RefineElem[5: 9.49050000000000e+04, 4.82400000000000e+04, 4.42020000000000e+04, 4.71760000000000e+04, 1.62378586313427e-12]
	RefineElem[5: 6.83940000000000e+04, 8.36000000000000e+02, 4.07520000000000e+04, 8.70000000000000e+02, 1.62369038019886e-12]
	RefineElem[5: 9.69130000000000e+04, 4.89310000000000e+04, 2.42610000000000e+04, 2.42620000000000e+04, 1.62275502786521e-12]
	RefineElem[5: 9.24870000000000e+04, 2.79510000000000e+04, 4.74980000000000e+04, 2.79550000000000e+04, 1.62241958520872e-12]
	RefineElem[5: 7.04810000000000e+04, 2.17750000000000e+04, 2.17080000000000e+04, 4.13460000000000e+04, 1.62234975904768e-12]
	RefineElem[5: 6.93030000000000e+04, 4.10250000000000e+04, 4.10240000000000e+04, 2.67450000000000e+04, 1.62180305083041e-12]
	RefineElem[5: 7.14250000000000e+04, 4.15860000000000e+04, 4.15840000000000e+04, 2.75540000000000e+04, 1.61995586192121e-12]
	RefineElem[5: 7.07150000000000e+04, 2.83430000000000e+04, 2.83310000000000e+04, 4.14060000000000e+04, 1.61983921847092e-12]
	RefineElem[5: 7.55930000000000e+04, 9.62900000000000e+03, 9.63000000000000e+03, 4.24200000000000e+04, 1.61964448655372e-12]
	RefineElem[5: 8.69170000000000e+04, 4.53240000000000e+04, 4.57980000000000e+04, 4.57990000000000e+04, 1.61908302965077e-12]
	RefineElem[5: 8.98230000000000e+04, 4.67040000000000e+04, 2.04970000000000e+04, 4.04370000000000e+04, 1.61907975243539e-12]
	RefineElem[5: 7.02590000000000e+04, 4.12830000000000e+04, 4.12840000000000e+04, 2.55040000000000e+04, 1.61884246268543e-12]
	RefineElem[5: 6.19180000000000e+04, 4.31100000000000e+03, 3.76000000000000e+03, 3.65300000000000e+03, 1.61750697597009e-12]
	RefineElem[5: 7.91900000000000e+04, 4.32610000000000e+04, 4.11500000000000e+04, 4.13380000000000e+04, 1.61713834527556e-12]
	RefineElem[5: 7.22660000000000e+04, 1.64420000000000e+04, 1.64390000000000e+04, 4.17550000000000e+04, 1.61674441736597e-12]
	RefineElem[5: 8.83070000000000e+04, 2.10120000000000e+04, 4.62700000000000e+04, 4.62690000000000e+04, 1.61654774806382e-12]
	RefineElem[5: 9.51810000000000e+04, 4.83270000000000e+04, 2.20570000000000e+04, 2.19910000000000e+04, 1.61650704862698e-12]
	RefineElem[5: 6.05160000000000e+04, 7.44300000000000e+03, 7.43400000000000e+03, 7.65200000000000e+03, 1.61615719589463e-12]
	RefineElem[5: 6.83450000000000e+04, 4.07200000000000e+04, 8.52600000000000e+03, 8.52900000000000e+03, 1.61503397771096e-12]
	RefineElem[5: 5.80500000000000e+04, 2.88500000000000e+04, 2.88320000000000e+04, 2.71800000000000e+04, 1.61495555095532e-12]
	RefineElem[5: 8.33230000000000e+04, 4.43890000000000e+04, 4.18950000000000e+04, 2.85920000000000e+04, 1.61466975681487e-12]
	RefineElem[5: 8.05300000000000e+04, 4.35990000000000e+04, 4.34360000000000e+04, 2.88180000000000e+04, 1.61465777719856e-12]
	RefineElem[5: 2.12770000000000e+04, 1.88490000000000e+04, 1.88470000000000e+04, 1.88710000000000e+04, 1.61420776166566e-12]
	RefineElem[5: 1.81430000000000e+04, 1.65340000000000e+04, 1.65360000000000e+04, 1.65350000000000e+04, 1.61189271804076e-12]
	RefineElem[5: 7.48350000000000e+04, 1.46680000000000e+04, 4.22860000000000e+04, 1.46260000000000e+04, 1.61183077763466e-12]
	RefineElem[5: 7.12290000000000e+04, 8.95000000000000e+02, 4.15280000000000e+04, 2.17500000000000e+03, 1.61051944614862e-12]
	RefineElem[5: 7.55900000000000e+04, 9.63100000000000e+03, 4.24200000000000e+04, 9.63200000000000e+03, 1.61046815117675e-12]
	RefineElem[5: 9.05180000000000e+04, 4.25770000000000e+04, 4.04650000000000e+04, 4.68940000000000e+04, 1.60888470309654e-12]
	RefineElem[5: 3.88370000000000e+04, 1.65780000000000e+04, 1.65790000000000e+04, 1.65810000000000e+04, 1.60876361431403e-12]
	RefineElem[5: 9.56680000000000e+04, 4.84880000000000e+04, 2.32620000000000e+04, 2.32610000000000e+04, 1.60770553306016e-12]
	RefineElem[5: 2.50040000000000e+04, 2.51390000000000e+04, 2.51760000000000e+04, 2.51720000000000e+04, 1.60734677199158e-12]
	RefineElem[5: 9.74960000000000e+04, 4.92160000000000e+04, 4.13140000000000e+04, 9.85000000000000e+02, 1.60731345242616e-12]
	RefineElem[5: 7.46180000000000e+04, 3.50620000000000e+04, 4.15900000000000e+04, 4.22210000000000e+04, 1.60710793365867e-12]
	RefineElem[5: 7.41550000000000e+04, 2.03510000000000e+04, 3.94460000000000e+04, 4.21430000000000e+04, 1.60649071625576e-12]
	RefineElem[5: 6.01940000000000e+04, 8.18000000000000e+02, 1.38400000000000e+03, 1.37600000000000e+03, 1.60648224195275e-12]
	RefineElem[5: 9.75420000000000e+04, 1.70340000000000e+04, 1.70500000000000e+04, 4.92290000000000e+04, 1.60599648070618e-12]
	RefineElem[5: 2.25000000000000e+04, 2.26740000000000e+04, 2.26750000000000e+04, 2.26710000000000e+04, 1.60580385615583e-12]
	RefineElem[5: 7.17490000000000e+04, 4.16540000000000e+04, 3.50580000000000e+04, 3.87030000000000e+04, 1.60529307421863e-12]
	RefineElem[5: 6.25330000000000e+04, 2.07890000000000e+04, 2.07880000000000e+04, 1.96450000000000e+04, 1.60527476589087e-12]
	RefineElem[5: 2.38190000000000e+04, 2.07920000000000e+04, 2.07880000000000e+04, 2.31590000000000e+04, 1.60521821023594e-12]
	RefineElem[5: 6.97270000000000e+04, 4.11340000000000e+04, 7.44200000000000e+03, 7.45300000000000e+03, 1.60505211793270e-12]
	RefineElem[5: 7.13940000000000e+04, 4.15800000000000e+04, 1.93600000000000e+04, 3.92930000000000e+04, 1.60482908933926e-12]
	RefineElem[5: 7.92800000000000e+04, 4.32820000000000e+04, 2.42060000000000e+04, 2.65080000000000e+04, 1.60479363142640e-12]
	RefineElem[5: 8.25060000000000e+04, 3.60440000000000e+04, 3.61020000000000e+04, 4.41820000000000e+04, 1.60432190744393e-12]
	RefineElem[5: 1.79620000000000e+04, 1.31870000000000e+04, 1.32170000000000e+04, 1.51790000000000e+04, 1.60399820851369e-12]
	RefineElem[5: 8.33320000000000e+04, 4.43900000000000e+04, 2.85690000000000e+04, 2.74730000000000e+04, 1.60393074753224e-12]
	RefineElem[5: 6.34550000000000e+04, 2.43150000000000e+04, 2.42820000000000e+04, 2.42060000000000e+04, 1.60295860118812e-12]
	RefineElem[5: 9.91810000000000e+04, 4.96810000000000e+04, 4.96800000000000e+04, 4.51730000000000e+04, 1.60191364521139e-12]
	RefineElem[5: 9.72830000000000e+04, 4.91160000000000e+04, 4.03750000000000e+04, 4.81810000000000e+04, 1.60149989905785e-12]
	RefineElem[5: 6.39050000000000e+04, 1.52550000000000e+04, 1.52620000000000e+04, 1.52530000000000e+04, 1.60096497359961e-12]
	RefineElem[5: 6.96100000000000e+04, 4.11090000000000e+04, 2.25480000000000e+04, 2.25740000000000e+04, 1.60055466944342e-12]
	RefineElem[5: 7.52630000000000e+04, 4.23550000000000e+04, 2.89840000000000e+04, 3.89870000000000e+04, 1.59935139898090e-12]
	RefineElem[5: 8.40440000000000e+04, 4.46090000000000e+04, 4.04790000000000e+04, 4.07100000000000e+04, 1.59888349715024e-12]
	RefineElem[5: 2.39390000000000e+04, 2.06090000000000e+04, 2.06110000000000e+04, 2.30480000000000e+04, 1.59885915292508e-12]
	RefineElem[5: 6.30510000000000e+04, 3.64500000000000e+03, 3.63200000000000e+03, 3.63900000000000e+03, 1.59832102167593e-12]
	RefineElem[5: 7.23340000000000e+04, 2.23550000000000e+04, 2.23470000000000e+04, 4.17640000000000e+04, 1.59702020203227e-12]
	RefineElem[5: 7.88370000000000e+04, 4.31750000000000e+04, 4.31760000000000e+04, 4.05640000000000e+04, 1.59636331507214e-12]
	RefineElem[5: 9.72880000000000e+04, 4.91190000000000e+04, 4.91180000000000e+04, 4.91150000000000e+04, 1.59624395253985e-12]
	RefineElem[5: 2.43550000000000e+04, 2.06800000000000e+04, 3.91370000000000e+04, 2.02630000000000e+04, 1.59596698377329e-12]
	RefineElem[5: 7.02030000000000e+04, 3.49820000000000e+04, 3.49900000000000e+04, 4.12730000000000e+04, 1.59524031766064e-12]
	RefineElem[5: 4.98070000000000e+04, 3.95300000000000e+04, 3.84750000000000e+04, 3.84730000000000e+04, 1.59516234886808e-12]
	RefineElem[5: 9.59650000000000e+04, 4.85750000000000e+04, 4.55320000000000e+04, 4.55310000000000e+04, 1.59432372032238e-12]
	RefineElem[5: 8.21040000000000e+04, 2.57800000000000e+04, 2.57790000000000e+04, 4.40560000000000e+04, 1.59431245102521e-12]
	RefineElem[5: 7.38920000000000e+04, 4.20990000000000e+04, 3.72920000000000e+04, 3.72870000000000e+04, 1.59425998082601e-12]
	RefineElem[5: 7.02480000000000e+04, 4.12820000000000e+04, 2.56440000000000e+04, 2.56460000000000e+04, 1.59401865522592e-12]
	RefineElem[5: 7.84730000000000e+04, 4.30850000000000e+04, 4.30810000000000e+04, 4.30840000000000e+04, 1.59339286943675e-12]
	RefineElem[5: 7.06860000000000e+04, 3.58400000000000e+03, 4.13940000000000e+04, 4.91500000000000e+03, 1.59310933471312e-12]
	RefineElem[5: 7.95070000000000e+04, 4.33240000000000e+04, 4.16720000000000e+04, 2.52900000000000e+03, 1.59285146995983e-12]
	RefineElem[5: 7.88520000000000e+04, 2.43330000000000e+04, 4.31780000000000e+04, 2.43320000000000e+04, 1.59232244672146e-12]
	RefineElem[5: 8.40410000000000e+04, 4.46080000000000e+04, 4.46090000000000e+04, 4.07110000000000e+04, 1.59231519638156e-12]
	RefineElem[5: 1.00110000000000e+05, 4.99550000000000e+04, 4.99540000000000e+04, 4.83420000000000e+04, 1.58979925105799e-12]
	RefineElem[5: 8.40810000000000e+04, 1.98030000000000e+04, 1.98040000000000e+04, 4.46180000000000e+04, 1.58953631800013e-12]
	RefineElem[5: 1.81440000000000e+04, 1.65350000000000e+04, 1.65400000000000e+04, 1.65330000000000e+04, 1.58944748799559e-12]
	RefineElem[5: 7.88380000000000e+04, 4.31760000000000e+04, 2.81960000000000e+04, 4.05650000000000e+04, 1.58902570381731e-12]
	RefineElem[5: 6.14950000000000e+04, 2.54620000000000e+04, 2.54570000000000e+04, 2.53930000000000e+04, 1.58876282922153e-12]
	RefineElem[5: 5.95410000000000e+04, 2.14280000000000e+04, 2.12890000000000e+04, 3.91320000000000e+04, 1.58853520415509e-12]
	RefineElem[5: 5.79540000000000e+04, 3.89800000000000e+04, 2.68640000000000e+04, 2.69360000000000e+04, 1.58516660396902e-12]
	RefineElem[5: 7.74630000000000e+04, 4.28360000000000e+04, 4.12560000000000e+04, 2.47390000000000e+04, 1.58512974223840e-12]
	RefineElem[5: 5.46050000000000e+04, 4.90200000000000e+03, 4.92300000000000e+03, 4.85500000000000e+03, 1.58481135429522e-12]
	RefineElem[5: 8.40470000000000e+04, 2.49010000000000e+04, 2.49080000000000e+04, 4.46100000000000e+04, 1.58400433167836e-12]
	RefineElem[5: 9.49990000000000e+04, 4.82730000000000e+04, 4.82720000000000e+04, 4.82690000000000e+04, 1.58392840187058e-12]
	RefineElem[5: 7.26080000000000e+04, 4.18290000000000e+04, 2.07990000000000e+04, 2.00470000000000e+04, 1.58271388480870e-12]
	RefineElem[5: 7.83830000000000e+04, 4.30640000000000e+04, 2.47920000000000e+04, 2.48100000000000e+04, 1.58208084271244e-12]
	RefineElem[5: 7.17440000000000e+04, 4.16520000000000e+04, 3.50590000000000e+04, 3.50460000000000e+04, 1.58164822404280e-12]
	RefineElem[5: 8.25050000000000e+04, 4.41820000000000e+04, 4.41810000000000e+04, 4.13990000000000e+04, 1.58114217226016e-12]
	RefineElem[5: 7.30340000000000e+04, 4.19160000000000e+04, 3.94160000000000e+04, 2.79590000000000e+04, 1.58111092298647e-12]
	RefineElem[5: 8.32910000000000e+04, 4.43780000000000e+04, 2.70080000000000e+04, 2.69170000000000e+04, 1.58099462204441e-12]
	RefineElem[5: 6.89340000000000e+04, 4.09390000000000e+04, 4.09380000000000e+04, 2.16990000000000e+04, 1.58061057468485e-12]
	RefineElem[5: 6.31020000000000e+04, 3.71000000000000e+03, 5.10700000000000e+03, 3.64600000000000e+03, 1.58042589996530e-12]
	RefineElem[5: 5.64760000000000e+04, 1.06600000000000e+03, 8.78000000000000e+02, 8.69000000000000e+02, 1.58038248480658e-12]
	RefineElem[5: 7.48610000000000e+04, 2.41040000000000e+04, 2.40950000000000e+04, 4.22900000000000e+04, 1.58034767541656e-12]
	RefineElem[5: 8.43280000000000e+04, 4.46870000000000e+04, 2.16790000000000e+04, 4.39710000000000e+04, 1.57993368139069e-12]
	RefineElem[5: 9.71400000000000e+04, 4.56630000000000e+04, 4.35000000000000e+02, 4.90510000000000e+04, 1.57980224698701e-12]
	RefineElem[5: 7.86540000000000e+04, 4.31290000000000e+04, 4.31420000000000e+04, 4.14210000000000e+04, 1.57967910917924e-12]
	RefineElem[5: 9.29050000000000e+04, 4.76090000000000e+04, 4.56830000000000e+04, 4.56820000000000e+04, 1.57960267721488e-12]
	RefineElem[5: 2.39400000000000e+04, 2.30530000000000e+04, 2.30440000000000e+04, 2.06100000000000e+04, 1.57803824605600e-12]
	RefineElem[5: 8.08690000000000e+04, 4.37120000000000e+04, 4.11550000000000e+04, 4.11560000000000e+04, 1.57758066647310e-12]
	RefineElem[5: 7.22010000000000e+04, 1.21470000000000e+04, 4.17430000000000e+04, 4.17440000000000e+04, 1.57644775449298e-12]
	RefineElem[5: 7.45600000000000e+04, 4.12590000000000e+04, 4.22090000000000e+04, 4.22080000000000e+04, 1.57623071309749e-12]
	RefineElem[5: 4.11310000000000e+04, 2.82910000000000e+04, 2.82930000000000e+04, 2.06970000000000e+04, 1.57547914620630e-12]
	RefineElem[5: 5.75100000000000e+04, 1.27250000000000e+04, 1.27230000000000e+04, 1.27100000000000e+04, 1.57437181246159e-12]
	RefineElem[5: 7.37580000000000e+04, 1.88470000000000e+04, 1.88490000000000e+04, 4.20640000000000e+04, 1.57321898215839e-12]
	RefineElem[5: 7.64840000000000e+04, 2.90000000000000e+03, 4.26530000000000e+04, 2.88500000000000e+03, 1.57314194614239e-12]
	RefineElem[5: 4.86760000000000e+04, 3.98280000000000e+04, 3.77210000000000e+04, 3.98260000000000e+04, 1.57246160759450e-12]
	RefineElem[5: 5.87870000000000e+04, 2.39330000000000e+04, 2.17760000000000e+04, 2.18090000000000e+04, 1.57240578406955e-12]
	RefineElem[5: 7.20470000000000e+04, 4.17120000000000e+04, 2.46110000000000e+04, 2.45910000000000e+04, 1.57239195121327e-12]
	RefineElem[5: 6.70190000000000e+04, 3.99380000000000e+04, 4.02070000000000e+04, 4.02050000000000e+04, 1.57138031435109e-12]
	RefineElem[5: 7.33400000000000e+04, 4.19720000000000e+04, 3.49070000000000e+04, 3.48820000000000e+04, 1.57134379373247e-12]
	RefineElem[5: 7.35350000000000e+04, 4.20150000000000e+04, 2.81050000000000e+04, 2.81060000000000e+04, 1.57134128851595e-12]
	RefineElem[5: 7.42880000000000e+04, 4.21610000000000e+04, 1.12490000000000e+04, 1.12840000000000e+04, 1.57037688734419e-12]
	RefineElem[5: 6.38340000000000e+04, 4.99200000000000e+03, 3.58700000000000e+03, 3.60100000000000e+03, 1.57025372074450e-12]
	RefineElem[5: 6.98210000000000e+04, 4.11650000000000e+04, 4.06070000000000e+04, 6.01100000000000e+03, 1.56986388999648e-12]
	RefineElem[5: 4.98170000000000e+04, 3.84700000000000e+04, 3.84820000000000e+04, 3.95360000000000e+04, 1.56951620649702e-12]
	RefineElem[5: 5.91560000000000e+04, 1.96720000000000e+04, 1.97580000000000e+04, 1.97810000000000e+04, 1.56941231336221e-12]
	RefineElem[5: 1.00041000000000e+05, 4.58390000000000e+04, 4.99380000000000e+04, 4.99370000000000e+04, 1.56866338317944e-12]
	RefineElem[5: 7.36890000000000e+04, 4.20510000000000e+04, 2.82370000000000e+04, 4.07930000000000e+04, 1.56827152619526e-12]
	RefineElem[5: 8.64150000000000e+04, 2.64440000000000e+04, 2.64470000000000e+04, 4.54770000000000e+04, 1.56808487015885e-12]
	RefineElem[5: 6.78710000000000e+04, 4.05740000000000e+04, 2.91820000000000e+04, 2.84210000000000e+04, 1.56773425907441e-12]
	RefineElem[5: 8.19550000000000e+04, 4.40050000000000e+04, 4.29980000000000e+04, 4.30030000000000e+04, 1.56747030911199e-12]
	RefineElem[5: 5.42940000000000e+04, 1.63000000000000e+03, 7.04000000000000e+02, 6.95000000000000e+02, 1.56740223373821e-12]
	RefineElem[5: 9.57110000000000e+04, 2.82450000000000e+04, 2.82460000000000e+04, 4.84960000000000e+04, 1.56709394338841e-12]
	RefineElem[5: 6.69910000000000e+04, 3.99060000000000e+04, 4.02010000000000e+04, 4.01990000000000e+04, 1.56615700979724e-12]
	RefineElem[5: 7.29240000000000e+04, 4.18950000000000e+04, 4.18940000000000e+04, 2.86070000000000e+04, 1.56609233808574e-12]
	RefineElem[5: 4.46000000000000e+04, 2.82420000000000e+04, 2.82390000000000e+04, 2.07550000000000e+04, 1.56569464626391e-12]
	RefineElem[5: 9.82540000000000e+04, 4.54870000000000e+04, 4.18010000000000e+04, 4.94210000000000e+04, 1.56502291846125e-12]
	RefineElem[5: 8.48590000000000e+04, 9.33300000000000e+03, 7.25000000000000e+03, 4.47820000000000e+04, 1.56485348195040e-12]
	RefineElem[5: 7.21840000000000e+04, 4.17400000000000e+04, 8.07000000000000e+02, 7.49000000000000e+02, 1.56476976362192e-12]
	RefineElem[5: 7.53670000000000e+04, 2.73480000000000e+04, 2.73530000000000e+04, 4.23690000000000e+04, 1.56469841335745e-12]
	RefineElem[5: 7.68140000000000e+04, 4.21720000000000e+04, 4.21710000000000e+04, 4.27340000000000e+04, 1.56467600983747e-12]
	RefineElem[5: 1.78870000000000e+04, 1.35370000000000e+04, 1.44210000000000e+04, 1.54660000000000e+04, 1.55989597329515e-12]
	RefineElem[5: 7.46990000000000e+04, 4.22460000000000e+04, 4.22470000000000e+04, 3.48870000000000e+04, 1.55940258851664e-12]
	RefineElem[5: 7.57260000000000e+04, 2.84880000000000e+04, 2.84690000000000e+04, 4.24460000000000e+04, 1.55836617824124e-12]
	RefineElem[5: 7.28990000000000e+04, 4.18840000000000e+04, 2.07490000000000e+04, 4.13900000000000e+04, 1.55834755009097e-12]
	RefineElem[5: 7.51610000000000e+04, 4.23430000000000e+04, 2.68560000000000e+04, 2.89420000000000e+04, 1.55766018696610e-12]
	RefineElem[5: 6.88960000000000e+04, 4.09280000000000e+04, 1.96620000000000e+04, 4.09230000000000e+04, 1.55507225902207e-12]
	RefineElem[5: 7.45930000000000e+04, 4.22140000000000e+04, 7.29300000000000e+03, 4.08640000000000e+04, 1.55402117133327e-12]
	RefineElem[5: 8.05700000000000e+04, 4.36140000000000e+04, 4.97400000000000e+03, 5.01300000000000e+03, 1.55401989006965e-12]
	RefineElem[5: 7.10640000000000e+04, 4.14950000000000e+04, 6.80200000000000e+03, 6.80400000000000e+03, 1.55247541467180e-12]
	RefineElem[5: 9.72590000000000e+04, 4.91010000000000e+04, 4.91000000000000e+04, 4.90970000000000e+04, 1.55201313616505e-12]
	RefineElem[5: 8.17180000000000e+04, 4.39250000000000e+04, 1.40850000000000e+04, 1.40810000000000e+04, 1.55118194250815e-12]
	RefineElem[5: 6.97180000000000e+04, 4.11320000000000e+04, 4.11310000000000e+04, 2.65400000000000e+04, 1.55023604611118e-12]
	RefineElem[5: 7.69990000000000e+04, 4.27570000000000e+04, 2.53230000000000e+04, 2.52490000000000e+04, 1.54820266737511e-12]
	RefineElem[5: 7.30720000000000e+04, 1.33110000000000e+04, 1.33100000000000e+04, 4.19290000000000e+04, 1.54814555189922e-12]
	RefineElem[5: 8.64780000000000e+04, 4.55080000000000e+04, 2.28740000000000e+04, 2.28820000000000e+04, 1.54733406084476e-12]
	RefineElem[5: 1.02505000000000e+05, 4.89070000000000e+04, 5.07460000000000e+04, 5.07470000000000e+04, 1.54727702343187e-12]
	RefineElem[5: 6.32420000000000e+04, 1.28970000000000e+04, 1.28800000000000e+04, 1.28770000000000e+04, 1.54692027162721e-12]
	RefineElem[5: 9.63320000000000e+04, 4.86940000000000e+04, 4.86920000000000e+04, 4.40290000000000e+04, 1.54637284618804e-12]
	RefineElem[5: 7.17240000000000e+04, 4.06030000000000e+04, 2.82340000000000e+04, 4.16500000000000e+04, 1.54557848427652e-12]
	RefineElem[5: 7.31910000000000e+04, 3.81600000000000e+03, 4.19490000000000e+04, 4.06910000000000e+04, 1.54519303569139e-12]
	RefineElem[5: 6.64440000000000e+04, 4.00820000000000e+04, 3.92660000000000e+04, 2.03590000000000e+04, 1.54480617323156e-12]
	RefineElem[5: 9.47000000000000e+04, 2.67430000000000e+04, 2.67460000000000e+04, 4.81760000000000e+04, 1.54095645424119e-12]
	RefineElem[5: 6.00730000000000e+04, 2.38680000000000e+04, 2.38660000000000e+04, 2.16950000000000e+04, 1.54011378898428e-12]
	RefineElem[5: 8.82460000000000e+04, 4.62600000000000e+04, 4.10270000000000e+04, 2.28870000000000e+04, 1.54004024251391e-12]
	RefineElem[5: 7.35260000000000e+04, 2.19390000000000e+04, 2.19400000000000e+04, 4.20140000000000e+04, 1.53751329264474e-12]
	RefineElem[5: 7.39150000000000e+04, 1.97310000000000e+04, 1.97320000000000e+04, 4.21020000000000e+04, 1.53657476057615e-12]
	RefineElem[5: 5.23130000000000e+04, 2.23040000000000e+04, 2.22930000000000e+04, 2.36550000000000e+04, 1.53625982638230e-12]
	RefineElem[5: 9.35190000000000e+04, 4.77950000000000e+04, 2.41420000000000e+04, 2.41430000000000e+04, 1.53557270370985e-12]
	RefineElem[5: 7.04390000000000e+04, 2.78200000000000e+03, 2.77100000000000e+03, 4.13330000000000e+04, 1.53389383373595e-12]
	RefineElem[5: 6.85390000000000e+04, 2.20120000000000e+04, 4.07970000000000e+04, 4.04030000000000e+04, 1.53356969338598e-12]
	RefineElem[5: 1.79160000000000e+04, 1.30100000000000e+04, 1.30290000000000e+04, 1.50050000000000e+04, 1.53294765297829e-12]
	RefineElem[5: 7.99180000000000e+04, 4.34540000000000e+04, 2.84500000000000e+04, 2.72710000000000e+04, 1.53278917649257e-12]
	RefineElem[5: 6.02560000000000e+04, 2.37400000000000e+03, 2.38300000000000e+03, 2.03600000000000e+03, 1.53256628741067e-12]
	RefineElem[5: 7.88340000000000e+04, 4.05630000000000e+04, 4.31740000000000e+04, 4.31750000000000e+04, 1.53251360030553e-12]
	RefineElem[5: 3.56940000000000e+04, 3.48210000000000e+04, 3.48230000000000e+04, 3.47590000000000e+04, 1.53172882749289e-12]
	RefineElem[5: 6.35990000000000e+04, 3.61800000000000e+03, 3.64100000000000e+03, 4.23600000000000e+03, 1.53110205721534e-12]
	RefineElem[5: 9.59490000000000e+04, 4.39860000000000e+04, 4.39850000000000e+04, 4.85700000000000e+04, 1.53104403105389e-12]
	RefineElem[5: 2.48620000000000e+04, 2.58790000000000e+04, 2.58890000000000e+04, 2.57970000000000e+04, 1.52981910841208e-12]
	RefineElem[5: 6.75230000000000e+04, 2.44680000000000e+04, 2.44700000000000e+04, 2.44280000000000e+04, 1.52971564295208e-12]
	RefineElem[5: 7.45490000000000e+04, 2.16700000000000e+03, 2.15300000000000e+03, 4.22070000000000e+04, 1.52924265136313e-12]
	RefineElem[5: 5.26400000000000e+04, 2.70020000000000e+04, 2.69970000000000e+04, 2.69700000000000e+04, 1.52884737934177e-12]
	RefineElem[5: 6.32080000000000e+04, 1.02040000000000e+04, 1.01980000000000e+04, 9.97500000000000e+03, 1.52789827098914e-12]
	RefineElem[5: 7.48450000000000e+04, 2.48550000000000e+04, 4.22880000000000e+04, 4.09320000000000e+04, 1.52709387255289e-12]
	RefineElem[5: 9.19410000000000e+04, 7.52900000000000e+03, 4.73300000000000e+04, 4.26200000000000e+04, 1.52596789294360e-12]
	RefineElem[5: 7.06120000000000e+04, 4.13770000000000e+04, 3.49840000000000e+04, 3.49940000000000e+04, 1.52492564032884e-12]
	RefineElem[5: 1.78260000000000e+04, 1.51240000000000e+04, 1.31850000000000e+04, 1.31760000000000e+04, 1.52468805137841e-12]
	RefineElem[5: 7.22190000000000e+04, 1.53280000000000e+04, 1.63100000000000e+04, 4.17460000000000e+04, 1.52396990366120e-12]
	RefineElem[5: 7.55820000000000e+04, 4.24180000000000e+04, 8.51400000000000e+03, 8.51300000000000e+03, 1.52307263874023e-12]
	RefineElem[5: 5.80000000000000e+04, 3.92070000000000e+04, 2.77560000000000e+04, 2.80510000000000e+04, 1.52184789577704e-12]
	RefineElem[5: 6.10540000000000e+04, 1.51370000000000e+04, 1.55760000000000e+04, 1.56020000000000e+04, 1.52175763774792e-12]
	RefineElem[5: 1.05090000000000e+04, 1.16470000000000e+04, 1.06890000000000e+04, 1.16450000000000e+04, 1.52108136775736e-12]
	RefineElem[5: 2.47420000000000e+04, 2.52440000000000e+04, 2.52470000000000e+04, 2.52420000000000e+04, 1.51995050464381e-12]
	RefineElem[5: 6.54520000000000e+04, 1.67800000000000e+04, 1.67860000000000e+04, 1.67870000000000e+04, 1.51952518598202e-12]
	RefineElem[5: 6.27820000000000e+04, 2.54690000000000e+04, 2.54260000000000e+04, 2.54280000000000e+04, 1.51935950914671e-12]
	RefineElem[5: 8.18680000000000e+04, 4.39690000000000e+04, 4.39680000000000e+04, 4.05120000000000e+04, 1.51912006198765e-12]
	RefineElem[5: 1.79690000000000e+04, 1.47290000000000e+04, 1.46880000000000e+04, 1.26920000000000e+04, 1.51902681140621e-12]
	RefineElem[5: 7.73600000000000e+03, 6.88000000000000e+02, 6.95000000000000e+02, 4.52200000000000e+03, 1.51780442217930e-12]
	RefineElem[5: 6.06430000000000e+04, 1.00380000000000e+04, 1.00310000000000e+04, 1.04130000000000e+04, 1.51681655503637e-12]
	RefineElem[5: 7.52410000000000e+04, 2.78960000000000e+04, 2.91190000000000e+04, 4.23540000000000e+04, 1.51564685693046e-12]
	RefineElem[5: 8.09310000000000e+04, 8.71400000000000e+03, 1.24600000000000e+04, 4.37250000000000e+04, 1.51563173827148e-12]
	RefineElem[5: 5.55940000000000e+04, 1.97300000000000e+04, 1.97550000000000e+04, 2.07380000000000e+04, 1.51502543969022e-12]
	RefineElem[5: 4.78520000000000e+04, 3.95340000000000e+04, 3.73630000000000e+04, 3.95220000000000e+04, 1.51463052363803e-12]
	RefineElem[5: 6.79570000000000e+04, 9.62600000000000e+03, 9.63700000000000e+03, 9.64000000000000e+03, 1.51442144808241e-12]
	RefineElem[5: 9.68810000000000e+04, 4.89190000000000e+04, 3.49960000000000e+04, 4.89180000000000e+04, 1.51428156883955e-12]
	RefineElem[5: 7.18580000000000e+04, 9.05300000000000e+03, 8.46800000000000e+03, 4.16800000000000e+04, 1.51382021291286e-12]
	RefineElem[5: 7.28300000000000e+04, 2.13830000000000e+04, 2.39540000000000e+04, 4.18740000000000e+04, 1.51344182104058e-12]
	RefineElem[5: 6.79060000000000e+04, 4.03190000000000e+04, 4.05840000000000e+04, 4.03600000000000e+04, 1.51332497030335e-12]
	RefineElem[5: 7.27580000000000e+04, 4.11090000000000e+04, 4.18640000000000e+04, 2.25480000000000e+04, 1.51227639842305e-12]
	RefineElem[5: 2.48170000000000e+04, 2.53910000000000e+04, 2.56460000000000e+04, 2.56470000000000e+04, 1.51201645934892e-12]
	RefineElem[5: 1.79260000000000e+04, 1.34680000000000e+04, 1.34790000000000e+04, 1.54410000000000e+04, 1.51013473623856e-12]
	RefineElem[5: 9.70520000000000e+04, 4.90090000000000e+04, 4.90100000000000e+04, 4.90080000000000e+04, 1.50989856506169e-12]
	RefineElem[5: 7.47300000000000e+04, 3.49060000000000e+04, 4.15080000000000e+04, 4.22560000000000e+04, 1.50954760499780e-12]
	RefineElem[5: 6.21530000000000e+04, 1.28610000000000e+04, 1.28110000000000e+04, 1.28060000000000e+04, 1.50920396761652e-12]
	RefineElem[5: 2.05340000000000e+04, 1.83160000000000e+04, 1.82360000000000e+04, 1.82640000000000e+04, 1.50907894905168e-12]
	RefineElem[5: 2.55400000000000e+04, 2.74070000000000e+04, 2.85610000000000e+04, 2.85620000000000e+04, 1.50889325550343e-12]
	RefineElem[5: 7.20800000000000e+04, 1.05600000000000e+03, 9.30000000000000e+02, 4.17200000000000e+04, 1.50829063387940e-12]
	RefineElem[5: 6.13450000000000e+04, 2.25280000000000e+04, 2.25070000000000e+04, 2.25080000000000e+04, 1.50621242123663e-12]
	RefineElem[5: 7.27560000000000e+04, 4.18630000000000e+04, 4.10770000000000e+04, 2.24760000000000e+04, 1.50615395069950e-12]
	RefineElem[5: 5.05130000000000e+04, 3.11900000000000e+03, 3.12200000000000e+03, 3.12300000000000e+03, 1.50604059429644e-12]
	RefineElem[5: 7.22870000000000e+04, 2.38300000000000e+04, 2.18450000000000e+04, 4.17600000000000e+04, 1.50593995184169e-12]
	RefineElem[5: 8.93490000000000e+04, 2.68030000000000e+04, 4.65730000000000e+04, 2.90610000000000e+04, 1.50574737591768e-12]
	RefineElem[5: 7.84930000000000e+04, 2.65120000000000e+04, 4.06730000000000e+04, 4.30930000000000e+04, 1.50571082340199e-12]
	RefineElem[5: 1.00112000000000e+05, 4.99550000000000e+04, 3.50030000000000e+04, 3.49590000000000e+04, 1.50544161434860e-12]
	RefineElem[5: 1.01966000000000e+05, 5.06000000000000e+04, 4.11060000000000e+04, 3.48770000000000e+04, 1.50539383015311e-12]
	RefineElem[5: 2.43080000000000e+04, 2.38300000000000e+04, 3.87790000000000e+04, 2.18450000000000e+04, 1.50383574453751e-12]
	RefineElem[5: 5.77290000000000e+04, 2.08280000000000e+04, 2.08370000000000e+04, 2.08380000000000e+04, 1.50378903294038e-12]
	RefineElem[5: 6.86040000000000e+04, 4.08200000000000e+04, 2.66530000000000e+04, 2.66220000000000e+04, 1.50340632138875e-12]
	RefineElem[5: 9.29000000000000e+04, 4.56840000000000e+04, 4.56830000000000e+04, 4.76070000000000e+04, 1.50335776944667e-12]
	RefineElem[5: 8.84630000000000e+04, 4.63190000000000e+04, 4.12570000000000e+04, 1.91640000000000e+04, 1.50330991710780e-12]
	RefineElem[5: 5.87430000000000e+04, 2.21640000000000e+04, 2.21650000000000e+04, 2.22110000000000e+04, 1.50310238154187e-12]
	RefineElem[5: 9.17980000000000e+04, 4.72890000000000e+04, 3.62180000000000e+04, 3.62200000000000e+04, 1.50293390544088e-12]
	RefineElem[5: 8.39420000000000e+04, 4.45830000000000e+04, 4.45840000000000e+04, 4.07080000000000e+04, 1.50292270225585e-12]
	RefineElem[5: 3.56820000000000e+04, 3.48600000000000e+04, 3.48060000000000e+04, 3.47340000000000e+04, 1.50289209731083e-12]
	RefineElem[5: 9.71270000000000e+04, 4.90430000000000e+04, 4.90380000000000e+04, 4.28460000000000e+04, 1.50284721554967e-12]
	RefineElem[5: 7.49070000000000e+04, 4.23030000000000e+04, 2.51730000000000e+04, 2.51250000000000e+04, 1.50267496197530e-12]
	RefineElem[5: 6.59710000000000e+04, 2.57100000000000e+04, 2.57060000000000e+04, 2.52790000000000e+04, 1.50265588320567e-12]
	RefineElem[5: 6.90700000000000e+04, 4.09650000000000e+04, 2.55000000000000e+04, 2.54810000000000e+04, 1.50109381855435e-12]
	RefineElem[5: 4.84010000000000e+04, 3.76060000000000e+04, 3.76180000000000e+04, 3.98570000000000e+04, 1.50062558723640e-12]
	RefineElem[5: 7.16200000000000e+04, 2.68850000000000e+04, 4.16220000000000e+04, 2.68820000000000e+04, 1.50061495513116e-12]
	RefineElem[5: 3.58470000000000e+04, 3.74450000000000e+04, 3.74400000000000e+04, 3.50070000000000e+04, 1.50045168723559e-12]
	RefineElem[5: 6.92270000000000e+04, 4.10030000000000e+04, 4.10020000000000e+04, 1.63830000000000e+04, 1.50036605655926e-12]
	RefineElem[5: 9.89520000000000e+04, 4.96190000000000e+04, 2.67250000000000e+04, 4.06310000000000e+04, 1.50002722277563e-12]
	RefineElem[5: 5.87290000000000e+04, 2.13380000000000e+04, 2.13430000000000e+04, 1.93050000000000e+04, 1.49927004939577e-12]
	RefineElem[5: 7.68830000000000e+04, 4.27430000000000e+04, 3.90440000000000e+04, 2.16850000000000e+04, 1.49875587560057e-12]
	RefineElem[5: 5.97800000000000e+04, 2.32990000000000e+04, 2.33010000000000e+04, 2.35680000000000e+04, 1.49792165334612e-12]
	RefineElem[5: 6.96990000000000e+04, 2.50340000000000e+04, 4.11270000000000e+04, 2.51000000000000e+04, 1.49769811982066e-12]
	RefineElem[5: 7.88300000000000e+04, 4.05620000000000e+04, 4.31730000000000e+04, 4.31740000000000e+04, 1.49717628338937e-12]
	RefineElem[5: 6.85270000000000e+04, 2.73200000000000e+04, 2.73310000000000e+04, 4.07910000000000e+04, 1.49685184420224e-12]
	RefineElem[5: 7.40180000000000e+04, 2.56860000000000e+04, 2.53540000000000e+04, 4.21180000000000e+04, 1.49604368569853e-12]
	RefineElem[5: 1.91180000000000e+04, 1.72790000000000e+04, 1.72660000000000e+04, 3.73520000000000e+04, 1.49582954111798e-12]
	RefineElem[5: 2.53000000000000e+04, 2.74760000000000e+04, 2.74790000000000e+04, 2.74770000000000e+04, 1.49541279761708e-12]
	RefineElem[5: 7.25910000000000e+04, 4.18230000000000e+04, 2.26700000000000e+04, 2.26320000000000e+04, 1.49506244690174e-12]
	RefineElem[5: 8.32840000000000e+04, 4.43770000000000e+04, 2.74580000000000e+04, 2.73740000000000e+04, 1.49475503591994e-12]
	RefineElem[5: 8.39440000000000e+04, 4.45840000000000e+04, 2.07940000000000e+04, 2.31550000000000e+04, 1.49472031208686e-12]
	RefineElem[5: 8.09280000000000e+04, 4.37250000000000e+04, 1.24630000000000e+04, 8.71500000000000e+03, 1.49420363554505e-12]
	RefineElem[5: 3.95930000000000e+04, 3.71140000000000e+04, 3.71150000000000e+04, 3.71160000000000e+04, 1.49342212389348e-12]
	RefineElem[5: 7.60040000000000e+04, 1.47430000000000e+04, 4.25100000000000e+04, 1.48090000000000e+04, 1.49318487063070e-12]
	RefineElem[5: 7.53760000000000e+04, 4.23700000000000e+04, 1.94400000000000e+04, 1.94860000000000e+04, 1.49242459863711e-12]
	RefineElem[5: 8.81190000000000e+04, 4.33110000000000e+04, 4.26050000000000e+04, 4.62180000000000e+04, 1.49199641216074e-12]
	RefineElem[5: 6.86860000000000e+04, 4.08490000000000e+04, 2.20060000000000e+04, 4.08480000000000e+04, 1.49125808842218e-12]
	RefineElem[5: 4.11380000000000e+04, 1.70400000000000e+04, 2.32440000000000e+04, 2.32390000000000e+04, 1.49051035375212e-12]
	RefineElem[5: 7.74130000000000e+04, 4.28280000000000e+04, 2.43580000000000e+04, 2.44180000000000e+04, 1.48961066920794e-12]
	RefineElem[5: 7.96610000000000e+04, 4.33570000000000e+04, 2.58100000000000e+04, 4.33670000000000e+04, 1.48958263692868e-12]
	RefineElem[5: 9.54800000000000e+04, 4.84250000000000e+04, 4.36420000000000e+04, 4.36410000000000e+04, 1.48950718419833e-12]
	RefineElem[5: 8.32740000000000e+04, 4.43760000000000e+04, 2.75450000000000e+04, 2.75500000000000e+04, 1.48881912682729e-12]
	RefineElem[5: 3.88080000000000e+04, 1.65490000000000e+04, 1.65510000000000e+04, 1.65460000000000e+04, 1.48881678191625e-12]
	RefineElem[5: 5.91730000000000e+04, 2.01640000000000e+04, 2.01790000000000e+04, 2.02140000000000e+04, 1.48881127609431e-12]
	RefineElem[5: 2.55100000000000e+04, 2.83020000000000e+04, 2.83000000000000e+04, 2.82990000000000e+04, 1.48712258460230e-12]
	RefineElem[5: 5.90540000000000e+04, 8.40400000000000e+03, 8.44000000000000e+03, 8.45600000000000e+03, 1.48684572736646e-12]
	RefineElem[5: 6.15070000000000e+04, 3.87950000000000e+04, 2.54690000000000e+04, 2.54750000000000e+04, 1.48679839548306e-12]
	RefineElem[5: 7.21010000000000e+04, 1.15000000000000e+04, 9.73900000000000e+03, 4.17250000000000e+04, 1.48575211544447e-12]
	RefineElem[5: 9.59800000000000e+04, 4.55340000000000e+04, 4.55330000000000e+04, 4.85800000000000e+04, 1.48501889578930e-12]
	RefineElem[5: 8.60350000000000e+04, 2.32740000000000e+04, 2.33350000000000e+04, 4.53330000000000e+04, 1.48457410259996e-12]
	RefineElem[5: 6.42130000000000e+04, 1.63150000000000e+04, 1.54200000000000e+04, 1.53950000000000e+04, 1.48339755221333e-12]
	RefineElem[5: 8.94820000000000e+04, 4.66000000000000e+04, 3.49380000000000e+04, 4.65990000000000e+04, 1.48319592997865e-12]
	RefineElem[5: 5.22810000000000e+04, 2.20610000000000e+04, 2.20630000000000e+04, 2.20680000000000e+04, 1.48270126707327e-12]
	RefineElem[5: 7.04380000000000e+04, 4.13330000000000e+04, 4.12340000000000e+04, 2.78200000000000e+03, 1.48203965070009e-12]
	RefineElem[5: 5.54560000000000e+04, 1.57420000000000e+04, 1.57410000000000e+04, 1.63380000000000e+04, 1.48116016574119e-12]
	RefineElem[5: 4.41580000000000e+04, 2.87710000000000e+04, 2.87780000000000e+04, 2.11610000000000e+04, 1.48083618626413e-12]
	RefineElem[5: 7.38870000000000e+04, 2.48090000000000e+04, 2.47130000000000e+04, 4.20980000000000e+04, 1.48055325309007e-12]
	RefineElem[5: 6.14720000000000e+04, 2.52360000000000e+04, 2.52140000000000e+04, 2.52210000000000e+04, 1.48002586236974e-12]
	RefineElem[5: 7.86680000000000e+04, 4.31440000000000e+04, 2.86800000000000e+04, 2.86750000000000e+04, 1.47981850410323e-12]
	RefineElem[5: 6.80720000000000e+04, 4.06420000000000e+04, 2.07010000000000e+04, 2.07060000000000e+04, 1.47966608953065e-12]
	RefineElem[5: 8.19000000000000e+04, 4.39830000000000e+04, 4.39820000000000e+04, 4.04600000000000e+04, 1.47917461539378e-12]
	RefineElem[5: 6.87170000000000e+04, 4.08620000000000e+04, 1.88570000000000e+04, 1.88540000000000e+04, 1.47898306967218e-12]
	RefineElem[5: 6.76680000000000e+04, 1.12630000000000e+04, 1.12640000000000e+04, 4.04990000000000e+04, 1.47807563404714e-12]
	RefineElem[5: 7.02540000000000e+04, 4.12820000000000e+04, 3.90920000000000e+04, 2.54030000000000e+04, 1.47767020474444e-12]
	RefineElem[5: 6.24120000000000e+04, 1.52810000000000e+04, 1.52880000000000e+04, 1.52790000000000e+04, 1.47714216269367e-12]
	RefineElem[5: 5.15560000000000e+04, 1.28140000000000e+04, 1.27890000000000e+04, 1.27900000000000e+04, 1.47675402831578e-12]
	RefineElem[5: 9.79620000000000e+04, 4.91000000000000e+04, 4.91010000000000e+04, 4.93440000000000e+04, 1.47619829283529e-12]
	RefineElem[5: 7.08390000000000e+04, 4.14380000000000e+04, 4.14360000000000e+04, 2.44350000000000e+04, 1.47576516912019e-12]
	RefineElem[5: 5.19770000000000e+04, 1.63560000000000e+04, 1.45890000000000e+04, 1.46100000000000e+04, 1.47571556918748e-12]
	RefineElem[5: 8.82390000000000e+04, 4.62590000000000e+04, 2.04790000000000e+04, 2.04440000000000e+04, 1.47569952182143e-12]
	RefineElem[5: 7.41080000000000e+04, 4.21310000000000e+04, 2.30380000000000e+04, 4.11480000000000e+04, 1.47372934421948e-12]
	RefineElem[5: 7.58360000000000e+04, 4.19960000000000e+04, 2.42060000000000e+04, 4.24750000000000e+04, 1.47325215633601e-12]
	RefineElem[5: 7.06680000000000e+04, 2.79260000000000e+04, 3.90680000000000e+04, 4.13930000000000e+04, 1.47287161016568e-12]
	RefineElem[5: 9.54730000000000e+04, 4.84230000000000e+04, 4.36410000000000e+04, 4.36400000000000e+04, 1.47167487029412e-12]
	RefineElem[5: 9.63340000000000e+04, 4.86920000000000e+04, 4.86940000000000e+04, 4.86930000000000e+04, 1.47116218828227e-12]
	RefineElem[5: 2.49560000000000e+04, 2.42830000000000e+04, 2.64300000000000e+04, 2.64310000000000e+04, 1.47040595972708e-12]
	RefineElem[5: 8.94710000000000e+04, 4.65960000000000e+04, 4.29240000000000e+04, 2.46310000000000e+04, 1.46831161874577e-12]
	RefineElem[5: 7.67820000000000e+04, 2.09840000000000e+04, 2.08700000000000e+04, 4.27280000000000e+04, 1.46688364794845e-12]
	RefineElem[5: 5.79660000000000e+04, 2.71160000000000e+04, 2.71020000000000e+04, 2.70470000000000e+04, 1.46673945915318e-12]
	RefineElem[5: 7.99220000000000e+04, 4.34550000000000e+04, 2.72920000000000e+04, 2.72670000000000e+04, 1.46589168670739e-12]
	RefineElem[5: 2.25190000000000e+04, 2.27510000000000e+04, 2.27540000000000e+04, 2.27380000000000e+04, 1.46584041350299e-12]
	RefineElem[5: 7.30530000000000e+04, 2.82420000000000e+04, 2.82380000000000e+04, 4.19220000000000e+04, 1.46533587461503e-12]
	RefineElem[5: 5.95360000000000e+04, 1.95730000000000e+04, 2.11510000000000e+04, 2.11600000000000e+04, 1.46422850735279e-12]
	RefineElem[5: 1.79390000000000e+04, 1.30530000000000e+04, 1.30810000000000e+04, 1.50560000000000e+04, 1.46369178793322e-12]
	RefineElem[5: 7.69100000000000e+04, 2.31250000000000e+04, 4.27470000000000e+04, 4.10570000000000e+04, 1.46315069375428e-12]
	RefineElem[5: 6.51830000000000e+04, 2.63160000000000e+04, 2.64280000000000e+04, 2.64290000000000e+04, 1.46314845167288e-12]
	RefineElem[5: 1.00422000000000e+05, 4.69350000000000e+04, 4.69340000000000e+04, 5.00440000000000e+04, 1.46243865168892e-12]
	RefineElem[5: 5.14280000000000e+04, 1.17690000000000e+04, 1.17600000000000e+04, 1.17620000000000e+04, 1.46210860516888e-12]
	RefineElem[5: 7.19500000000000e+04, 2.62470000000000e+04, 2.45020000000000e+04, 4.16970000000000e+04, 1.46174955453195e-12]
	RefineElem[5: 7.88270000000000e+04, 4.05610000000000e+04, 4.31720000000000e+04, 4.31730000000000e+04, 1.46161514019845e-12]
	RefineElem[5: 9.15210000000000e+04, 4.03770000000000e+04, 4.72040000000000e+04, 4.72010000000000e+04, 1.46099891433318e-12]
	RefineElem[5: 6.95720000000000e+04, 4.11050000000000e+04, 8.94500000000000e+03, 8.94600000000000e+03, 1.45987548759234e-12]
	RefineElem[5: 7.54440000000000e+04, 2.35610000000000e+04, 4.23830000000000e+04, 4.06560000000000e+04, 1.45954435628057e-12]
	RefineElem[5: 2.12700000000000e+04, 1.88550000000000e+04, 1.88530000000000e+04, 1.88660000000000e+04, 1.45907917544339e-12]
	RefineElem[5: 7.79750000000000e+04, 2.48730000000000e+04, 4.06640000000000e+04, 4.29440000000000e+04, 1.45900228443374e-12]
	RefineElem[5: 7.52060000000000e+04, 2.67300000000000e+04, 4.23500000000000e+04, 4.16120000000000e+04, 1.45880003509554e-12]
	RefineElem[5: 7.71000000000000e+04, 4.27670000000000e+04, 2.42890000000000e+04, 2.42810000000000e+04, 1.45828794929701e-12]
	RefineElem[5: 7.00660000000000e+04, 4.12420000000000e+04, 2.38850000000000e+04, 2.38860000000000e+04, 1.45825118684700e-12]
	RefineElem[5: 6.83980000000000e+04, 8.73000000000000e+02, 8.77000000000000e+02, 4.07520000000000e+04, 1.45576687039614e-12]
	RefineElem[5: 1.78240000000000e+04, 1.31210000000000e+04, 1.31120000000000e+04, 1.50470000000000e+04, 1.45523502244802e-12]
	RefineElem[5: 7.78850000000000e+04, 4.29240000000000e+04, 2.45390000000000e+04, 2.46270000000000e+04, 1.45479409510480e-12]
	RefineElem[5: 1.83510000000000e+04, 1.67620000000000e+04, 1.67650000000000e+04, 1.67450000000000e+04, 1.45408773845036e-12]
	RefineElem[5: 8.47770000000000e+04, 4.47680000000000e+04, 4.17430000000000e+04, 1.21740000000000e+04, 1.45276570528048e-12]
	RefineElem[5: 4.35940000000000e+04, 1.97260000000000e+04, 2.83660000000000e+04, 1.97240000000000e+04, 1.45232219174025e-12]
	RefineElem[5: 8.34730000000000e+04, 4.44340000000000e+04, 4.44330000000000e+04, 4.06700000000000e+04, 1.45203761563803e-12]
	RefineElem[5: 7.94890000000000e+04, 6.68000000000000e+02, 4.33230000000000e+04, 4.07020000000000e+04, 1.45179901885304e-12]
	RefineElem[5: 7.54600000000000e+04, 4.23870000000000e+04, 2.33340000000000e+04, 2.33310000000000e+04, 1.45177666508065e-12]
	RefineElem[5: 7.28260000000000e+04, 4.18740000000000e+04, 2.39530000000000e+04, 2.13840000000000e+04, 1.45167730855583e-12]
	RefineElem[5: 2.29350000000000e+04, 2.14120000000000e+04, 2.39410000000000e+04, 2.39460000000000e+04, 1.45165211832045e-12]
	RefineElem[5: 5.39620000000000e+04, 3.72280000000000e+04, 3.72240000000000e+04, 3.72260000000000e+04, 1.45132433103337e-12]
	RefineElem[5: 7.07470000000000e+04, 4.05460000000000e+04, 4.05470000000000e+04, 4.14130000000000e+04, 1.45014094350085e-12]
	RefineElem[5: 8.18070000000000e+04, 1.61080000000000e+04, 1.61050000000000e+04, 4.39510000000000e+04, 1.44986718538543e-12]
	RefineElem[5: 7.83050000000000e+04, 4.12240000000000e+04, 4.12230000000000e+04, 4.30450000000000e+04, 1.44878494253439e-12]
	RefineElem[5: 5.58350000000000e+04, 2.53020000000000e+04, 2.52560000000000e+04, 2.52540000000000e+04, 1.44860788243302e-12]
	RefineElem[5: 6.98310000000000e+04, 4.11670000000000e+04, 2.27280000000000e+04, 2.27310000000000e+04, 1.44770014287077e-12]
	RefineElem[5: 6.69870000000000e+04, 3.99110000000000e+04, 3.99030000000000e+04, 4.02000000000000e+04, 1.44740794465638e-12]
	RefineElem[5: 9.12570000000000e+04, 4.71150000000000e+04, 4.15930000000000e+04, 4.05400000000000e+04, 1.44648742640657e-12]
	RefineElem[5: 8.52600000000000e+04, 4.35640000000000e+04, 2.14860000000000e+04, 4.49450000000000e+04, 1.44621824860737e-12]
	RefineElem[5: 2.29360000000000e+04, 2.39460000000000e+04, 2.39370000000000e+04, 2.14110000000000e+04, 1.44593799618067e-12]
	RefineElem[5: 6.94280000000000e+04, 2.56530000000000e+04, 2.56540000000000e+04, 4.10710000000000e+04, 1.44485796250437e-12]
	RefineElem[5: 9.59280000000000e+04, 4.54900000000000e+04, 4.85630000000000e+04, 4.03900000000000e+04, 1.44465413140727e-12]
	RefineElem[5: 9.35180000000000e+04, 4.77950000000000e+04, 4.43500000000000e+04, 4.77940000000000e+04, 1.44431575741097e-12]
	RefineElem[5: 6.96630000000000e+04, 2.83800000000000e+04, 2.83060000000000e+04, 4.11200000000000e+04, 1.44429748174380e-12]
	RefineElem[5: 8.37970000000000e+04, 9.81700000000000e+03, 4.20750000000000e+04, 4.45330000000000e+04, 1.44368770354368e-12]
	RefineElem[5: 1.00104000000000e+05, 4.99520000000000e+04, 4.04440000000000e+04, 4.18010000000000e+04, 1.44306759820861e-12]
	RefineElem[5: 4.78430000000000e+04, 3.73590000000000e+04, 3.95240000000000e+04, 3.95220000000000e+04, 1.44290362682593e-12]
	RefineElem[5: 7.69830000000000e+04, 4.27550000000000e+04, 4.27540000000000e+04, 4.26110000000000e+04, 1.44277154247005e-12]
	RefineElem[5: 7.62260000000000e+04, 4.25760000000000e+04, 1.44080000000000e+04, 1.45060000000000e+04, 1.44265760336230e-12]
	RefineElem[5: 7.70540000000000e+04, 3.92410000000000e+04, 2.57130000000000e+04, 4.27620000000000e+04, 1.44242468112769e-12]
	RefineElem[5: 5.26260000000000e+04, 2.69090000000000e+04, 2.69040000000000e+04, 2.88820000000000e+04, 1.44229997382763e-12]
	RefineElem[5: 5.77000000000000e+04, 1.99190000000000e+04, 1.97880000000000e+04, 1.97870000000000e+04, 1.44151678212374e-12]
	RefineElem[5: 1.94500000000000e+03, 4.45500000000000e+03, 4.45600000000000e+03, 4.43200000000000e+03, 1.44149299221281e-12]
	RefineElem[5: 4.08660000000000e+04, 2.75920000000000e+04, 2.75940000000000e+04, 2.01410000000000e+04, 1.44063291681994e-12]
	RefineElem[5: 6.98750000000000e+04, 4.11790000000000e+04, 2.31320000000000e+04, 4.11780000000000e+04, 1.43931389255508e-12]
	RefineElem[5: 7.47160000000000e+04, 4.22520000000000e+04, 4.22510000000000e+04, 4.14780000000000e+04, 1.43900458577398e-12]
	RefineElem[5: 8.86370000000000e+04, 4.17230000000000e+04, 4.45750000000000e+04, 4.63690000000000e+04, 1.43892662260723e-12]
	RefineElem[5: 6.82120000000000e+04, 4.06890000000000e+04, 4.06880000000000e+04, 3.49450000000000e+04, 1.43868297618872e-12]
	RefineElem[5: 1.83750000000000e+04, 1.67770000000000e+04, 1.67970000000000e+04, 1.67980000000000e+04, 1.43771346744697e-12]
	RefineElem[5: 6.94660000000000e+04, 4.10790000000000e+04, 1.21560000000000e+04, 1.12230000000000e+04, 1.43683878400686e-12]
	RefineElem[5: 6.52120000000000e+04, 2.78220000000000e+04, 3.89480000000000e+04, 2.78130000000000e+04, 1.43605917929341e-12]
	RefineElem[5: 7.97750000000000e+04, 4.34050000000000e+04, 4.25020000000000e+04, 1.00700000000000e+03, 1.43581489960875e-12]
	RefineElem[5: 8.05510000000000e+04, 2.42200000000000e+04, 4.36080000000000e+04, 2.42110000000000e+04, 1.43505531126508e-12]
	RefineElem[5: 6.22280000000000e+04, 1.32100000000000e+04, 1.32230000000000e+04, 1.32210000000000e+04, 1.43456011478887e-12]
	RefineElem[5: 7.93990000000000e+04, 1.33720000000000e+04, 1.53120000000000e+04, 4.33060000000000e+04, 1.43429789840504e-12]
	RefineElem[5: 5.71800000000000e+04, 7.22600000000000e+03, 8.70700000000000e+03, 8.70400000000000e+03, 1.43384091110506e-12]
	RefineElem[5: 6.41390000000000e+04, 1.25160000000000e+04, 1.54530000000000e+04, 1.64460000000000e+04, 1.43362566269337e-12]
	RefineElem[5: 7.40130000000000e+04, 2.50570000000000e+04, 4.21170000000000e+04, 4.09590000000000e+04, 1.43319419493600e-12]
	RefineElem[5: 7.28760000000000e+04, 4.18810000000000e+04, 1.88810000000000e+04, 1.88830000000000e+04, 1.43185810302361e-12]
	RefineElem[5: 1.78160000000000e+04, 1.46250000000000e+04, 1.46460000000000e+04, 1.26840000000000e+04, 1.43159444770403e-12]
	RefineElem[5: 6.51030000000000e+04, 1.42890000000000e+04, 1.42100000000000e+04, 1.42120000000000e+04, 1.43104584245830e-12]
	RefineElem[5: 7.93930000000000e+04, 4.33060000000000e+04, 1.53110000000000e+04, 1.33420000000000e+04, 1.43018609051673e-12]
	RefineElem[5: 5.58430000000000e+04, 2.53740000000000e+04, 2.53630000000000e+04, 2.53650000000000e+04, 1.42925798173679e-12]
	RefineElem[5: 1.79600000000000e+04, 1.33720000000000e+04, 1.33940000000000e+04, 1.53470000000000e+04, 1.42830642965414e-12]
	RefineElem[5: 6.91680000000000e+04, 4.09860000000000e+04, 4.09850000000000e+04, 2.27250000000000e+04, 1.42828331334731e-12]
	RefineElem[5: 5.17980000000000e+04, 1.49990000000000e+04, 1.50000000000000e+04, 1.50330000000000e+04, 1.42777682264557e-12]
	RefineElem[5: 8.41470000000000e+04, 3.53360000000000e+04, 3.53350000000000e+04, 4.46310000000000e+04, 1.42744128623490e-12]
	RefineElem[5: 9.85080000000000e+04, 4.05020000000000e+04, 4.94960000000000e+04, 4.94970000000000e+04, 1.42660383483762e-12]
	RefineElem[5: 7.07180000000000e+04, 4.14060000000000e+04, 2.83310000000000e+04, 2.83290000000000e+04, 1.42519524643583e-12]
	RefineElem[5: 7.98680000000000e+04, 4.19660000000000e+04, 1.26350000000000e+04, 4.34440000000000e+04, 1.42476477089307e-12]
	RefineElem[5: 6.30230000000000e+04, 3.58600000000000e+03, 3.59400000000000e+03, 3.58900000000000e+03, 1.42470346372109e-12]
	RefineElem[5: 7.87870000000000e+04, 4.03280000000000e+04, 2.31460000000000e+04, 4.31610000000000e+04, 1.42464589016543e-12]
	RefineElem[5: 7.44910000000000e+04, 4.22000000000000e+04, 1.24950000000000e+04, 1.24910000000000e+04, 1.42409992771141e-12]
	RefineElem[5: 7.09510000000000e+04, 4.14680000000000e+04, 4.12340000000000e+04, 2.74200000000000e+03, 1.42408120964214e-12]
	RefineElem[5: 7.36810000000000e+04, 4.20500000000000e+04, 4.07930000000000e+04, 2.82440000000000e+04, 1.42400297056859e-12]
	RefineElem[5: 9.83270000000000e+04, 4.94430000000000e+04, 4.04960000000000e+04, 4.94420000000000e+04, 1.42381905942792e-12]
	RefineElem[5: 7.51530000000000e+04, 4.23430000000000e+04, 2.68810000000000e+04, 4.23420000000000e+04, 1.42347942164159e-12]
	RefineElem[5: 9.83790000000000e+04, 4.94590000000000e+04, 4.15400000000000e+04, 4.94570000000000e+04, 1.42254458813981e-12]
	RefineElem[5: 3.56760000000000e+04, 3.48590000000000e+04, 3.48720000000000e+04, 3.47430000000000e+04, 1.42209075779881e-12]
	RefineElem[5: 7.41600000000000e+03, 5.60700000000000e+03, 3.56900000000000e+03, 3.17700000000000e+03, 1.42195371459077e-12]
	RefineElem[5: 8.20580000000000e+04, 4.40440000000000e+04, 4.40420000000000e+04, 1.99350000000000e+04, 1.42164829941722e-12]
	RefineElem[5: 2.39220000000000e+04, 2.30640000000000e+04, 2.30700000000000e+04, 2.05840000000000e+04, 1.42120111521190e-12]
	RefineElem[5: 7.14800000000000e+04, 1.15990000000000e+04, 4.15940000000000e+04, 4.15930000000000e+04, 1.42066337921288e-12]
	RefineElem[5: 1.64160000000000e+04, 1.61020000000000e+04, 1.61030000000000e+04, 1.53240000000000e+04, 1.41993246609502e-12]
	RefineElem[5: 4.84210000000000e+04, 3.76110000000000e+04, 3.76090000000000e+04, 3.98820000000000e+04, 1.41882389385651e-12]
	RefineElem[5: 7.16720000000000e+04, 3.90520000000000e+04, 2.63270000000000e+04, 4.16380000000000e+04, 1.41801801252145e-12]
	RefineElem[5: 7.02990000000000e+04, 4.12920000000000e+04, 7.42700000000000e+03, 7.78100000000000e+03, 1.41760709659375e-12]
	RefineElem[5: 7.92670000000000e+04, 4.32800000000000e+04, 2.84350000000000e+04, 2.84500000000000e+04, 1.41717100901271e-12]
	RefineElem[5: 6.78690000000000e+04, 2.91610000000000e+04, 2.91620000000000e+04, 4.05740000000000e+04, 1.41716335261225e-12]
	RefineElem[5: 1.06100000000000e+03, 1.52800000000000e+03, 1.55000000000000e+03, 1.55100000000000e+03, 1.41689920221926e-12]
	RefineElem[5: 6.97000000000000e+04, 4.11270000000000e+04, 2.49990000000000e+04, 2.50020000000000e+04, 1.41659317421837e-12]
	RefineElem[5: 9.67510000000000e+04, 3.88490000000000e+04, 2.42510000000000e+04, 4.88620000000000e+04, 1.41597856923907e-12]
	RefineElem[5: 6.81120000000000e+04, 2.71360000000000e+04, 2.71420000000000e+04, 4.06540000000000e+04, 1.41394548644145e-12]
	RefineElem[5: 7.35270000000000e+04, 4.20140000000000e+04, 4.20130000000000e+04, 2.19390000000000e+04, 1.41345712815435e-12]
	RefineElem[5: 6.77130000000000e+04, 4.05180000000000e+04, 2.88780000000000e+04, 2.88760000000000e+04, 1.41175177390254e-12]
	RefineElem[5: 1.02040000000000e+05, 5.06230000000000e+04, 4.07250000000000e+04, 4.84120000000000e+04, 1.41156693675721e-12]
	RefineElem[5: 6.28810000000000e+04, 2.78960000000000e+04, 2.41900000000000e+04, 2.91190000000000e+04, 1.41135737107563e-12]
	RefineElem[5: 2.39210000000000e+04, 2.05920000000000e+04, 2.05860000000000e+04, 2.30650000000000e+04, 1.41124383374216e-12]
	RefineElem[5: 1.01192000000000e+05, 4.56190000000000e+04, 5.02800000000000e+04, 5.02790000000000e+04, 1.41018712939966e-12]
	RefineElem[5: 7.43900000000000e+04, 4.21790000000000e+04, 2.00290000000000e+04, 4.18020000000000e+04, 1.40956960627401e-12]
	RefineElem[5: 7.57890000000000e+04, 2.00880000000000e+04, 4.24620000000000e+04, 4.22950000000000e+04, 1.40882842483477e-12]
	RefineElem[5: 9.90950000000000e+04, 4.96600000000000e+04, 4.96610000000000e+04, 4.81150000000000e+04, 1.40866722333504e-12]
	RefineElem[5: 6.99200000000000e+04, 4.11970000000000e+04, 4.11960000000000e+04, 1.22670000000000e+04, 1.40834546172524e-12]
	RefineElem[5: 7.41750000000000e+04, 3.92770000000000e+04, 4.21470000000000e+04, 4.21460000000000e+04, 1.40811726772354e-12]
	RefineElem[5: 4.94000000000000e+04, 3.82810000000000e+04, 3.82780000000000e+04, 3.95660000000000e+04, 1.40809365176442e-12]
	RefineElem[5: 5.27750000000000e+04, 2.85130000000000e+04, 2.85150000000000e+04, 2.85160000000000e+04, 1.40600933899114e-12]
	RefineElem[5: 7.02250000000000e+04, 4.12780000000000e+04, 3.59600000000000e+03, 3.59000000000000e+03, 1.40563897503607e-12]
	RefineElem[5: 9.54670000000000e+04, 4.36400000000000e+04, 4.36390000000000e+04, 4.84220000000000e+04, 1.40529387587856e-12]
	RefineElem[5: 8.20900000000000e+04, 1.45890000000000e+04, 1.45850000000000e+04, 4.40540000000000e+04, 1.40470653405254e-12]
	RefineElem[5: 8.96220000000000e+04, 4.66350000000000e+04, 4.47110000000000e+04, 4.47160000000000e+04, 1.40354266158856e-12]
	RefineElem[5: 7.41710000000000e+04, 4.21460000000000e+04, 2.03520000000000e+04, 3.92770000000000e+04, 1.40350452301701e-12]
	RefineElem[5: 6.32980000000000e+04, 1.44670000000000e+04, 1.44710000000000e+04, 1.44700000000000e+04, 1.40326348942383e-12]
	RefineElem[5: 6.87870000000000e+04, 2.05950000000000e+04, 2.05930000000000e+04, 4.08960000000000e+04, 1.40289082274162e-12]
	RefineElem[5: 7.13440000000000e+04, 4.15630000000000e+04, 2.25270000000000e+04, 2.25380000000000e+04, 1.40152830183320e-12]
	RefineElem[5: 9.36490000000000e+04, 4.49320000000000e+04, 4.49330000000000e+04, 4.78300000000000e+04, 1.40124766905339e-12]
	RefineElem[5: 7.20110000000000e+04, 4.17070000000000e+04, 3.93330000000000e+04, 2.12700000000000e+04, 1.39994842913520e-12]
	RefineElem[5: 5.69270000000000e+04, 5.60100000000000e+03, 5.52900000000000e+03, 5.53000000000000e+03, 1.39945153558799e-12]
	RefineElem[5: 3.56770000000000e+04, 3.47430000000000e+04, 3.47390000000000e+04, 3.48590000000000e+04, 1.39925827383320e-12]
	RefineElem[5: 6.98650000000000e+04, 4.11750000000000e+04, 4.11760000000000e+04, 2.65130000000000e+04, 1.39879457901809e-12]
	RefineElem[5: 7.69860000000000e+04, 4.27560000000000e+04, 2.43970000000000e+04, 4.27550000000000e+04, 1.39833583358400e-12]
	RefineElem[5: 9.55370000000000e+04, 4.84450000000000e+04, 4.84460000000000e+04, 4.23720000000000e+04, 1.39800636052756e-12]
	RefineElem[5: 9.55590000000000e+04, 4.84530000000000e+04, 4.84540000000000e+04, 4.84490000000000e+04, 1.39782721513186e-12]
	RefineElem[5: 7.94300000000000e+04, 4.33130000000000e+04, 2.57950000000000e+04, 2.47090000000000e+04, 1.39778721772711e-12]
	RefineElem[5: 7.40490000000000e+04, 4.21220000000000e+04, 2.11500000000000e+04, 2.11620000000000e+04, 1.39738335057276e-12]
	RefineElem[5: 3.57630000000000e+04, 3.49750000000000e+04, 3.49760000000000e+04, 3.50140000000000e+04, 1.39726121323470e-12]
	RefineElem[5: 7.35780000000000e+04, 4.09430000000000e+04, 7.42100000000000e+03, 4.20270000000000e+04, 1.39715516638329e-12]
	RefineElem[5: 7.94330000000000e+04, 2.82490000000000e+04, 2.57950000000000e+04, 4.33130000000000e+04, 1.39703448463408e-12]
	RefineElem[5: 7.44700000000000e+04, 4.21960000000000e+04, 2.54640000000000e+04, 2.54610000000000e+04, 1.39667333940078e-12]
	RefineElem[5: 7.79810000000000e+04, 4.13130000000000e+04, 2.22160000000000e+04, 4.29450000000000e+04, 1.39607537304807e-12]
	RefineElem[5: 4.51470000000000e+04, 2.87760000000000e+04, 2.87800000000000e+04, 2.11330000000000e+04, 1.39593731864978e-12]
	RefineElem[5: 7.94290000000000e+04, 4.33130000000000e+04, 2.57940000000000e+04, 2.82510000000000e+04, 1.39535296945047e-12]
	RefineElem[5: 5.53730000000000e+04, 1.46000000000000e+04, 1.45950000000000e+04, 1.45840000000000e+04, 1.39459198368620e-12]
	RefineElem[5: 7.00410000000000e+04, 4.10970000000000e+04, 2.53210000000000e+04, 4.12370000000000e+04, 1.39303688634838e-12]
	RefineElem[5: 4.41620000000000e+04, 2.11620000000000e+04, 2.87720000000000e+04, 2.11670000000000e+04, 1.39301084684693e-12]
	RefineElem[5: 6.97470000000000e+04, 4.11380000000000e+04, 4.01700000000000e+03, 4.01800000000000e+03, 1.39299231526575e-12]
	RefineElem[5: 8.20440000000000e+04, 4.40410000000000e+04, 2.75500000000000e+04, 2.75000000000000e+04, 1.39279737915706e-12]
	RefineElem[5: 5.97620000000000e+04, 1.98650000000000e+04, 2.10870000000000e+04, 2.11080000000000e+04, 1.39184089213023e-12]
	RefineElem[5: 7.83270000000000e+04, 4.30540000000000e+04, 3.09300000000000e+03, 4.09190000000000e+04, 1.39147582299565e-12]
	RefineElem[5: 8.58280000000000e+04, 4.52310000000000e+04, 2.17410000000000e+04, 4.32290000000000e+04, 1.39143533773570e-12]
	RefineElem[5: 7.85590000000000e+04, 4.31150000000000e+04, 4.04560000000000e+04, 4.31120000000000e+04, 1.39110039848501e-12]
	RefineElem[5: 7.54770000000000e+04, 4.23890000000000e+04, 7.28000000000000e+02, 7.37000000000000e+02, 1.39094288769748e-12]
	RefineElem[5: 7.46150000000000e+04, 3.50550000000000e+04, 4.22200000000000e+04, 3.50560000000000e+04, 1.39018350208055e-12]
	RefineElem[5: 8.43740000000000e+04, 4.47010000000000e+04, 4.04580000000000e+04, 3.93510000000000e+04, 1.38935204173656e-12]
	RefineElem[5: 7.94430000000000e+04, 4.33150000000000e+04, 2.84290000000000e+04, 2.84350000000000e+04, 1.38926178322874e-12]
	RefineElem[5: 9.20410000000000e+04, 4.19160000000000e+04, 4.14470000000000e+04, 4.73660000000000e+04, 1.38772473480692e-12]
	RefineElem[5: 5.98380000000000e+04, 2.80400000000000e+04, 2.79390000000000e+04, 3.90870000000000e+04, 1.38731134202122e-12]
	RefineElem[5: 6.86850000000000e+04, 4.08480000000000e+04, 4.08470000000000e+04, 2.18270000000000e+04, 1.38718774886095e-12]
	RefineElem[5: 6.37260000000000e+04, 1.53230000000000e+04, 1.53440000000000e+04, 1.53670000000000e+04, 1.38710930929098e-12]
	RefineElem[5: 7.19690000000000e+04, 4.64200000000000e+03, 4.64700000000000e+03, 3.59100000000000e+03, 1.38679111930709e-12]
	RefineElem[5: 5.97090000000000e+04, 8.16500000000000e+03, 8.09100000000000e+03, 7.97500000000000e+03, 1.38633408487239e-12]
	RefineElem[5: 6.42650000000000e+04, 1.45030000000000e+04, 1.44990000000000e+04, 1.64200000000000e+04, 1.38633211304317e-12]
	RefineElem[5: 8.18850000000000e+04, 4.39770000000000e+04, 4.10150000000000e+04, 4.39730000000000e+04, 1.38506554364132e-12]
	RefineElem[5: 1.00156000000000e+05, 4.91170000000000e+04, 4.91180000000000e+04, 4.99670000000000e+04, 1.38467686087912e-12]
	RefineElem[5: 6.96760000000000e+04, 4.11240000000000e+04, 2.07340000000000e+04, 1.97790000000000e+04, 1.38450781693358e-12]
	RefineElem[5: 1.00159000000000e+05, 4.91180000000000e+04, 4.91190000000000e+04, 4.99680000000000e+04, 1.38438811140933e-12]
	RefineElem[5: 4.98450000000000e+04, 3.95060000000000e+04, 3.84900000000000e+04, 3.95050000000000e+04, 1.38418657260948e-12]
	RefineElem[5: 6.83420000000000e+04, 4.07200000000000e+04, 8.58200000000000e+03, 8.58700000000000e+03, 1.38387592848016e-12]
	RefineElem[5: 7.07320000000000e+04, 4.14080000000000e+04, 3.50420000000000e+04, 4.14070000000000e+04, 1.38385615502420e-12]
	RefineElem[5: 9.46940000000000e+04, 4.56040000000000e+04, 2.42500000000000e+04, 4.81750000000000e+04, 1.38384698076275e-12]
	RefineElem[5: 6.28250000000000e+04, 3.90740000000000e+04, 2.89850000000000e+04, 2.89860000000000e+04, 1.38384218487833e-12]
	RefineElem[5: 9.41480000000000e+04, 4.79970000000000e+04, 4.79980000000000e+04, 4.05790000000000e+04, 1.38373552606964e-12]
	RefineElem[5: 9.50340000000000e+04, 4.82830000000000e+04, 4.82820000000000e+04, 4.82810000000000e+04, 1.38284856019552e-12]
	RefineElem[5: 9.39380000000000e+04, 4.79380000000000e+04, 4.57640000000000e+04, 4.57630000000000e+04, 1.38276315939681e-12]
	RefineElem[5: 8.43050000000000e+04, 4.46800000000000e+04, 4.05130000000000e+04, 1.92520000000000e+04, 1.38222610108143e-12]
	RefineElem[5: 8.04850000000000e+04, 4.26190000000000e+04, 2.46360000000000e+04, 4.35950000000000e+04, 1.38215097202343e-12]
	RefineElem[5: 6.72380000000000e+04, 4.02530000000000e+04, 3.99190000000000e+04, 3.99210000000000e+04, 1.38211611489641e-12]
	RefineElem[5: 6.38690000000000e+04, 1.26770000000000e+04, 1.26810000000000e+04, 1.26760000000000e+04, 1.38139619308389e-12]
	RefineElem[5: 1.47170000000000e+04, 1.17620000000000e+04, 1.17600000000000e+04, 9.48200000000000e+03, 1.38134772136518e-12]
	RefineElem[5: 7.28310000000000e+04, 4.18750000000000e+04, 2.39550000000000e+04, 2.13900000000000e+04, 1.38090513134781e-12]
	RefineElem[5: 3.56780000000000e+04, 3.48720000000000e+04, 3.48610000000000e+04, 3.47440000000000e+04, 1.38065453874103e-12]
	RefineElem[5: 4.79920000000000e+04, 3.98500000000000e+04, 3.74170000000000e+04, 3.98480000000000e+04, 1.38041763009813e-12]
	RefineElem[5: 8.92120000000000e+04, 4.65380000000000e+04, 4.40130000000000e+04, 4.04690000000000e+04, 1.37929159097327e-12]
	RefineElem[5: 9.46880000000000e+04, 4.56020000000000e+04, 4.56030000000000e+04, 4.81730000000000e+04, 1.37921592655245e-12]
	RefineElem[5: 7.50700000000000e+04, 2.12930000000000e+04, 4.19120000000000e+04, 4.23330000000000e+04, 1.37837066314206e-12]
	RefineElem[5: 9.70610000000000e+04, 4.03830000000000e+04, 4.90130000000000e+04, 4.57610000000000e+04, 1.37729290958137e-12]
	RefineElem[5: 9.47060000000000e+04, 4.56070000000000e+04, 4.56060000000000e+04, 4.81780000000000e+04, 1.37642906108912e-12]
	RefineElem[5: 2.20390000000000e+04, 2.11620000000000e+04, 2.11670000000000e+04, 2.07620000000000e+04, 1.37442133076606e-12]
	RefineElem[5: 7.41720000000000e+04, 2.03520000000000e+04, 4.21460000000000e+04, 4.21450000000000e+04, 1.37410780355025e-12]
	RefineElem[5: 7.31280000000000e+04, 4.19380000000000e+04, 2.78130000000000e+04, 3.89480000000000e+04, 1.37290359472091e-12]
	RefineElem[5: 6.86870000000000e+04, 4.08500000000000e+04, 2.20060000000000e+04, 4.08490000000000e+04, 1.37240692950519e-12]
	RefineElem[5: 6.70160000000000e+04, 4.02060000000000e+04, 3.99350000000000e+04, 3.99370000000000e+04, 1.37232674185550e-12]
	RefineElem[5: 8.05780000000000e+04, 4.36150000000000e+04, 1.00100000000000e+04, 1.14400000000000e+04, 1.37152310549709e-12]
	RefineElem[5: 9.51360000000000e+04, 4.66160000000000e+04, 4.66150000000000e+04, 4.83110000000000e+04, 1.37151327015848e-12]
	RefineElem[5: 8.84940000000000e+04, 4.63280000000000e+04, 4.13580000000000e+04, 4.53030000000000e+04, 1.37110753681080e-12]
	RefineElem[5: 6.87010000000000e+04, 4.08590000000000e+04, 3.91080000000000e+04, 2.79490000000000e+04, 1.37107785326027e-12]
	RefineElem[5: 7.82470000000000e+04, 4.30290000000000e+04, 4.09380000000000e+04, 4.09370000000000e+04, 1.37050011098723e-12]
	RefineElem[5: 7.73990000000000e+04, 4.28270000000000e+04, 1.34230000000000e+04, 1.33540000000000e+04, 1.37017618503193e-12]
	RefineElem[5: 7.70380000000000e+04, 4.27610000000000e+04, 2.54550000000000e+04, 2.54250000000000e+04, 1.37000342488862e-12]
	RefineElem[5: 7.37280000000000e+04, 4.05880000000000e+04, 4.20590000000000e+04, 4.20560000000000e+04, 1.36802364351128e-12]
	RefineElem[5: 9.50180000000000e+04, 4.82790000000000e+04, 4.82780000000000e+04, 4.16030000000000e+04, 1.36787482623752e-12]
	RefineElem[5: 6.22270000000000e+04, 1.32100000000000e+04, 1.32210000000000e+04, 1.32220000000000e+04, 1.36708698735457e-12]
	RefineElem[5: 7.45110000000000e+04, 4.15920000000000e+04, 2.34420000000000e+04, 4.22040000000000e+04, 1.36705317325948e-12]
$end 'RefineElems'
