UseElemMap=true TriSplit=false TriInMesh=81858 TotalEnergy=1.77040837901755e+00
$begin 'RefinePoints'
$end 'RefinePoints'
$begin 'RefineElems'
	RefineElem[5: 4.04740000000000e+04, 3.49280000000000e+04, 3.49380000000000e+04, 3.49860000000000e+04, 8.39904627817148e-06]
	RefineElem[5: 4.40120000000000e+04, 5.77000000000000e+02, 6.02000000000000e+02, 6.03000000000000e+02, 8.39904627817148e-06]
	RefineElem[5: 4.40130000000000e+04, 5.99000000000000e+02, 6.02000000000000e+02, 5.77000000000000e+02, 8.39904627817148e-06]
	RefineElem[5: 4.40140000000000e+04, 5.95000000000000e+02, 5.98000000000000e+02, 5.73000000000000e+02, 8.39904627817148e-06]
	RefineElem[5: 4.40150000000000e+04, 5.73000000000000e+02, 5.98000000000000e+02, 5.99000000000000e+02, 8.39904627817148e-06]
	RefineElem[5: 4.40160000000000e+04, 5.93000000000000e+02, 5.94000000000000e+02, 5.67000000000000e+02, 8.39904627817148e-06]
	RefineElem[5: 4.40170000000000e+04, 5.67000000000000e+02, 5.94000000000000e+02, 5.95000000000000e+02, 8.39904627817148e-06]
	RefineElem[5: 4.40180000000000e+04, 5.68000000000000e+02, 5.93000000000000e+02, 5.67000000000000e+02, 8.39904627817148e-06]
	RefineElem[5: 4.40190000000000e+04, 6.06000000000000e+02, 5.93000000000000e+02, 5.68000000000000e+02, 8.39904627817148e-06]
	RefineElem[5: 4.40200000000000e+04, 5.81000000000000e+02, 6.06000000000000e+02, 5.68000000000000e+02, 8.39904627817148e-06]
	RefineElem[5: 4.40210000000000e+04, 6.03000000000000e+02, 6.06000000000000e+02, 5.81000000000000e+02, 8.39904627817148e-06]
	RefineElem[5: 4.40230000000000e+04, 6.03000000000000e+02, 5.80000000000000e+02, 5.77000000000000e+02, 8.39904627817148e-06]
	RefineElem[5: 4.40240000000000e+04, 5.80000000000000e+02, 6.03000000000000e+02, 5.81000000000000e+02, 8.39904627817148e-06]
	RefineElem[5: 4.40250000000000e+04, 5.76000000000000e+02, 5.99000000000000e+02, 5.77000000000000e+02, 8.39904627817148e-06]
	RefineElem[5: 4.40260000000000e+04, 5.99000000000000e+02, 5.76000000000000e+02, 5.73000000000000e+02, 8.39904627817148e-06]
	RefineElem[5: 4.40290000000000e+04, 5.72000000000000e+02, 5.95000000000000e+02, 5.73000000000000e+02, 8.39904627817148e-06]
	RefineElem[5: 4.40300000000000e+04, 5.95000000000000e+02, 5.72000000000000e+02, 5.67000000000000e+02, 8.39904627817148e-06]
	RefineElem[5: 4.41840000000000e+04, 7.10900000000000e+03, 7.14200000000000e+03, 7.14300000000000e+03, 8.39904627817148e-06]
	RefineElem[5: 4.41850000000000e+04, 7.13900000000000e+03, 7.14200000000000e+03, 7.10900000000000e+03, 8.39904627817148e-06]
	RefineElem[5: 4.41860000000000e+04, 7.13500000000000e+03, 7.13800000000000e+03, 7.10500000000000e+03, 8.39904627817148e-06]
	RefineElem[5: 4.41870000000000e+04, 7.10500000000000e+03, 7.13800000000000e+03, 7.13900000000000e+03, 8.39904627817148e-06]
	RefineElem[5: 4.41880000000000e+04, 7.13300000000000e+03, 7.13400000000000e+03, 7.09900000000000e+03, 8.39904627817148e-06]
	RefineElem[5: 4.41890000000000e+04, 7.09900000000000e+03, 7.13400000000000e+03, 7.13500000000000e+03, 8.39904627817148e-06]
	RefineElem[5: 4.41900000000000e+04, 7.10000000000000e+03, 7.13300000000000e+03, 7.09900000000000e+03, 8.39904627817148e-06]
	RefineElem[5: 4.41910000000000e+04, 7.14600000000000e+03, 7.13300000000000e+03, 7.10000000000000e+03, 8.39904627817148e-06]
	RefineElem[5: 4.41920000000000e+04, 7.11300000000000e+03, 7.14600000000000e+03, 7.10000000000000e+03, 8.39904627817148e-06]
	RefineElem[5: 4.41930000000000e+04, 7.14300000000000e+03, 7.14600000000000e+03, 7.11300000000000e+03, 8.39904627817148e-06]
	RefineElem[5: 4.41950000000000e+04, 7.14300000000000e+03, 7.11200000000000e+03, 7.10900000000000e+03, 8.39904627817148e-06]
	RefineElem[5: 4.41960000000000e+04, 7.11200000000000e+03, 7.14300000000000e+03, 7.11300000000000e+03, 8.39904627817148e-06]
	RefineElem[5: 4.41970000000000e+04, 7.10800000000000e+03, 7.13900000000000e+03, 7.10900000000000e+03, 8.39904627817148e-06]
	RefineElem[5: 4.41980000000000e+04, 7.13900000000000e+03, 7.10800000000000e+03, 7.10500000000000e+03, 8.39904627817148e-06]
	RefineElem[5: 4.42010000000000e+04, 7.10400000000000e+03, 7.13500000000000e+03, 7.10500000000000e+03, 8.39904627817148e-06]
	RefineElem[5: 4.42020000000000e+04, 7.13500000000000e+03, 7.10400000000000e+03, 7.09900000000000e+03, 8.39904627817148e-06]
	RefineElem[5: 4.44410000000000e+04, 3.94380000000000e+04, 3.90870000000000e+04, 2.79390000000000e+04, 8.39904627817148e-06]
	RefineElem[5: 4.44440000000000e+04, 3.94490000000000e+04, 3.90840000000000e+04, 2.79370000000000e+04, 8.39904627817148e-06]
	RefineElem[5: 4.44830000000000e+04, 3.93090000000000e+04, 3.91130000000000e+04, 2.79480000000000e+04, 8.39904627817148e-06]
	RefineElem[5: 4.44860000000000e+04, 3.93230000000000e+04, 3.91100000000000e+04, 2.79500000000000e+04, 8.39904627817148e-06]
	RefineElem[5: 4.44890000000000e+04, 3.93380000000000e+04, 3.91080000000000e+04, 2.79470000000000e+04, 8.39904627817148e-06]
	RefineElem[5: 4.44920000000000e+04, 3.93660000000000e+04, 3.91020000000000e+04, 2.79450000000000e+04, 8.39904627817148e-06]
	RefineElem[5: 4.45300000000000e+04, 3.93130000000000e+04, 3.91420000000000e+04, 2.04740000000000e+04, 8.39904627817148e-06]
	RefineElem[5: 4.45330000000000e+04, 3.93530000000000e+04, 3.91840000000000e+04, 2.04720000000000e+04, 8.39904627817148e-06]
	RefineElem[5: 4.45360000000000e+04, 3.93900000000000e+04, 3.92170000000000e+04, 2.04700000000000e+04, 8.39904627817148e-06]
	RefineElem[5: 4.45390000000000e+04, 3.94160000000000e+04, 3.92430000000000e+04, 2.04650000000000e+04, 8.39904627817148e-06]
	RefineElem[5: 4.45440000000000e+04, 3.94540000000000e+04, 3.92780000000000e+04, 2.79530000000000e+04, 8.39904627817148e-06]
	RefineElem[5: 4.45460000000000e+04, 3.94580000000000e+04, 3.92820000000000e+04, 2.04660000000000e+04, 8.39904627817148e-06]
	RefineElem[5: 4.46160000000000e+04, 3.94090000000000e+04, 3.90380000000000e+04, 2.79860000000000e+04, 8.39904627817148e-06]
	RefineElem[5: 4.47770000000000e+04, 3.93810000000000e+04, 3.92090000000000e+04, 2.91230000000000e+04, 8.39904627817148e-06]
	RefineElem[5: 4.47800000000000e+04, 3.93860000000000e+04, 3.92130000000000e+04, 2.91300000000000e+04, 8.39904627817148e-06]
	RefineElem[5: 4.47830000000000e+04, 3.93980000000000e+04, 3.92250000000000e+04, 2.90650000000000e+04, 8.39904627817148e-06]
	RefineElem[5: 4.47860000000000e+04, 3.94210000000000e+04, 3.92480000000000e+04, 2.91270000000000e+04, 8.39904627817148e-06]
	RefineElem[5: 4.47890000000000e+04, 3.94350000000000e+04, 3.92610000000000e+04, 2.91240000000000e+04, 8.39904627817148e-06]
	RefineElem[5: 4.48250000000000e+04, 3.93240000000000e+04, 3.91530000000000e+04, 2.90680000000000e+04, 8.39904627817148e-06]
	RefineElem[5: 4.48280000000000e+04, 3.93360000000000e+04, 3.91650000000000e+04, 2.90690000000000e+04, 8.39904627817148e-06]
	RefineElem[5: 4.48310000000000e+04, 3.93410000000000e+04, 3.91710000000000e+04, 2.90730000000000e+04, 8.39904627817148e-06]
	RefineElem[5: 4.48340000000000e+04, 3.93510000000000e+04, 3.91820000000000e+04, 2.90740000000000e+04, 8.39904627817148e-06]
	RefineElem[5: 4.52610000000000e+04, 3.93670000000000e+04, 3.90040000000000e+04, 2.06650000000000e+04, 8.39904627817148e-06]
	RefineElem[5: 4.52640000000000e+04, 3.93910000000000e+04, 3.90240000000000e+04, 2.06680000000000e+04, 8.39904627817148e-06]
	RefineElem[5: 4.52670000000000e+04, 3.94140000000000e+04, 3.90410000000000e+04, 2.06700000000000e+04, 8.39904627817148e-06]
	RefineElem[5: 4.52900000000000e+04, 3.93430000000000e+04, 3.91730000000000e+04, 2.06780000000000e+04, 8.39904627817148e-06]
	RefineElem[5: 4.52930000000000e+04, 3.94390000000000e+04, 3.90600000000000e+04, 2.06770000000000e+04, 8.39904627817148e-06]
	RefineElem[5: 4.52960000000000e+04, 3.94480000000000e+04, 3.90670000000000e+04, 2.06760000000000e+04, 8.39904627817148e-06]
	RefineElem[5: 4.53300000000000e+04, 3.93720000000000e+04, 3.92000000000000e+04, 2.03570000000000e+04, 8.39904627817148e-06]
	RefineElem[5: 4.53350000000000e+04, 3.94130000000000e+04, 3.92400000000000e+04, 2.03560000000000e+04, 8.39904627817148e-06]
	RefineElem[5: 4.53380000000000e+04, 3.94260000000000e+04, 3.92530000000000e+04, 2.03610000000000e+04, 8.39904627817148e-06]
	RefineElem[5: 4.53410000000000e+04, 3.94400000000000e+04, 3.92660000000000e+04, 2.03590000000000e+04, 8.39904627817148e-06]
	RefineElem[5: 4.53860000000000e+04, 3.94440000000000e+04, 3.92680000000000e+04, 2.77830000000000e+04, 8.39904627817148e-06]
	RefineElem[5: 4.53890000000000e+04, 3.94460000000000e+04, 3.92700000000000e+04, 2.77840000000000e+04, 8.39904627817148e-06]
	RefineElem[5: 4.53920000000000e+04, 3.94510000000000e+04, 3.92750000000000e+04, 2.77890000000000e+04, 8.39904627817148e-06]
	RefineElem[5: 4.53960000000000e+04, 3.94530000000000e+04, 3.92770000000000e+04, 2.03520000000000e+04, 8.39904627817148e-06]
	RefineElem[5: 4.53980000000000e+04, 3.94560000000000e+04, 3.92800000000000e+04, 2.77900000000000e+04, 8.39904627817148e-06]
	RefineElem[5: 4.54010000000000e+04, 3.94630000000000e+04, 3.92890000000000e+04, 2.77870000000000e+04, 8.39904627817148e-06]
	RefineElem[5: 4.55510000000000e+04, 3.93960000000000e+04, 3.92230000000000e+04, 2.77600000000000e+04, 8.39904627817148e-06]
	RefineElem[5: 4.55540000000000e+04, 3.94000000000000e+04, 3.92260000000000e+04, 2.77610000000000e+04, 8.39904627817148e-06]
	RefineElem[5: 4.55570000000000e+04, 3.94080000000000e+04, 3.92340000000000e+04, 2.77570000000000e+04, 8.39904627817148e-06]
	RefineElem[5: 4.55600000000000e+04, 3.94370000000000e+04, 3.92630000000000e+04, 2.77640000000000e+04, 8.39904627817148e-06]
	RefineElem[5: 4.55820000000000e+04, 3.93440000000000e+04, 3.91740000000000e+04, 2.77660000000000e+04, 8.39904627817148e-06]
	RefineElem[5: 4.55860000000000e+04, 3.93790000000000e+04, 3.92070000000000e+04, 2.77680000000000e+04, 8.39904627817148e-06]
	RefineElem[5: 4.55890000000000e+04, 3.93880000000000e+04, 3.92150000000000e+04, 2.77730000000000e+04, 8.39904627817148e-06]
	RefineElem[5: 5.22100000000000e+04, 3.92920000000000e+04, 3.91200000000000e+04, 2.68730000000000e+04, 8.39904627817148e-06]
	RefineElem[5: 5.22130000000000e+04, 3.92940000000000e+04, 3.91220000000000e+04, 2.68780000000000e+04, 8.39904627817148e-06]
	RefineElem[5: 5.22160000000000e+04, 3.92960000000000e+04, 3.91240000000000e+04, 2.68760000000000e+04, 8.39904627817148e-06]
	RefineElem[5: 5.22390000000000e+04, 3.92930000000000e+04, 3.91210000000000e+04, 2.68840000000000e+04, 8.39904627817148e-06]
	RefineElem[5: 5.22420000000000e+04, 3.92950000000000e+04, 3.91230000000000e+04, 2.68860000000000e+04, 8.39904627817148e-06]
	RefineElem[5: 5.22450000000000e+04, 3.92980000000000e+04, 3.91260000000000e+04, 2.68830000000000e+04, 8.39904627817148e-06]
	RefineElem[5: 5.22700000000000e+04, 3.93150000000000e+04, 3.91440000000000e+04, 2.88740000000000e+04, 8.39904627817148e-06]
	RefineElem[5: 5.22730000000000e+04, 3.93210000000000e+04, 3.91500000000000e+04, 2.88790000000000e+04, 8.39904627817148e-06]
	RefineElem[5: 5.22760000000000e+04, 3.93260000000000e+04, 3.91550000000000e+04, 2.88720000000000e+04, 8.39904627817148e-06]
	RefineElem[5: 5.23160000000000e+04, 3.93690000000000e+04, 3.91960000000000e+04, 2.88820000000000e+04, 8.39904627817148e-06]
	RefineElem[5: 5.23190000000000e+04, 3.93760000000000e+04, 3.92040000000000e+04, 2.88870000000000e+04, 8.39904627817148e-06]
	RefineElem[5: 5.23220000000000e+04, 3.93830000000000e+04, 3.92110000000000e+04, 2.88800000000000e+04, 8.39904627817148e-06]
	RefineElem[5: 5.23250000000000e+04, 3.93930000000000e+04, 3.92200000000000e+04, 2.88810000000000e+04, 8.39904627817148e-06]
	RefineElem[5: 5.23280000000000e+04, 3.94050000000000e+04, 3.92310000000000e+04, 2.88850000000000e+04, 8.39904627817148e-06]
	RefineElem[5: 5.23310000000000e+04, 3.94280000000000e+04, 3.92550000000000e+04, 2.88830000000000e+04, 8.39904627817148e-06]
	RefineElem[5: 5.24700000000000e+04, 3.93040000000000e+04, 3.91330000000000e+04, 2.15460000000000e+04, 8.39904627817148e-06]
	RefineElem[5: 5.24800000000000e+04, 3.94250000000000e+04, 3.90500000000000e+04, 2.15430000000000e+04, 8.39904627817148e-06]
	RefineElem[5: 5.25060000000000e+04, 3.92900000000000e+04, 3.91180000000000e+04, 2.88640000000000e+04, 8.39904627817148e-06]
	RefineElem[5: 5.25090000000000e+04, 3.92910000000000e+04, 3.91190000000000e+04, 2.88650000000000e+04, 8.39904627817148e-06]
	RefineElem[5: 5.25120000000000e+04, 3.93020000000000e+04, 3.91310000000000e+04, 2.88690000000000e+04, 8.39904627817148e-06]
	RefineElem[5: 5.25150000000000e+04, 3.93290000000000e+04, 3.89660000000000e+04, 2.12690000000000e+04, 8.39904627817148e-06]
	RefineElem[5: 5.28630000000000e+04, 3.93460000000000e+04, 3.91760000000000e+04, 2.67320000000000e+04, 8.39904627817148e-06]
	RefineElem[5: 5.28670000000000e+04, 3.94180000000000e+04, 3.92450000000000e+04, 2.67300000000000e+04, 8.39904627817148e-06]
	RefineElem[5: 5.28700000000000e+04, 3.94310000000000e+04, 3.92570000000000e+04, 2.67310000000000e+04, 8.39904627817148e-06]
	RefineElem[5: 5.28950000000000e+04, 3.93000000000000e+04, 3.91290000000000e+04, 1.92300000000000e+04, 8.39904627817148e-06]
	RefineElem[5: 5.28980000000000e+04, 3.93400000000000e+04, 3.91700000000000e+04, 1.92310000000000e+04, 8.39904627817148e-06]
	RefineElem[5: 5.29010000000000e+04, 3.93750000000000e+04, 3.92030000000000e+04, 1.92340000000000e+04, 8.39904627817148e-06]
	RefineElem[5: 5.30010000000000e+04, 3.91780000000000e+04, 3.91050000000000e+04, 2.67530000000000e+04, 8.39904627817148e-06]
	RefineElem[5: 5.30080000000000e+04, 3.93180000000000e+04, 3.91110000000000e+04, 2.67540000000000e+04, 8.39904627817148e-06]
	RefineElem[5: 5.30110000000000e+04, 3.93350000000000e+04, 3.91090000000000e+04, 2.67550000000000e+04, 8.39904627817148e-06]
	RefineElem[5: 5.30140000000000e+04, 3.93570000000000e+04, 3.91030000000000e+04, 2.67560000000000e+04, 8.39904627817148e-06]
	RefineElem[5: 5.30170000000000e+04, 3.93950000000000e+04, 3.90960000000000e+04, 2.67480000000000e+04, 8.39904627817148e-06]
	RefineElem[5: 5.30200000000000e+04, 3.94100000000000e+04, 3.90930000000000e+04, 2.67490000000000e+04, 8.39904627817148e-06]
	RefineElem[5: 5.30770000000000e+04, 3.94340000000000e+04, 3.90880000000000e+04, 2.67640000000000e+04, 8.39904627817148e-06]
	RefineElem[5: 5.30800000000000e+04, 3.94450000000000e+04, 3.90850000000000e+04, 2.67650000000000e+04, 8.39904627817148e-06]
	RefineElem[5: 5.35910000000000e+04, 3.89670000000000e+04, 3.72920000000000e+04, 3.72930000000000e+04, 8.39904627817148e-06]
	RefineElem[5: 5.35950000000000e+04, 3.89720000000000e+04, 3.72910000000000e+04, 3.72900000000000e+04, 8.39904627817148e-06]
	RefineElem[5: 5.35980000000000e+04, 3.89740000000000e+04, 3.72900000000000e+04, 3.72890000000000e+04, 8.39904627817148e-06]
	RefineElem[5: 5.36010000000000e+04, 3.89770000000000e+04, 3.72890000000000e+04, 3.72880000000000e+04, 8.39904627817148e-06]
	RefineElem[5: 5.36040000000000e+04, 3.89780000000000e+04, 3.72880000000000e+04, 3.72860000000000e+04, 8.39904627817148e-06]
	RefineElem[5: 5.36070000000000e+04, 3.89810000000000e+04, 3.72860000000000e+04, 3.72870000000000e+04, 8.39904627817148e-06]
	RefineElem[5: 5.36230000000000e+04, 3.89450000000000e+04, 3.72950000000000e+04, 3.73010000000000e+04, 8.39904627817148e-06]
	RefineElem[5: 5.36260000000000e+04, 3.89470000000000e+04, 3.73010000000000e+04, 3.73000000000000e+04, 8.39904627817148e-06]
	RefineElem[5: 5.36290000000000e+04, 3.89490000000000e+04, 3.73000000000000e+04, 3.72990000000000e+04, 8.39904627817148e-06]
	RefineElem[5: 5.36320000000000e+04, 3.89520000000000e+04, 3.72990000000000e+04, 3.72980000000000e+04, 8.39904627817148e-06]
	RefineElem[5: 5.36350000000000e+04, 3.89550000000000e+04, 3.72980000000000e+04, 3.72970000000000e+04, 8.39904627817148e-06]
	RefineElem[5: 5.36380000000000e+04, 3.89570000000000e+04, 3.72970000000000e+04, 3.72960000000000e+04, 8.39904627817148e-06]
	RefineElem[5: 5.36410000000000e+04, 3.89590000000000e+04, 3.72960000000000e+04, 3.72940000000000e+04, 8.39904627817148e-06]
	RefineElem[5: 5.36440000000000e+04, 3.89610000000000e+04, 3.72940000000000e+04, 3.72950000000000e+04, 8.39904627817148e-06]
	RefineElem[5: 5.36650000000000e+04, 3.89330000000000e+04, 3.73080000000000e+04, 3.73090000000000e+04, 8.39904627817148e-06]
	RefineElem[5: 5.36690000000000e+04, 3.89360000000000e+04, 3.73070000000000e+04, 3.73060000000000e+04, 8.39904627817148e-06]
	RefineElem[5: 5.36720000000000e+04, 3.89380000000000e+04, 3.73060000000000e+04, 3.73050000000000e+04, 8.39904627817148e-06]
	RefineElem[5: 5.36750000000000e+04, 3.89400000000000e+04, 3.73050000000000e+04, 3.73040000000000e+04, 8.39904627817148e-06]
	RefineElem[5: 5.36780000000000e+04, 3.89420000000000e+04, 3.73040000000000e+04, 3.73020000000000e+04, 8.39904627817148e-06]
	RefineElem[5: 5.36810000000000e+04, 3.89440000000000e+04, 3.73020000000000e+04, 3.73030000000000e+04, 8.39904627817148e-06]
	RefineElem[5: 5.37010000000000e+04, 3.89170000000000e+04, 3.73110000000000e+04, 3.73170000000000e+04, 8.39904627817148e-06]
	RefineElem[5: 5.37040000000000e+04, 3.89190000000000e+04, 3.73170000000000e+04, 3.73160000000000e+04, 8.39904627817148e-06]
	RefineElem[5: 5.37080000000000e+04, 3.89220000000000e+04, 3.73150000000000e+04, 3.73140000000000e+04, 8.39904627817148e-06]
	RefineElem[5: 5.37110000000000e+04, 3.89240000000000e+04, 3.73140000000000e+04, 3.73130000000000e+04, 8.39904627817148e-06]
	RefineElem[5: 5.37140000000000e+04, 3.89270000000000e+04, 3.73130000000000e+04, 3.73120000000000e+04, 8.39904627817148e-06]
	RefineElem[5: 5.37180000000000e+04, 3.89300000000000e+04, 3.73100000000000e+04, 3.73110000000000e+04, 8.39904627817148e-06]
	RefineElem[5: 5.37340000000000e+04, 3.89070000000000e+04, 3.73190000000000e+04, 3.73240000000000e+04, 8.39904627817148e-06]
	RefineElem[5: 5.37370000000000e+04, 3.89090000000000e+04, 3.73240000000000e+04, 3.73250000000000e+04, 8.39904627817148e-06]
	RefineElem[5: 5.37400000000000e+04, 3.89100000000000e+04, 3.73250000000000e+04, 3.73230000000000e+04, 8.39904627817148e-06]
	RefineElem[5: 5.37430000000000e+04, 3.89110000000000e+04, 3.73230000000000e+04, 3.73220000000000e+04, 8.39904627817148e-06]
	RefineElem[5: 5.37460000000000e+04, 3.89120000000000e+04, 3.73220000000000e+04, 3.73210000000000e+04, 8.39904627817148e-06]
	RefineElem[5: 5.37490000000000e+04, 3.89140000000000e+04, 3.73210000000000e+04, 3.73200000000000e+04, 8.39904627817148e-06]
	RefineElem[5: 5.37520000000000e+04, 3.89150000000000e+04, 3.73200000000000e+04, 3.73180000000000e+04, 8.39904627817148e-06]
	RefineElem[5: 5.37550000000000e+04, 3.89160000000000e+04, 3.73180000000000e+04, 3.73190000000000e+04, 8.39904627817148e-06]
	RefineElem[5: 5.37740000000000e+04, 3.88970000000000e+04, 3.73270000000000e+04, 3.73320000000000e+04, 8.39904627817148e-06]
	RefineElem[5: 5.37770000000000e+04, 3.88990000000000e+04, 3.73320000000000e+04, 3.73330000000000e+04, 8.39904627817148e-06]
	RefineElem[5: 5.37800000000000e+04, 3.89000000000000e+04, 3.73330000000000e+04, 3.73310000000000e+04, 8.39904627817148e-06]
	RefineElem[5: 5.37830000000000e+04, 3.89010000000000e+04, 3.73310000000000e+04, 3.73300000000000e+04, 8.39904627817148e-06]
	RefineElem[5: 5.37860000000000e+04, 3.89020000000000e+04, 3.73300000000000e+04, 3.73290000000000e+04, 8.39904627817148e-06]
	RefineElem[5: 5.37890000000000e+04, 3.89040000000000e+04, 3.73290000000000e+04, 3.73280000000000e+04, 8.39904627817148e-06]
	RefineElem[5: 5.37920000000000e+04, 3.89050000000000e+04, 3.73280000000000e+04, 3.73260000000000e+04, 8.39904627817148e-06]
	RefineElem[5: 5.37950000000000e+04, 3.89060000000000e+04, 3.73260000000000e+04, 3.73270000000000e+04, 8.39904627817148e-06]
	RefineElem[5: 5.38120000000000e+04, 3.88880000000000e+04, 3.73350000000000e+04, 3.73400000000000e+04, 8.39904627817148e-06]
	RefineElem[5: 5.38150000000000e+04, 3.88890000000000e+04, 3.73400000000000e+04, 3.73410000000000e+04, 8.39904627817148e-06]
	RefineElem[5: 5.38180000000000e+04, 3.88900000000000e+04, 3.73410000000000e+04, 3.73390000000000e+04, 8.39904627817148e-06]
	RefineElem[5: 5.38210000000000e+04, 3.88910000000000e+04, 3.73390000000000e+04, 3.73380000000000e+04, 8.39904627817148e-06]
	RefineElem[5: 5.38240000000000e+04, 3.88920000000000e+04, 3.73380000000000e+04, 3.73370000000000e+04, 8.39904627817148e-06]
	RefineElem[5: 5.38270000000000e+04, 3.88940000000000e+04, 3.73370000000000e+04, 3.73360000000000e+04, 8.39904627817148e-06]
	RefineElem[5: 5.38310000000000e+04, 3.88960000000000e+04, 3.73340000000000e+04, 3.73350000000000e+04, 8.39904627817148e-06]
	RefineElem[5: 5.38560000000000e+04, 3.88810000000000e+04, 3.73490000000000e+04, 3.73480000000000e+04, 8.39904627817148e-06]
	RefineElem[5: 5.38600000000000e+04, 3.88830000000000e+04, 3.73470000000000e+04, 3.73460000000000e+04, 8.39904627817148e-06]
	RefineElem[5: 5.38640000000000e+04, 3.88850000000000e+04, 3.73450000000000e+04, 3.73440000000000e+04, 8.39904627817148e-06]
	RefineElem[5: 5.38680000000000e+04, 3.88870000000000e+04, 3.73420000000000e+04, 3.73430000000000e+04, 8.39904627817148e-06]
	RefineElem[5: 5.47570000000000e+04, 3.77340000000000e+04, 3.77350000000000e+04, 3.77360000000000e+04, 8.39904627817148e-06]
	RefineElem[5: 5.47580000000000e+04, 3.77360000000000e+04, 3.77370000000000e+04, 3.77340000000000e+04, 8.39904627817148e-06]
	RefineElem[5: 5.47590000000000e+04, 3.77370000000000e+04, 3.77360000000000e+04, 3.77380000000000e+04, 8.39904627817148e-06]
	RefineElem[5: 5.47600000000000e+04, 3.77380000000000e+04, 3.77390000000000e+04, 3.77370000000000e+04, 8.39904627817148e-06]
	RefineElem[5: 5.47610000000000e+04, 3.77390000000000e+04, 3.77380000000000e+04, 3.77400000000000e+04, 8.39904627817148e-06]
	RefineElem[5: 5.47620000000000e+04, 3.77400000000000e+04, 3.77410000000000e+04, 3.77390000000000e+04, 8.39904627817148e-06]
	RefineElem[5: 5.47630000000000e+04, 3.77410000000000e+04, 3.77400000000000e+04, 3.77420000000000e+04, 8.39904627817148e-06]
	RefineElem[5: 5.47640000000000e+04, 3.77420000000000e+04, 3.77430000000000e+04, 3.77410000000000e+04, 8.39904627817148e-06]
	RefineElem[5: 5.47650000000000e+04, 3.77430000000000e+04, 3.77420000000000e+04, 3.77440000000000e+04, 8.39904627817148e-06]
	RefineElem[5: 5.47660000000000e+04, 3.77440000000000e+04, 3.77450000000000e+04, 3.77430000000000e+04, 8.39904627817148e-06]
	RefineElem[5: 5.47790000000000e+04, 3.77450000000000e+04, 3.77440000000000e+04, 3.77480000000000e+04, 8.39904627817148e-06]
	RefineElem[5: 5.47800000000000e+04, 3.77480000000000e+04, 3.77460000000000e+04, 3.77450000000000e+04, 8.39904627817148e-06]
	RefineElem[5: 5.47810000000000e+04, 3.77460000000000e+04, 3.77480000000000e+04, 3.77490000000000e+04, 8.39904627817148e-06]
	RefineElem[5: 5.47820000000000e+04, 3.77490000000000e+04, 3.77470000000000e+04, 3.77460000000000e+04, 8.39904627817148e-06]
	RefineElem[5: 5.47830000000000e+04, 3.77470000000000e+04, 3.77490000000000e+04, 3.77350000000000e+04, 8.39904627817148e-06]
	RefineElem[5: 5.47840000000000e+04, 3.77350000000000e+04, 3.77340000000000e+04, 3.77470000000000e+04, 8.39904627817148e-06]
	RefineElem[5: 5.47850000000000e+04, 3.77500000000000e+04, 3.77510000000000e+04, 3.77520000000000e+04, 8.39904627817148e-06]
	RefineElem[5: 5.47860000000000e+04, 3.77520000000000e+04, 3.77530000000000e+04, 3.77500000000000e+04, 8.39904627817148e-06]
	RefineElem[5: 5.47870000000000e+04, 3.77530000000000e+04, 3.77520000000000e+04, 3.77540000000000e+04, 8.39904627817148e-06]
	RefineElem[5: 5.47880000000000e+04, 3.77540000000000e+04, 3.77550000000000e+04, 3.77530000000000e+04, 8.39904627817148e-06]
	RefineElem[5: 5.47890000000000e+04, 3.77550000000000e+04, 3.77540000000000e+04, 3.77560000000000e+04, 8.39904627817148e-06]
	RefineElem[5: 5.47900000000000e+04, 3.77560000000000e+04, 3.77570000000000e+04, 3.77550000000000e+04, 8.39904627817148e-06]
	RefineElem[5: 5.47910000000000e+04, 3.77570000000000e+04, 3.77560000000000e+04, 3.77580000000000e+04, 8.39904627817148e-06]
	RefineElem[5: 5.47920000000000e+04, 3.77580000000000e+04, 3.77590000000000e+04, 3.77570000000000e+04, 8.39904627817148e-06]
	RefineElem[5: 5.47930000000000e+04, 3.77590000000000e+04, 3.77580000000000e+04, 3.77600000000000e+04, 8.39904627817148e-06]
	RefineElem[5: 5.47940000000000e+04, 3.77600000000000e+04, 3.77610000000000e+04, 3.77590000000000e+04, 8.39904627817148e-06]
	RefineElem[5: 5.48070000000000e+04, 3.77610000000000e+04, 3.77600000000000e+04, 3.77640000000000e+04, 8.39904627817148e-06]
	RefineElem[5: 5.48080000000000e+04, 3.77640000000000e+04, 3.77620000000000e+04, 3.77610000000000e+04, 8.39904627817148e-06]
	RefineElem[5: 5.48090000000000e+04, 3.77620000000000e+04, 3.77640000000000e+04, 3.77650000000000e+04, 8.39904627817148e-06]
	RefineElem[5: 5.48100000000000e+04, 3.77650000000000e+04, 3.77630000000000e+04, 3.77620000000000e+04, 8.39904627817148e-06]
	RefineElem[5: 5.48110000000000e+04, 3.77630000000000e+04, 3.77650000000000e+04, 3.77510000000000e+04, 8.39904627817148e-06]
	RefineElem[5: 5.48120000000000e+04, 3.77510000000000e+04, 3.77500000000000e+04, 3.77630000000000e+04, 8.39904627817148e-06]
	RefineElem[5: 5.48170000000000e+04, 3.98870000000000e+04, 3.77790000000000e+04, 3.77770000000000e+04, 8.39904627817148e-06]
	RefineElem[5: 5.48200000000000e+04, 3.77780000000000e+04, 3.77790000000000e+04, 3.98870000000000e+04, 8.39904627817148e-06]
	RefineElem[5: 5.48230000000000e+04, 3.98890000000000e+04, 3.77780000000000e+04, 3.98870000000000e+04, 8.39904627817148e-06]
	RefineElem[5: 5.48240000000000e+04, 3.77660000000000e+04, 3.77780000000000e+04, 3.98890000000000e+04, 8.39904627817148e-06]
	RefineElem[5: 5.48250000000000e+04, 3.99030000000000e+04, 3.77750000000000e+04, 3.77730000000000e+04, 8.39904627817148e-06]
	RefineElem[5: 5.48280000000000e+04, 3.77770000000000e+04, 3.77750000000000e+04, 3.99030000000000e+04, 8.39904627817148e-06]
	RefineElem[5: 5.48290000000000e+04, 3.77770000000000e+04, 3.99050000000000e+04, 3.98870000000000e+04, 8.39904627817148e-06]
	RefineElem[5: 5.48320000000000e+04, 3.99050000000000e+04, 3.77770000000000e+04, 3.99030000000000e+04, 8.39904627817148e-06]
	RefineElem[5: 5.48350000000000e+04, 3.99060000000000e+04, 3.77660000000000e+04, 3.98890000000000e+04, 8.39904627817148e-06]
	RefineElem[5: 5.48360000000000e+04, 3.77690000000000e+04, 3.77660000000000e+04, 3.99060000000000e+04, 8.39904627817148e-06]
	RefineElem[5: 5.48390000000000e+04, 3.99080000000000e+04, 3.77690000000000e+04, 3.99060000000000e+04, 8.39904627817148e-06]
	RefineElem[5: 5.48400000000000e+04, 3.77710000000000e+04, 3.77690000000000e+04, 3.99080000000000e+04, 8.39904627817148e-06]
	RefineElem[5: 5.48410000000000e+04, 3.99110000000000e+04, 3.77730000000000e+04, 3.77710000000000e+04, 8.39904627817148e-06]
	RefineElem[5: 5.48420000000000e+04, 3.77730000000000e+04, 3.99110000000000e+04, 3.99030000000000e+04, 8.39904627817148e-06]
	RefineElem[5: 5.48460000000000e+04, 3.99130000000000e+04, 3.77710000000000e+04, 3.99080000000000e+04, 8.39904627817148e-06]
	RefineElem[5: 5.48470000000000e+04, 3.77710000000000e+04, 3.99130000000000e+04, 3.99110000000000e+04, 8.39904627817148e-06]
	RefineElem[5: 5.48530000000000e+04, 3.99310000000000e+04, 3.77940000000000e+04, 3.77930000000000e+04, 8.39904627817148e-06]
	RefineElem[5: 5.48560000000000e+04, 3.77950000000000e+04, 3.77940000000000e+04, 3.99310000000000e+04, 8.39904627817148e-06]
	RefineElem[5: 5.48590000000000e+04, 3.99330000000000e+04, 3.77950000000000e+04, 3.99310000000000e+04, 8.39904627817148e-06]
	RefineElem[5: 5.48600000000000e+04, 3.77820000000000e+04, 3.77950000000000e+04, 3.99330000000000e+04, 8.39904627817148e-06]
	RefineElem[5: 5.48610000000000e+04, 3.99350000000000e+04, 3.77910000000000e+04, 3.77890000000000e+04, 8.39904627817148e-06]
	RefineElem[5: 5.48640000000000e+04, 3.77930000000000e+04, 3.77910000000000e+04, 3.99350000000000e+04, 8.39904627817148e-06]
	RefineElem[5: 5.48650000000000e+04, 3.77930000000000e+04, 3.99370000000000e+04, 3.99310000000000e+04, 8.39904627817148e-06]
	RefineElem[5: 5.48680000000000e+04, 3.99370000000000e+04, 3.77930000000000e+04, 3.99350000000000e+04, 8.39904627817148e-06]
	RefineElem[5: 5.48710000000000e+04, 3.99380000000000e+04, 3.77820000000000e+04, 3.99330000000000e+04, 8.39904627817148e-06]
	RefineElem[5: 5.48720000000000e+04, 3.77850000000000e+04, 3.77820000000000e+04, 3.99380000000000e+04, 8.39904627817148e-06]
	RefineElem[5: 5.48750000000000e+04, 3.99400000000000e+04, 3.77850000000000e+04, 3.99380000000000e+04, 8.39904627817148e-06]
	RefineElem[5: 5.48760000000000e+04, 3.77870000000000e+04, 3.77850000000000e+04, 3.99400000000000e+04, 8.39904627817148e-06]
	RefineElem[5: 5.48770000000000e+04, 3.99430000000000e+04, 3.77890000000000e+04, 3.77870000000000e+04, 8.39904627817148e-06]
	RefineElem[5: 5.48780000000000e+04, 3.77890000000000e+04, 3.99430000000000e+04, 3.99350000000000e+04, 8.39904627817148e-06]
	RefineElem[5: 5.48820000000000e+04, 3.99450000000000e+04, 3.77870000000000e+04, 3.99400000000000e+04, 8.39904627817148e-06]
	RefineElem[5: 5.48830000000000e+04, 3.77870000000000e+04, 3.99450000000000e+04, 3.99430000000000e+04, 8.39904627817148e-06]
	RefineElem[5: 5.49590000000000e+04, 3.94900000000000e+04, 3.78370000000000e+04, 3.78350000000000e+04, 8.39904627817148e-06]
	RefineElem[5: 5.49620000000000e+04, 3.78390000000000e+04, 3.78370000000000e+04, 3.94900000000000e+04, 8.39904627817148e-06]
	RefineElem[5: 5.49640000000000e+04, 3.94920000000000e+04, 3.78300000000000e+04, 3.78430000000000e+04, 8.39904627817148e-06]
	RefineElem[5: 5.49650000000000e+04, 3.78330000000000e+04, 3.78300000000000e+04, 3.94920000000000e+04, 8.39904627817148e-06]
	RefineElem[5: 5.49670000000000e+04, 3.94940000000000e+04, 3.78410000000000e+04, 3.78390000000000e+04, 8.39904627817148e-06]
	RefineElem[5: 5.49700000000000e+04, 3.78420000000000e+04, 3.78410000000000e+04, 3.94940000000000e+04, 8.39904627817148e-06]
	RefineElem[5: 5.49720000000000e+04, 3.94960000000000e+04, 3.78390000000000e+04, 3.94900000000000e+04, 8.39904627817148e-06]
	RefineElem[5: 5.49730000000000e+04, 3.78390000000000e+04, 3.94960000000000e+04, 3.94940000000000e+04, 8.39904627817148e-06]
	RefineElem[5: 5.49770000000000e+04, 3.95150000000000e+04, 3.78330000000000e+04, 3.94920000000000e+04, 8.39904627817148e-06]
	RefineElem[5: 5.49780000000000e+04, 3.78350000000000e+04, 3.78330000000000e+04, 3.95150000000000e+04, 8.39904627817148e-06]
	RefineElem[5: 5.49790000000000e+04, 3.78350000000000e+04, 3.95170000000000e+04, 3.94900000000000e+04, 8.39904627817148e-06]
	RefineElem[5: 5.49820000000000e+04, 3.95170000000000e+04, 3.78350000000000e+04, 3.95150000000000e+04, 8.39904627817148e-06]
	RefineElem[5: 5.49830000000000e+04, 3.96660000000000e+04, 3.78430000000000e+04, 3.78420000000000e+04, 8.39904627817148e-06]
	RefineElem[5: 5.49840000000000e+04, 3.78430000000000e+04, 3.96660000000000e+04, 3.94920000000000e+04, 8.39904627817148e-06]
	RefineElem[5: 5.49880000000000e+04, 3.96680000000000e+04, 3.78420000000000e+04, 3.94940000000000e+04, 8.39904627817148e-06]
	RefineElem[5: 5.49890000000000e+04, 3.78420000000000e+04, 3.96680000000000e+04, 3.96660000000000e+04, 8.39904627817148e-06]
	RefineElem[5: 5.49930000000000e+04, 3.94870000000000e+04, 3.78580000000000e+04, 3.78570000000000e+04, 8.39904627817148e-06]
	RefineElem[5: 5.49960000000000e+04, 3.78590000000000e+04, 3.78580000000000e+04, 3.94870000000000e+04, 8.39904627817148e-06]
	RefineElem[5: 5.49990000000000e+04, 3.94890000000000e+04, 3.78590000000000e+04, 3.94870000000000e+04, 8.39904627817148e-06]
	RefineElem[5: 5.50000000000000e+04, 3.78460000000000e+04, 3.78590000000000e+04, 3.94890000000000e+04, 8.39904627817148e-06]
	RefineElem[5: 5.50010000000000e+04, 3.98070000000000e+04, 3.78550000000000e+04, 3.78530000000000e+04, 8.39904627817148e-06]
	RefineElem[5: 5.50040000000000e+04, 3.78570000000000e+04, 3.78550000000000e+04, 3.98070000000000e+04, 8.39904627817148e-06]
	RefineElem[5: 5.50050000000000e+04, 3.78570000000000e+04, 3.98090000000000e+04, 3.94870000000000e+04, 8.39904627817148e-06]
	RefineElem[5: 5.50080000000000e+04, 3.98090000000000e+04, 3.78570000000000e+04, 3.98070000000000e+04, 8.39904627817148e-06]
	RefineElem[5: 5.50110000000000e+04, 3.98100000000000e+04, 3.78460000000000e+04, 3.94890000000000e+04, 8.39904627817148e-06]
	RefineElem[5: 5.50120000000000e+04, 3.78490000000000e+04, 3.78460000000000e+04, 3.98100000000000e+04, 8.39904627817148e-06]
	RefineElem[5: 5.50150000000000e+04, 3.98120000000000e+04, 3.78490000000000e+04, 3.98100000000000e+04, 8.39904627817148e-06]
	RefineElem[5: 5.50160000000000e+04, 3.78510000000000e+04, 3.78490000000000e+04, 3.98120000000000e+04, 8.39904627817148e-06]
	RefineElem[5: 5.50190000000000e+04, 3.98150000000000e+04, 3.78510000000000e+04, 3.98120000000000e+04, 8.39904627817148e-06]
	RefineElem[5: 5.50200000000000e+04, 3.78530000000000e+04, 3.78510000000000e+04, 3.98150000000000e+04, 8.39904627817148e-06]
	RefineElem[5: 5.50210000000000e+04, 3.78530000000000e+04, 3.98170000000000e+04, 3.98070000000000e+04, 8.39904627817148e-06]
	RefineElem[5: 5.50240000000000e+04, 3.98170000000000e+04, 3.78530000000000e+04, 3.98150000000000e+04, 8.39904627817148e-06]
	RefineElem[5: 5.50760000000000e+04, 3.94820000000000e+04, 3.78940000000000e+04, 3.79070000000000e+04, 8.39904627817148e-06]
	RefineElem[5: 5.50770000000000e+04, 3.78970000000000e+04, 3.78940000000000e+04, 3.94820000000000e+04, 8.39904627817148e-06]
	RefineElem[5: 5.50790000000000e+04, 3.94840000000000e+04, 3.79070000000000e+04, 3.79060000000000e+04, 8.39904627817148e-06]
	RefineElem[5: 5.50800000000000e+04, 3.79070000000000e+04, 3.94840000000000e+04, 3.94820000000000e+04, 8.39904627817148e-06]
	RefineElem[5: 5.50830000000000e+04, 3.94910000000000e+04, 3.79010000000000e+04, 3.78990000000000e+04, 8.39904627817148e-06]
	RefineElem[5: 5.50860000000000e+04, 3.79030000000000e+04, 3.79010000000000e+04, 3.94910000000000e+04, 8.39904627817148e-06]
	RefineElem[5: 5.50890000000000e+04, 3.94930000000000e+04, 3.79030000000000e+04, 3.94910000000000e+04, 8.39904627817148e-06]
	RefineElem[5: 5.50900000000000e+04, 3.79050000000000e+04, 3.79030000000000e+04, 3.94930000000000e+04, 8.39904627817148e-06]
	RefineElem[5: 5.50930000000000e+04, 3.94950000000000e+04, 3.78970000000000e+04, 3.94820000000000e+04, 8.39904627817148e-06]
	RefineElem[5: 5.50940000000000e+04, 3.78990000000000e+04, 3.78970000000000e+04, 3.94950000000000e+04, 8.39904627817148e-06]
	RefineElem[5: 5.50950000000000e+04, 3.78990000000000e+04, 3.94970000000000e+04, 3.94910000000000e+04, 8.39904627817148e-06]
	RefineElem[5: 5.50980000000000e+04, 3.94970000000000e+04, 3.78990000000000e+04, 3.94950000000000e+04, 8.39904627817148e-06]
	RefineElem[5: 5.50990000000000e+04, 3.95460000000000e+04, 3.79060000000000e+04, 3.79050000000000e+04, 8.39904627817148e-06]
	RefineElem[5: 5.51000000000000e+04, 3.79060000000000e+04, 3.95460000000000e+04, 3.94840000000000e+04, 8.39904627817148e-06]
	RefineElem[5: 5.51040000000000e+04, 3.95480000000000e+04, 3.79050000000000e+04, 3.94930000000000e+04, 8.39904627817148e-06]
	RefineElem[5: 5.51050000000000e+04, 3.79050000000000e+04, 3.95480000000000e+04, 3.95460000000000e+04, 8.39904627817148e-06]
	RefineElem[5: 5.51110000000000e+04, 3.94990000000000e+04, 3.79210000000000e+04, 3.79190000000000e+04, 8.39904627817148e-06]
	RefineElem[5: 5.51140000000000e+04, 3.79220000000000e+04, 3.79210000000000e+04, 3.94990000000000e+04, 8.39904627817148e-06]
	RefineElem[5: 5.51170000000000e+04, 3.95010000000000e+04, 3.79220000000000e+04, 3.94990000000000e+04, 8.39904627817148e-06]
	RefineElem[5: 5.51180000000000e+04, 3.79230000000000e+04, 3.79220000000000e+04, 3.95010000000000e+04, 8.39904627817148e-06]
	RefineElem[5: 5.51210000000000e+04, 3.95030000000000e+04, 3.79230000000000e+04, 3.95010000000000e+04, 8.39904627817148e-06]
	RefineElem[5: 5.51220000000000e+04, 3.79100000000000e+04, 3.79230000000000e+04, 3.95030000000000e+04, 8.39904627817148e-06]
	RefineElem[5: 5.51250000000000e+04, 3.95040000000000e+04, 3.79100000000000e+04, 3.95030000000000e+04, 8.39904627817148e-06]
	RefineElem[5: 5.51260000000000e+04, 3.79130000000000e+04, 3.79100000000000e+04, 3.95040000000000e+04, 8.39904627817148e-06]
	RefineElem[5: 5.51270000000000e+04, 3.95070000000000e+04, 3.79150000000000e+04, 3.79130000000000e+04, 8.39904627817148e-06]
	RefineElem[5: 5.51300000000000e+04, 3.79170000000000e+04, 3.79150000000000e+04, 3.95070000000000e+04, 8.39904627817148e-06]
	RefineElem[5: 5.51330000000000e+04, 3.95090000000000e+04, 3.79170000000000e+04, 3.95070000000000e+04, 8.39904627817148e-06]
	RefineElem[5: 5.51340000000000e+04, 3.79190000000000e+04, 3.79170000000000e+04, 3.95090000000000e+04, 8.39904627817148e-06]
	RefineElem[5: 5.51350000000000e+04, 3.79190000000000e+04, 3.95110000000000e+04, 3.94990000000000e+04, 8.39904627817148e-06]
	RefineElem[5: 5.51380000000000e+04, 3.95110000000000e+04, 3.79190000000000e+04, 3.95090000000000e+04, 8.39904627817148e-06]
	RefineElem[5: 5.51400000000000e+04, 3.95130000000000e+04, 3.79130000000000e+04, 3.95040000000000e+04, 8.39904627817148e-06]
	RefineElem[5: 5.51410000000000e+04, 3.79130000000000e+04, 3.95130000000000e+04, 3.95070000000000e+04, 8.39904627817148e-06]
	RefineElem[5: 5.52190000000000e+04, 3.98220000000000e+04, 3.79610000000000e+04, 3.79580000000000e+04, 8.39904627817148e-06]
	RefineElem[5: 5.52220000000000e+04, 3.79630000000000e+04, 3.79610000000000e+04, 3.98220000000000e+04, 8.39904627817148e-06]
	RefineElem[5: 5.52230000000000e+04, 3.98240000000000e+04, 3.79650000000000e+04, 3.79630000000000e+04, 8.39904627817148e-06]
	RefineElem[5: 5.52260000000000e+04, 3.79670000000000e+04, 3.79650000000000e+04, 3.98240000000000e+04, 8.39904627817148e-06]
	RefineElem[5: 5.52280000000000e+04, 3.98270000000000e+04, 3.79630000000000e+04, 3.98220000000000e+04, 8.39904627817148e-06]
	RefineElem[5: 5.52290000000000e+04, 3.79630000000000e+04, 3.98270000000000e+04, 3.98240000000000e+04, 8.39904627817148e-06]
	RefineElem[5: 5.52330000000000e+04, 3.98290000000000e+04, 3.79670000000000e+04, 3.98240000000000e+04, 8.39904627817148e-06]
	RefineElem[5: 5.52340000000000e+04, 3.79690000000000e+04, 3.79670000000000e+04, 3.98290000000000e+04, 8.39904627817148e-06]
	RefineElem[5: 5.52350000000000e+04, 3.98300000000000e+04, 3.79580000000000e+04, 3.79700000000000e+04, 8.39904627817148e-06]
	RefineElem[5: 5.52360000000000e+04, 3.79580000000000e+04, 3.98300000000000e+04, 3.98220000000000e+04, 8.39904627817148e-06]
	RefineElem[5: 5.52390000000000e+04, 3.98320000000000e+04, 3.79700000000000e+04, 3.79710000000000e+04, 8.39904627817148e-06]
	RefineElem[5: 5.52400000000000e+04, 3.79700000000000e+04, 3.98320000000000e+04, 3.98300000000000e+04, 8.39904627817148e-06]
	RefineElem[5: 5.52430000000000e+04, 3.98340000000000e+04, 3.79710000000000e+04, 3.79690000000000e+04, 8.39904627817148e-06]
	RefineElem[5: 5.52440000000000e+04, 3.79710000000000e+04, 3.98340000000000e+04, 3.98320000000000e+04, 8.39904627817148e-06]
	RefineElem[5: 5.52480000000000e+04, 3.98360000000000e+04, 3.79690000000000e+04, 3.98290000000000e+04, 8.39904627817148e-06]
	RefineElem[5: 5.52490000000000e+04, 3.79690000000000e+04, 3.98360000000000e+04, 3.98340000000000e+04, 8.39904627817148e-06]
	RefineElem[5: 5.52550000000000e+04, 3.96100000000000e+04, 3.79810000000000e+04, 3.79790000000000e+04, 8.39904627817148e-06]
	RefineElem[5: 5.52580000000000e+04, 3.79830000000000e+04, 3.79810000000000e+04, 3.96100000000000e+04, 8.39904627817148e-06]
	RefineElem[5: 5.52590000000000e+04, 3.96120000000000e+04, 3.79790000000000e+04, 3.79770000000000e+04, 8.39904627817148e-06]
	RefineElem[5: 5.52600000000000e+04, 3.79790000000000e+04, 3.96120000000000e+04, 3.96100000000000e+04, 8.39904627817148e-06]
	RefineElem[5: 5.52630000000000e+04, 3.96140000000000e+04, 3.79770000000000e+04, 3.79740000000000e+04, 8.39904627817148e-06]
	RefineElem[5: 5.52640000000000e+04, 3.79770000000000e+04, 3.96140000000000e+04, 3.96120000000000e+04, 8.39904627817148e-06]
	RefineElem[5: 5.52690000000000e+04, 3.96240000000000e+04, 3.79830000000000e+04, 3.96100000000000e+04, 8.39904627817148e-06]
	RefineElem[5: 5.52700000000000e+04, 3.79850000000000e+04, 3.79830000000000e+04, 3.96240000000000e+04, 8.39904627817148e-06]
	RefineElem[5: 5.52710000000000e+04, 3.96270000000000e+04, 3.79860000000000e+04, 3.79870000000000e+04, 8.39904627817148e-06]
	RefineElem[5: 5.52740000000000e+04, 3.79740000000000e+04, 3.79860000000000e+04, 3.96270000000000e+04, 8.39904627817148e-06]
	RefineElem[5: 5.52750000000000e+04, 3.96280000000000e+04, 3.79870000000000e+04, 3.79850000000000e+04, 8.39904627817148e-06]
	RefineElem[5: 5.52760000000000e+04, 3.79870000000000e+04, 3.96280000000000e+04, 3.96270000000000e+04, 8.39904627817148e-06]
	RefineElem[5: 5.52790000000000e+04, 3.79740000000000e+04, 3.96300000000000e+04, 3.96140000000000e+04, 8.39904627817148e-06]
	RefineElem[5: 5.52820000000000e+04, 3.96300000000000e+04, 3.79740000000000e+04, 3.96270000000000e+04, 8.39904627817148e-06]
	RefineElem[5: 5.52840000000000e+04, 3.96320000000000e+04, 3.79850000000000e+04, 3.96240000000000e+04, 8.39904627817148e-06]
	RefineElem[5: 5.52850000000000e+04, 3.79850000000000e+04, 3.96320000000000e+04, 3.96280000000000e+04, 8.39904627817148e-06]
	RefineElem[5: 5.54850000000000e+04, 3.96150000000000e+04, 3.80980000000000e+04, 3.80970000000000e+04, 8.39904627817148e-06]
	RefineElem[5: 5.54880000000000e+04, 3.80990000000000e+04, 3.80980000000000e+04, 3.96150000000000e+04, 8.39904627817148e-06]
	RefineElem[5: 5.54910000000000e+04, 3.96170000000000e+04, 3.80990000000000e+04, 3.96150000000000e+04, 8.39904627817148e-06]
	RefineElem[5: 5.54920000000000e+04, 3.80860000000000e+04, 3.80990000000000e+04, 3.96170000000000e+04, 8.39904627817148e-06]
	RefineElem[5: 5.54930000000000e+04, 3.96190000000000e+04, 3.80910000000000e+04, 3.80890000000000e+04, 8.39904627817148e-06]
	RefineElem[5: 5.54960000000000e+04, 3.80930000000000e+04, 3.80910000000000e+04, 3.96190000000000e+04, 8.39904627817148e-06]
	RefineElem[5: 5.54990000000000e+04, 3.96210000000000e+04, 3.80930000000000e+04, 3.96190000000000e+04, 8.39904627817148e-06]
	RefineElem[5: 5.55000000000000e+04, 3.80950000000000e+04, 3.80930000000000e+04, 3.96210000000000e+04, 8.39904627817148e-06]
	RefineElem[5: 5.55030000000000e+04, 3.96230000000000e+04, 3.80950000000000e+04, 3.96210000000000e+04, 8.39904627817148e-06]
	RefineElem[5: 5.55040000000000e+04, 3.80970000000000e+04, 3.80950000000000e+04, 3.96230000000000e+04, 8.39904627817148e-06]
	RefineElem[5: 5.55050000000000e+04, 3.80970000000000e+04, 3.96250000000000e+04, 3.96150000000000e+04, 8.39904627817148e-06]
	RefineElem[5: 5.55080000000000e+04, 3.96250000000000e+04, 3.80970000000000e+04, 3.96230000000000e+04, 8.39904627817148e-06]
	RefineElem[5: 5.55110000000000e+04, 3.96260000000000e+04, 3.80860000000000e+04, 3.96170000000000e+04, 8.39904627817148e-06]
	RefineElem[5: 5.55120000000000e+04, 3.80890000000000e+04, 3.80860000000000e+04, 3.96260000000000e+04, 8.39904627817148e-06]
	RefineElem[5: 5.55130000000000e+04, 3.80890000000000e+04, 3.96290000000000e+04, 3.96190000000000e+04, 8.39904627817148e-06]
	RefineElem[5: 5.55160000000000e+04, 3.96290000000000e+04, 3.80890000000000e+04, 3.96260000000000e+04, 8.39904627817148e-06]
	RefineElem[5: 5.55190000000000e+04, 3.99150000000000e+04, 3.81110000000000e+04, 3.81090000000000e+04, 8.39904627817148e-06]
	RefineElem[5: 5.55220000000000e+04, 3.81130000000000e+04, 3.81110000000000e+04, 3.99150000000000e+04, 8.39904627817148e-06]
	RefineElem[5: 5.55250000000000e+04, 3.99170000000000e+04, 3.81130000000000e+04, 3.99150000000000e+04, 8.39904627817148e-06]
	RefineElem[5: 5.55260000000000e+04, 3.81140000000000e+04, 3.81130000000000e+04, 3.99170000000000e+04, 8.39904627817148e-06]
	RefineElem[5: 5.55290000000000e+04, 3.99190000000000e+04, 3.81140000000000e+04, 3.99170000000000e+04, 8.39904627817148e-06]
	RefineElem[5: 5.55300000000000e+04, 3.81150000000000e+04, 3.81140000000000e+04, 3.99190000000000e+04, 8.39904627817148e-06]
	RefineElem[5: 5.55330000000000e+04, 3.99210000000000e+04, 3.81150000000000e+04, 3.99190000000000e+04, 8.39904627817148e-06]
	RefineElem[5: 5.55340000000000e+04, 3.81020000000000e+04, 3.81150000000000e+04, 3.99210000000000e+04, 8.39904627817148e-06]
	RefineElem[5: 5.55370000000000e+04, 3.99220000000000e+04, 3.81020000000000e+04, 3.99210000000000e+04, 8.39904627817148e-06]
	RefineElem[5: 5.55380000000000e+04, 3.81050000000000e+04, 3.81020000000000e+04, 3.99220000000000e+04, 8.39904627817148e-06]
	RefineElem[5: 5.55410000000000e+04, 3.99240000000000e+04, 3.81050000000000e+04, 3.99220000000000e+04, 8.39904627817148e-06]
	RefineElem[5: 5.55420000000000e+04, 3.81070000000000e+04, 3.81050000000000e+04, 3.99240000000000e+04, 8.39904627817148e-06]
	RefineElem[5: 5.55450000000000e+04, 3.99260000000000e+04, 3.81070000000000e+04, 3.99240000000000e+04, 8.39904627817148e-06]
	RefineElem[5: 5.55460000000000e+04, 3.81090000000000e+04, 3.81070000000000e+04, 3.99260000000000e+04, 8.39904627817148e-06]
	RefineElem[5: 5.55470000000000e+04, 3.81090000000000e+04, 3.99280000000000e+04, 3.99150000000000e+04, 8.39904627817148e-06]
	RefineElem[5: 5.55500000000000e+04, 3.99280000000000e+04, 3.81090000000000e+04, 3.99260000000000e+04, 8.39904627817148e-06]
	RefineElem[5: 5.55550000000000e+04, 4.00270000000000e+04, 3.81290000000000e+04, 3.81270000000000e+04, 8.39904627817148e-06]
	RefineElem[5: 5.55580000000000e+04, 3.81310000000000e+04, 3.81290000000000e+04, 4.00270000000000e+04, 8.39904627817148e-06]
	RefineElem[5: 5.55610000000000e+04, 4.00290000000000e+04, 3.81310000000000e+04, 4.00270000000000e+04, 8.39904627817148e-06]
	RefineElem[5: 5.55620000000000e+04, 3.81300000000000e+04, 3.81310000000000e+04, 4.00290000000000e+04, 8.39904627817148e-06]
	RefineElem[5: 5.55640000000000e+04, 4.00300000000000e+04, 3.81180000000000e+04, 3.81300000000000e+04, 8.39904627817148e-06]
	RefineElem[5: 5.55650000000000e+04, 3.81210000000000e+04, 3.81180000000000e+04, 4.00300000000000e+04, 8.39904627817148e-06]
	RefineElem[5: 5.55680000000000e+04, 4.00320000000000e+04, 3.81300000000000e+04, 4.00290000000000e+04, 8.39904627817148e-06]
	RefineElem[5: 5.55690000000000e+04, 3.81300000000000e+04, 4.00320000000000e+04, 4.00300000000000e+04, 8.39904627817148e-06]
	RefineElem[5: 5.55710000000000e+04, 4.00350000000000e+04, 3.81250000000000e+04, 3.81230000000000e+04, 8.39904627817148e-06]
	RefineElem[5: 5.55740000000000e+04, 3.81270000000000e+04, 3.81250000000000e+04, 4.00350000000000e+04, 8.39904627817148e-06]
	RefineElem[5: 5.55750000000000e+04, 3.81270000000000e+04, 4.00370000000000e+04, 4.00270000000000e+04, 8.39904627817148e-06]
	RefineElem[5: 5.55780000000000e+04, 4.00370000000000e+04, 3.81270000000000e+04, 4.00350000000000e+04, 8.39904627817148e-06]
	RefineElem[5: 5.55790000000000e+04, 4.00380000000000e+04, 3.81230000000000e+04, 3.81210000000000e+04, 8.39904627817148e-06]
	RefineElem[5: 5.55800000000000e+04, 3.81230000000000e+04, 4.00380000000000e+04, 4.00350000000000e+04, 8.39904627817148e-06]
	RefineElem[5: 5.55840000000000e+04, 4.00390000000000e+04, 3.81210000000000e+04, 4.00300000000000e+04, 8.39904627817148e-06]
	RefineElem[5: 5.55850000000000e+04, 3.81210000000000e+04, 4.00390000000000e+04, 4.00380000000000e+04, 8.39904627817148e-06]
	RefineElem[5: 5.55910000000000e+04, 4.00220000000000e+04, 3.81390000000000e+04, 3.81370000000000e+04, 8.39904627817148e-06]
	RefineElem[5: 5.55940000000000e+04, 3.81410000000000e+04, 3.81390000000000e+04, 4.00220000000000e+04, 8.39904627817148e-06]
	RefineElem[5: 5.55950000000000e+04, 4.00240000000000e+04, 3.81370000000000e+04, 3.81340000000000e+04, 8.39904627817148e-06]
	RefineElem[5: 5.55960000000000e+04, 3.81370000000000e+04, 4.00240000000000e+04, 4.00220000000000e+04, 8.39904627817148e-06]
	RefineElem[5: 5.55990000000000e+04, 4.00260000000000e+04, 3.81430000000000e+04, 3.81410000000000e+04, 8.39904627817148e-06]
	RefineElem[5: 5.56020000000000e+04, 3.81450000000000e+04, 3.81430000000000e+04, 4.00260000000000e+04, 8.39904627817148e-06]
	RefineElem[5: 5.56040000000000e+04, 4.00280000000000e+04, 3.81410000000000e+04, 4.00220000000000e+04, 8.39904627817148e-06]
	RefineElem[5: 5.56050000000000e+04, 3.81410000000000e+04, 4.00280000000000e+04, 4.00260000000000e+04, 8.39904627817148e-06]
	RefineElem[5: 5.56070000000000e+04, 4.00310000000000e+04, 3.81470000000000e+04, 3.81460000000000e+04, 8.39904627817148e-06]
	RefineElem[5: 5.56100000000000e+04, 3.81340000000000e+04, 3.81470000000000e+04, 4.00310000000000e+04, 8.39904627817148e-06]
	RefineElem[5: 5.56110000000000e+04, 3.81340000000000e+04, 4.00330000000000e+04, 4.00240000000000e+04, 8.39904627817148e-06]
	RefineElem[5: 5.56140000000000e+04, 4.00330000000000e+04, 3.81340000000000e+04, 4.00310000000000e+04, 8.39904627817148e-06]
	RefineElem[5: 5.56150000000000e+04, 4.00340000000000e+04, 3.81460000000000e+04, 3.81450000000000e+04, 8.39904627817148e-06]
	RefineElem[5: 5.56160000000000e+04, 3.81460000000000e+04, 4.00340000000000e+04, 4.00310000000000e+04, 8.39904627817148e-06]
	RefineElem[5: 5.56200000000000e+04, 4.00360000000000e+04, 3.81450000000000e+04, 4.00260000000000e+04, 8.39904627817148e-06]
	RefineElem[5: 5.56210000000000e+04, 3.81450000000000e+04, 4.00360000000000e+04, 4.00340000000000e+04, 8.39904627817148e-06]
	RefineElem[5: 5.57730000000000e+04, 3.82140000000000e+04, 3.82150000000000e+04, 3.82160000000000e+04, 8.39904627817148e-06]
	RefineElem[5: 5.57740000000000e+04, 3.82160000000000e+04, 3.82170000000000e+04, 3.82140000000000e+04, 8.39904627817148e-06]
	RefineElem[5: 5.57750000000000e+04, 3.82170000000000e+04, 3.82160000000000e+04, 3.82180000000000e+04, 8.39904627817148e-06]
	RefineElem[5: 5.57760000000000e+04, 3.82180000000000e+04, 3.82190000000000e+04, 3.82170000000000e+04, 8.39904627817148e-06]
	RefineElem[5: 5.57770000000000e+04, 3.82190000000000e+04, 3.82180000000000e+04, 3.82200000000000e+04, 8.39904627817148e-06]
	RefineElem[5: 5.57780000000000e+04, 3.82200000000000e+04, 3.82210000000000e+04, 3.82190000000000e+04, 8.39904627817148e-06]
	RefineElem[5: 5.57790000000000e+04, 3.82210000000000e+04, 3.82200000000000e+04, 3.82220000000000e+04, 8.39904627817148e-06]
	RefineElem[5: 5.57800000000000e+04, 3.82220000000000e+04, 3.82230000000000e+04, 3.82210000000000e+04, 8.39904627817148e-06]
	RefineElem[5: 5.57810000000000e+04, 3.82230000000000e+04, 3.82220000000000e+04, 3.82240000000000e+04, 8.39904627817148e-06]
	RefineElem[5: 5.57820000000000e+04, 3.82240000000000e+04, 3.82250000000000e+04, 3.82230000000000e+04, 8.39904627817148e-06]
	RefineElem[5: 5.57910000000000e+04, 3.82250000000000e+04, 3.82240000000000e+04, 3.82290000000000e+04, 8.39904627817148e-06]
	RefineElem[5: 5.57920000000000e+04, 3.82290000000000e+04, 3.82260000000000e+04, 3.82250000000000e+04, 8.39904627817148e-06]
	RefineElem[5: 5.57930000000000e+04, 3.82260000000000e+04, 3.82290000000000e+04, 3.82280000000000e+04, 8.39904627817148e-06]
	RefineElem[5: 5.57940000000000e+04, 3.82280000000000e+04, 3.82270000000000e+04, 3.82260000000000e+04, 8.39904627817148e-06]
	RefineElem[5: 5.57950000000000e+04, 3.82270000000000e+04, 3.82280000000000e+04, 3.82150000000000e+04, 8.39904627817148e-06]
	RefineElem[5: 5.57960000000000e+04, 3.82150000000000e+04, 3.82140000000000e+04, 3.82270000000000e+04, 8.39904627817148e-06]
	RefineElem[5: 5.57970000000000e+04, 3.82300000000000e+04, 3.82310000000000e+04, 3.82320000000000e+04, 8.39904627817148e-06]
	RefineElem[5: 5.57980000000000e+04, 3.82320000000000e+04, 3.82330000000000e+04, 3.82300000000000e+04, 8.39904627817148e-06]
	RefineElem[5: 5.57990000000000e+04, 3.82330000000000e+04, 3.82320000000000e+04, 3.82340000000000e+04, 8.39904627817148e-06]
	RefineElem[5: 5.58000000000000e+04, 3.82340000000000e+04, 3.82350000000000e+04, 3.82330000000000e+04, 8.39904627817148e-06]
	RefineElem[5: 5.58010000000000e+04, 3.82350000000000e+04, 3.82340000000000e+04, 3.82360000000000e+04, 8.39904627817148e-06]
	RefineElem[5: 5.58020000000000e+04, 3.82360000000000e+04, 3.82370000000000e+04, 3.82350000000000e+04, 8.39904627817148e-06]
	RefineElem[5: 5.58030000000000e+04, 3.82370000000000e+04, 3.82360000000000e+04, 3.82380000000000e+04, 8.39904627817148e-06]
	RefineElem[5: 5.58040000000000e+04, 3.82380000000000e+04, 3.82390000000000e+04, 3.82370000000000e+04, 8.39904627817148e-06]
	RefineElem[5: 5.58050000000000e+04, 3.82390000000000e+04, 3.82380000000000e+04, 3.82400000000000e+04, 8.39904627817148e-06]
	RefineElem[5: 5.58060000000000e+04, 3.82400000000000e+04, 3.82410000000000e+04, 3.82390000000000e+04, 8.39904627817148e-06]
	RefineElem[5: 5.58150000000000e+04, 3.82410000000000e+04, 3.82400000000000e+04, 3.82450000000000e+04, 8.39904627817148e-06]
	RefineElem[5: 5.58160000000000e+04, 3.82450000000000e+04, 3.82420000000000e+04, 3.82410000000000e+04, 8.39904627817148e-06]
	RefineElem[5: 5.58170000000000e+04, 3.82420000000000e+04, 3.82450000000000e+04, 3.82440000000000e+04, 8.39904627817148e-06]
	RefineElem[5: 5.58180000000000e+04, 3.82440000000000e+04, 3.82430000000000e+04, 3.82420000000000e+04, 8.39904627817148e-06]
	RefineElem[5: 5.58190000000000e+04, 3.82430000000000e+04, 3.82440000000000e+04, 3.82310000000000e+04, 8.39904627817148e-06]
	RefineElem[5: 5.58200000000000e+04, 3.82310000000000e+04, 3.82300000000000e+04, 3.82430000000000e+04, 8.39904627817148e-06]
	RefineElem[5: 7.89350000000000e+04, 2.06630000000000e+04, 2.81700000000000e+04, 2.06650000000000e+04, 8.39904627817148e-06]
	RefineElem[5: 7.91180000000000e+04, 2.12670000000000e+04, 2.88680000000000e+04, 2.12660000000000e+04, 8.39904627817148e-06]
	RefineElem[5: 7.95730000000000e+04, 2.70420000000000e+04, 1.95220000000000e+04, 2.70370000000000e+04, 8.39904627817148e-06]
	RefineElem[5: 7.96230000000000e+04, 2.79280000000000e+04, 2.05010000000000e+04, 2.04970000000000e+04, 8.39904627817148e-06]
	RefineElem[5: 7.98820000000000e+04, 2.78340000000000e+04, 2.03090000000000e+04, 2.03120000000000e+04, 8.39904627817148e-06]
	RefineElem[5: 8.00580000000000e+04, 2.77580000000000e+04, 2.03730000000000e+04, 2.77620000000000e+04, 8.39904627817148e-06]
	RefineElem[5: 8.00590000000000e+04, 2.77580000000000e+04, 2.03720000000000e+04, 2.03730000000000e+04, 8.39904627817148e-06]
	RefineElem[5: 8.00630000000000e+04, 2.06720000000000e+04, 2.81780000000000e+04, 2.81770000000000e+04, 8.39904627817148e-06]
	RefineElem[5: 8.00640000000000e+04, 2.81770000000000e+04, 2.06710000000000e+04, 2.06720000000000e+04, 8.39904627817148e-06]
	RefineElem[5: 8.01000000000000e+04, 1.92530000000000e+04, 3.89830000000000e+04, 2.67200000000000e+04, 8.39904627817148e-06]
	RefineElem[5: 8.01010000000000e+04, 2.67200000000000e+04, 1.92480000000000e+04, 1.92530000000000e+04, 8.39904627817148e-06]
	RefineElem[5: 8.01270000000000e+04, 2.79380000000000e+04, 2.04930000000000e+04, 2.79330000000000e+04, 8.39904627817148e-06]
	RefineElem[5: 8.01280000000000e+04, 2.79380000000000e+04, 2.04910000000000e+04, 2.04930000000000e+04, 8.39904627817148e-06]
	RefineElem[5: 8.01340000000000e+04, 2.92280000000000e+04, 2.15290000000000e+04, 2.92260000000000e+04, 8.39904627817148e-06]
	RefineElem[5: 8.01350000000000e+04, 2.92280000000000e+04, 3.92080000000000e+04, 2.15290000000000e+04, 8.39904627817148e-06]
	RefineElem[5: 8.01760000000000e+04, 2.77630000000000e+04, 2.03810000000000e+04, 2.77600000000000e+04, 8.39904627817148e-06]
	RefineElem[5: 8.01770000000000e+04, 2.77630000000000e+04, 3.94410000000000e+04, 2.03810000000000e+04, 8.39904627817148e-06]
	RefineElem[5: 8.02100000000000e+04, 2.14910000000000e+04, 3.91270000000000e+04, 2.90720000000000e+04, 8.39904627817148e-06]
	RefineElem[5: 8.02110000000000e+04, 2.14910000000000e+04, 2.90720000000000e+04, 2.14890000000000e+04, 8.39904627817148e-06]
	RefineElem[5: 8.02160000000000e+04, 2.03710000000000e+04, 2.77670000000000e+04, 2.03690000000000e+04, 8.39904627817148e-06]
	RefineElem[5: 8.02850000000000e+04, 2.88750000000000e+04, 2.12760000000000e+04, 2.88740000000000e+04, 8.39904627817148e-06]
	RefineElem[5: 8.02860000000000e+04, 2.88750000000000e+04, 2.12740000000000e+04, 2.12760000000000e+04, 8.39904627817148e-06]
	RefineElem[5: 8.03020000000000e+04, 2.92300000000000e+04, 2.15310000000000e+04, 2.92380000000000e+04, 8.39904627817148e-06]
	RefineElem[5: 8.03030000000000e+04, 2.92300000000000e+04, 2.15260000000000e+04, 2.15310000000000e+04, 8.39904627817148e-06]
	RefineElem[5: 8.03050000000000e+04, 2.68720000000000e+04, 1.93730000000000e+04, 2.68730000000000e+04, 8.39904627817148e-06]
	RefineElem[5: 8.03060000000000e+04, 2.68720000000000e+04, 1.93740000000000e+04, 1.93730000000000e+04, 8.39904627817148e-06]
	RefineElem[5: 8.13620000000000e+04, 2.06630000000000e+04, 2.81670000000000e+04, 2.81700000000000e+04, 8.39904627817148e-06]
	RefineElem[5: 8.13720000000000e+04, 2.12670000000000e+04, 2.88660000000000e+04, 2.88680000000000e+04, 8.39904627817148e-06]
	RefineElem[5: 8.14140000000000e+04, 2.04970000000000e+04, 2.79310000000000e+04, 2.79280000000000e+04, 8.39904627817148e-06]
	RefineElem[5: 8.14430000000000e+04, 2.03120000000000e+04, 2.78330000000000e+04, 2.78340000000000e+04, 8.39904627817148e-06]
	RefineElem[5: 8.14490000000000e+04, 2.03710000000000e+04, 2.77710000000000e+04, 2.77670000000000e+04, 8.39904627817148e-06]
	RefineElem[5: 8.17710000000000e+04, 2.81690000000000e+04, 2.06670000000000e+04, 2.81730000000000e+04, 8.39904627817148e-06]
	RefineElem[5: 8.17720000000000e+04, 2.81690000000000e+04, 2.06660000000000e+04, 2.06670000000000e+04, 8.39904627817148e-06]
	RefineElem[5: 8.17850000000000e+04, 2.68750000000000e+04, 1.93760000000000e+04, 2.68740000000000e+04, 8.39904627817148e-06]
	RefineElem[5: 8.17860000000000e+04, 2.68750000000000e+04, 1.93750000000000e+04, 1.93760000000000e+04, 8.39904627817148e-06]
	RefineElem[5: 8.17910000000000e+04, 2.79580000000000e+04, 2.04670000000000e+04, 2.79600000000000e+04, 8.39904627817148e-06]
	RefineElem[5: 8.17920000000000e+04, 2.79580000000000e+04, 2.04680000000000e+04, 2.04670000000000e+04, 8.39904627817148e-06]
	RefineElem[5: 8.18080000000000e+04, 2.67350000000000e+04, 1.92420000000000e+04, 2.67340000000000e+04, 8.39904627817148e-06]
	RefineElem[5: 8.18090000000000e+04, 2.67350000000000e+04, 1.92410000000000e+04, 1.92420000000000e+04, 8.39904627817148e-06]
	RefineElem[5: 8.18140000000000e+04, 2.79290000000000e+04, 2.05000000000000e+04, 2.79300000000000e+04, 8.39904627817148e-06]
	RefineElem[5: 8.18150000000000e+04, 2.79290000000000e+04, 2.04980000000000e+04, 2.05000000000000e+04, 8.39904627817148e-06]
	RefineElem[5: 8.18220000000000e+04, 2.78240000000000e+04, 2.06800000000000e+04, 2.78230000000000e+04, 8.39904627817148e-06]
	RefineElem[5: 8.18230000000000e+04, 2.78240000000000e+04, 3.91370000000000e+04, 2.06800000000000e+04, 8.39904627817148e-06]
	RefineElem[5: 4.01970000000000e+04, 3.48060000000000e+04, 3.48110000000000e+04, 3.47450000000000e+04, 8.03973550077936e-06]
	RefineElem[5: 4.01330000000000e+04, 3.48100000000000e+04, 3.48160000000000e+04, 3.47350000000000e+04, 8.02142646604841e-06]
	RefineElem[5: 4.04340000000000e+04, 3.49370000000000e+04, 3.49510000000000e+04, 3.49810000000000e+04, 7.60257962730411e-06]
	RefineElem[5: 4.04730000000000e+04, 3.49860000000000e+04, 3.49800000000000e+04, 3.49280000000000e+04, 7.43503703970949e-06]
	RefineElem[5: 4.01340000000000e+04, 3.47350000000000e+04, 3.47370000000000e+04, 3.48100000000000e+04, 7.38625453638429e-06]
	RefineElem[5: 4.00610000000000e+04, 3.47340000000000e+04, 3.47450000000000e+04, 3.47370000000000e+04, 7.14011552249239e-06]
	RefineElem[5: 4.01980000000000e+04, 3.47450000000000e+04, 3.47340000000000e+04, 3.48060000000000e+04, 7.06376197843392e-06]
	RefineElem[5: 4.04330000000000e+04, 3.49810000000000e+04, 3.49830000000000e+04, 3.49370000000000e+04, 6.01533411305243e-06]
	RefineElem[5: 4.00580000000000e+04, 3.47370000000000e+04, 3.47350000000000e+04, 3.47340000000000e+04, 4.74333826612609e-06]
	RefineElem[5: 4.03700000000000e+04, 3.49280000000000e+04, 3.49510000000000e+04, 3.49370000000000e+04, 4.72809665395722e-06]
	RefineElem[5: 4.03860000000000e+04, 3.49800000000000e+04, 3.49860000000000e+04, 3.49830000000000e+04, 3.72544897900187e-06]
	RefineElem[5: 4.00860000000000e+04, 3.48060000000000e+04, 3.48160000000000e+04, 3.48100000000000e+04, 2.95626891002360e-06]
	RefineElem[5: 4.03660000000000e+04, 3.49370000000000e+04, 3.49380000000000e+04, 3.49280000000000e+04, 2.63225618926185e-06]
	RefineElem[5: 4.03840000000000e+04, 3.49830000000000e+04, 3.49810000000000e+04, 3.49800000000000e+04, 2.60552153062277e-06]
	RefineElem[5: 4.00760000000000e+04, 3.48100000000000e+04, 3.48110000000000e+04, 3.48060000000000e+04, 2.01306525340064e-06]
	RefineElem[5: 7.80220000000000e+04, 1.95140000000000e+04, 1.94450000000000e+04, 1.94120000000000e+04, 1.84578736157237e-06]
	RefineElem[5: 7.83530000000000e+04, 2.31460000000000e+04, 2.26670000000000e+04, 2.26660000000000e+04, 1.82597853974427e-06]
	RefineElem[5: 8.05810000000000e+04, 3.49480000000000e+04, 3.49140000000000e+04, 3.49680000000000e+04, 1.51926654622706e-06]
	RefineElem[5: 4.03650000000000e+04, 3.49330000000000e+04, 3.49340000000000e+04, 3.49300000000000e+04, 1.11123759286596e-06]
	RefineElem[5: 7.82190000000000e+04, 2.31460000000000e+04, 2.26660000000000e+04, 2.32480000000000e+04, 1.00006625135947e-06]
	RefineElem[5: 8.00280000000000e+04, 1.94120000000000e+04, 1.93530000000000e+04, 2.12820000000000e+04, 6.63492274741740e-07]
	RefineElem[5: 8.05450000000000e+04, 3.47910000000000e+04, 3.47830000000000e+04, 3.47250000000000e+04, 6.10060828609028e-07]
	RefineElem[5: 4.00620000000000e+04, 3.47320000000000e+04, 3.47470000000000e+04, 3.47400000000000e+04, 5.01639940345117e-07]
	RefineElem[5: 7.77150000000000e+04, 2.20070000000000e+04, 2.19780000000000e+04, 2.31940000000000e+04, 4.99931361506943e-07]
	RefineElem[5: 2.65020000000000e+04, 2.07660000000000e+04, 2.07540000000000e+04, 2.31950000000000e+04, 4.31215939964214e-07]
	RefineElem[5: 7.83550000000000e+04, 2.26670000000000e+04, 2.31460000000000e+04, 2.31440000000000e+04, 4.17525539235402e-07]
	RefineElem[5: 2.65050000000000e+04, 2.31870000000000e+04, 2.31830000000000e+04, 2.07590000000000e+04, 3.41896350477434e-07]
	RefineElem[5: 2.65830000000000e+04, 2.06960000000000e+04, 2.31460000000000e+04, 2.32480000000000e+04, 3.39988319980086e-07]
	RefineElem[5: 7.77130000000000e+04, 2.19780000000000e+04, 2.20080000000000e+04, 2.31870000000000e+04, 3.39532405978458e-07]
	RefineElem[5: 6.50130000000000e+04, 3.48360000000000e+04, 3.48390000000000e+04, 3.48120000000000e+04, 3.34089897923887e-07]
	RefineElem[5: 7.80230000000000e+04, 1.95150000000000e+04, 1.94120000000000e+04, 1.95160000000000e+04, 3.19424664011974e-07]
	RefineElem[5: 5.97950000000000e+04, 2.38310000000000e+04, 2.19010000000000e+04, 2.38190000000000e+04, 3.14526574468425e-07]
	RefineElem[5: 6.77840000000000e+04, 3.48790000000000e+04, 3.47240000000000e+04, 3.48620000000000e+04, 3.07635848833304e-07]
	RefineElem[5: 7.82180000000000e+04, 2.32480000000000e+04, 2.26660000000000e+04, 2.32380000000000e+04, 2.91738924451475e-07]
	RefineElem[5: 5.96430000000000e+04, 2.27320000000000e+04, 2.26670000000000e+04, 2.27390000000000e+04, 2.53417548391553e-07]
	RefineElem[5: 8.11910000000000e+04, 2.03560000000000e+04, 2.03470000000000e+04, 2.01510000000000e+04, 2.49999498265911e-07]
	RefineElem[5: 7.76670000000000e+04, 1.94450000000000e+04, 1.95140000000000e+04, 2.11330000000000e+04, 2.17448824191790e-07]
	RefineElem[5: 8.11980000000000e+04, 2.06960000000000e+04, 2.01510000000000e+04, 2.02070000000000e+04, 2.14355419233116e-07]
	RefineElem[5: 2.65820000000000e+04, 2.32480000000000e+04, 2.06950000000000e+04, 2.06960000000000e+04, 1.81527520674789e-07]
	RefineElem[5: 4.04220000000000e+04, 3.49300000000000e+04, 3.49340000000000e+04, 3.50040000000000e+04, 1.81085717509150e-07]
	RefineElem[5: 6.50030000000000e+04, 3.47460000000000e+04, 3.47500000000000e+04, 3.47480000000000e+04, 1.56275946973064e-07]
	RefineElem[5: 6.08020000000000e+04, 3.49500000000000e+04, 3.49520000000000e+04, 3.49590000000000e+04, 1.55810499235248e-07]
	RefineElem[5: 4.04840000000000e+04, 3.49490000000000e+04, 3.49940000000000e+04, 3.49960000000000e+04, 1.53361884331303e-07]
	RefineElem[5: 7.80210000000000e+04, 1.94120000000000e+04, 1.95150000000000e+04, 1.95140000000000e+04, 1.48059971450708e-07]
	RefineElem[5: 5.96420000000000e+04, 2.27320000000000e+04, 2.26660000000000e+04, 2.26670000000000e+04, 1.27563940622178e-07]
	RefineElem[5: 6.71810000000000e+04, 2.38310000000000e+04, 2.38190000000000e+04, 2.39690000000000e+04, 1.16659862816637e-07]
	RefineElem[5: 2.65810000000000e+04, 2.08030000000000e+04, 2.31440000000000e+04, 2.31460000000000e+04, 1.10904647738331e-07]
	RefineElem[5: 4.04210000000000e+04, 3.50040000000000e+04, 3.49840000000000e+04, 3.49300000000000e+04, 1.07804643642726e-07]
	RefineElem[5: 5.94910000000000e+04, 2.19010000000000e+04, 2.18440000000000e+04, 2.38190000000000e+04, 1.01765960487947e-07]
	RefineElem[5: 8.00310000000000e+04, 1.94470000000000e+04, 1.94120000000000e+04, 1.94450000000000e+04, 9.99095309697201e-08]
	RefineElem[5: 2.65040000000000e+04, 2.07570000000000e+04, 2.07660000000000e+04, 2.31940000000000e+04, 8.49741794135833e-08]
	RefineElem[5: 4.01490000000000e+04, 3.48640000000000e+04, 3.47810000000000e+04, 3.47830000000000e+04, 8.31756652174579e-08]
	RefineElem[5: 8.00650000000000e+04, 2.12810000000000e+04, 2.12800000000000e+04, 1.94120000000000e+04, 8.20428696381218e-08]
	RefineElem[5: 6.86260000000000e+04, 2.12760000000000e+04, 1.93030000000000e+04, 2.14000000000000e+04, 8.06990093298615e-08]
	RefineElem[5: 7.98450000000000e+04, 2.12730000000000e+04, 1.95160000000000e+04, 1.94120000000000e+04, 7.93771104688546e-08]
	RefineElem[5: 5.97260000000000e+04, 2.20070000000000e+04, 2.31960000000000e+04, 2.32610000000000e+04, 7.89415300339306e-08]
	RefineElem[5: 4.01820000000000e+04, 3.47910000000000e+04, 3.47630000000000e+04, 3.48580000000000e+04, 6.91228183000824e-08]
	RefineElem[5: 7.31440000000000e+04, 2.32860000000000e+04, 2.18360000000000e+04, 2.18380000000000e+04, 6.27929144364045e-08]
	RefineElem[5: 4.04890000000000e+04, 3.50240000000000e+04, 3.49570000000000e+04, 3.49480000000000e+04, 6.16818350858254e-08]
	RefineElem[5: 8.00300000000000e+04, 1.94120000000000e+04, 2.12800000000000e+04, 2.12760000000000e+04, 6.12911345403328e-08]
	RefineElem[5: 6.53630000000000e+04, 3.47250000000000e+04, 3.47630000000000e+04, 3.47910000000000e+04, 5.79547149361953e-08]
	RefineElem[5: 4.04830000000000e+04, 3.49960000000000e+04, 3.49330000000000e+04, 3.49490000000000e+04, 5.58373708285505e-08]
	RefineElem[5: 8.13800000000000e+04, 2.58100000000000e+04, 2.44350000000000e+04, 2.45370000000000e+04, 5.46225902865256e-08]
	RefineElem[5: 4.04180000000000e+04, 3.49680000000000e+04, 3.49740000000000e+04, 3.50060000000000e+04, 5.35295458742036e-08]
	RefineElem[5: 2.42170000000000e+04, 1.95150000000000e+04, 2.07660000000000e+04, 2.07570000000000e+04, 5.28663244815052e-08]
	RefineElem[5: 6.42940000000000e+04, 3.88140000000000e+04, 2.27340000000000e+04, 2.30570000000000e+04, 5.25377907623685e-08]
	RefineElem[5: 6.50310000000000e+04, 3.49260000000000e+04, 3.50110000000000e+04, 3.50230000000000e+04, 5.09956340740768e-08]
	RefineElem[5: 4.03870000000000e+04, 3.49960000000000e+04, 3.49940000000000e+04, 3.49840000000000e+04, 5.01807634074633e-08]
	RefineElem[5: 4.03690000000000e+04, 3.49300000000000e+04, 3.49490000000000e+04, 3.49330000000000e+04, 5.00825079443401e-08]
	RefineElem[5: 2.65030000000000e+04, 2.31940000000000e+04, 2.31870000000000e+04, 2.07570000000000e+04, 4.95341591403650e-08]
	RefineElem[5: 6.40380000000000e+04, 2.07220000000000e+04, 2.07230000000000e+04, 2.07320000000000e+04, 4.78826236513411e-08]
	RefineElem[5: 7.72140000000000e+04, 2.18440000000000e+04, 2.19780000000000e+04, 2.18380000000000e+04, 4.64300155434541e-08]
	RefineElem[5: 8.12050000000000e+04, 2.03530000000000e+04, 2.03540000000000e+04, 2.01510000000000e+04, 4.64216039379659e-08]
	RefineElem[5: 7.83520000000000e+04, 2.31440000000000e+04, 2.26090000000000e+04, 2.26670000000000e+04, 4.59722843400886e-08]
	RefineElem[5: 3.08490000000000e+04, 2.67450000000000e+04, 2.67360000000000e+04, 2.42500000000000e+04, 3.98287781176510e-08]
	RefineElem[5: 6.72500000000000e+04, 2.30550000000000e+04, 2.27320000000000e+04, 2.27390000000000e+04, 3.84416747215977e-08]
	RefineElem[5: 2.69200000000000e+04, 2.16990000000000e+04, 2.16900000000000e+04, 1.92250000000000e+04, 3.79793395475382e-08]
	RefineElem[5: 8.00270000000000e+04, 1.94050000000000e+04, 1.93530000000000e+04, 1.94120000000000e+04, 3.65902277862710e-08]
	RefineElem[5: 7.60700000000000e+04, 8.52200000000000e+03, 7.42100000000000e+03, 9.63000000000000e+03, 3.54161813714759e-08]
	RefineElem[5: 4.03830000000000e+04, 3.49740000000000e+04, 3.49680000000000e+04, 3.49140000000000e+04, 3.44879836349733e-08]
	RefineElem[5: 7.83620000000000e+04, 2.44680000000000e+04, 2.44350000000000e+04, 2.61770000000000e+04, 3.20095766583850e-08]
	RefineElem[5: 7.82790000000000e+04, 9.63200000000000e+03, 7.39100000000000e+03, 7.41000000000000e+03, 2.93862299406978e-08]
	RefineElem[5: 2.71080000000000e+04, 2.28740000000000e+04, 2.28870000000000e+04, 2.04890000000000e+04, 2.89954054172763e-08]
	RefineElem[5: 6.45280000000000e+04, 2.57660000000000e+04, 2.57670000000000e+04, 2.57760000000000e+04, 2.78194433416221e-08]
	RefineElem[5: 7.93530000000000e+04, 2.38200000000000e+04, 2.38190000000000e+04, 2.18440000000000e+04, 2.67600136190910e-08]
	RefineElem[5: 8.00290000000000e+04, 1.94470000000000e+04, 1.94050000000000e+04, 1.94120000000000e+04, 2.63193752425036e-08]
	RefineElem[5: 8.03980000000000e+04, 2.20060000000000e+04, 2.18360000000000e+04, 2.32840000000000e+04, 2.39829345546681e-08]
	RefineElem[5: 6.70700000000000e+04, 2.03480000000000e+04, 2.03470000000000e+04, 2.03560000000000e+04, 2.36679690997264e-08]
	RefineElem[5: 4.04230000000000e+04, 3.49840000000000e+04, 3.49970000000000e+04, 3.49310000000000e+04, 2.36131378144557e-08]
	RefineElem[5: 7.83570000000000e+04, 2.57990000000000e+04, 2.44350000000000e+04, 2.58010000000000e+04, 2.33647162645275e-08]
	RefineElem[5: 4.02690000000000e+04, 3.48130000000000e+04, 3.84940000000000e+04, 3.48180000000000e+04, 2.30952508366740e-08]
	RefineElem[5: 2.65010000000000e+04, 2.31950000000000e+04, 2.31940000000000e+04, 2.07660000000000e+04, 2.30635960070902e-08]
	RefineElem[5: 8.11990000000000e+04, 2.02070000000000e+04, 2.08030000000000e+04, 2.06960000000000e+04, 2.24336919715580e-08]
	RefineElem[5: 6.72780000000000e+04, 2.30570000000000e+04, 2.30550000000000e+04, 2.27390000000000e+04, 2.23614035633834e-08]
	RefineElem[5: 3.10770000000000e+04, 2.79230000000000e+04, 2.79360000000000e+04, 2.55320000000000e+04, 2.19832222928671e-08]
	RefineElem[5: 2.65840000000000e+04, 2.31460000000000e+04, 2.06960000000000e+04, 2.08030000000000e+04, 2.19604022402570e-08]
	RefineElem[5: 6.07880000000000e+04, 3.47220000000000e+04, 3.48640000000000e+04, 3.48620000000000e+04, 2.13263733766999e-08]
	RefineElem[5: 7.65340000000000e+04, 2.18380000000000e+04, 2.20070000000000e+04, 2.32960000000000e+04, 2.00186660511413e-08]
	RefineElem[5: 7.72730000000000e+04, 2.25060000000000e+04, 2.26650000000000e+04, 2.26080000000000e+04, 1.98165945119452e-08]
	RefineElem[5: 2.72300000000000e+04, 2.18440000000000e+04, 2.18380000000000e+04, 3.87460000000000e+04, 1.96142445347376e-08]
	RefineElem[5: 5.97140000000000e+04, 2.31940000000000e+04, 2.31950000000000e+04, 2.20070000000000e+04, 1.92750994835101e-08]
	RefineElem[5: 7.87730000000000e+04, 8.72200000000000e+03, 7.55600000000000e+03, 1.00090000000000e+04, 1.80888749908439e-08]
	RefineElem[5: 8.05430000000000e+04, 3.47230000000000e+04, 3.47250000000000e+04, 3.47830000000000e+04, 1.79763327968018e-08]
	RefineElem[5: 7.31580000000000e+04, 2.19380000000000e+04, 2.19790000000000e+04, 2.20080000000000e+04, 1.76077303972600e-08]
	RefineElem[5: 4.04750000000000e+04, 3.49850000000000e+04, 3.49290000000000e+04, 3.49280000000000e+04, 1.68052662623786e-08]
	RefineElem[5: 4.03710000000000e+04, 3.49520000000000e+04, 3.49580000000000e+04, 3.49590000000000e+04, 1.67329135681596e-08]
	RefineElem[5: 7.60790000000000e+04, 9.63000000000000e+03, 7.41000000000000e+03, 8.52200000000000e+03, 1.63745504169276e-08]
	RefineElem[5: 2.42420000000000e+04, 2.08380000000000e+04, 1.95160000000000e+04, 1.95170000000000e+04, 1.62670410585491e-08]
	RefineElem[5: 7.76680000000000e+04, 2.11330000000000e+04, 1.95080000000000e+04, 1.94450000000000e+04, 1.59895017177999e-08]
	RefineElem[5: 6.53690000000000e+04, 2.18630000000000e+04, 2.18590000000000e+04, 2.19010000000000e+04, 1.56672268562947e-08]
	RefineElem[5: 6.08190000000000e+04, 3.49260000000000e+04, 3.50240000000000e+04, 3.50110000000000e+04, 1.51507320553271e-08]
	RefineElem[5: 5.93630000000000e+04, 1.95160000000000e+04, 2.07540000000000e+04, 2.07660000000000e+04, 1.49192844532127e-08]
	RefineElem[5: 6.50060000000000e+04, 3.47480000000000e+04, 3.47500000000000e+04, 3.47770000000000e+04, 1.48730195123897e-08]
	RefineElem[5: 7.95870000000000e+04, 2.38310000000000e+04, 2.38290000000000e+04, 2.19010000000000e+04, 1.42386078180030e-08]
	RefineElem[5: 8.00950000000000e+04, 2.27400000000000e+04, 2.27390000000000e+04, 2.26670000000000e+04, 1.42303476642348e-08]
	RefineElem[5: 2.64750000000000e+04, 2.32210000000000e+04, 2.32200000000000e+04, 2.07230000000000e+04, 1.40878177879767e-08]
	RefineElem[5: 8.01110000000000e+04, 2.27320000000000e+04, 2.27270000000000e+04, 2.26660000000000e+04, 1.40044403325176e-08]
	RefineElem[5: 6.39120000000000e+04, 2.12760000000000e+04, 2.12800000000000e+04, 1.93030000000000e+04, 1.36197604356697e-08]
	RefineElem[5: 7.80560000000000e+04, 2.22280000000000e+04, 2.23780000000000e+04, 1.99080000000000e+04, 1.34388986724796e-08]
	RefineElem[5: 8.03170000000000e+04, 2.31300000000000e+04, 2.30640000000000e+04, 2.28920000000000e+04, 1.27729875200703e-08]
	RefineElem[5: 2.69250000000000e+04, 1.92350000000000e+04, 1.92260000000000e+04, 2.16900000000000e+04, 1.22189195921478e-08]
	RefineElem[5: 3.08540000000000e+04, 2.42600000000000e+04, 2.42510000000000e+04, 2.67360000000000e+04, 1.19337469686159e-08]
	RefineElem[5: 5.97360000000000e+04, 2.32960000000000e+04, 2.20070000000000e+04, 2.32880000000000e+04, 1.19071905346103e-08]
	RefineElem[5: 8.11880000000000e+04, 2.02370000000000e+04, 2.02070000000000e+04, 2.01510000000000e+04, 1.16476927490116e-08]
	RefineElem[5: 2.42180000000000e+04, 2.07570000000000e+04, 1.95140000000000e+04, 1.95150000000000e+04, 1.13559662861370e-08]
	RefineElem[5: 7.82220000000000e+04, 2.26650000000000e+04, 2.25060000000000e+04, 2.26660000000000e+04, 1.12927223854652e-08]
	RefineElem[5: 7.15820000000000e+04, 2.82100000000000e+03, 6.82000000000000e+02, 1.88800000000000e+03, 1.12889948008323e-08]
	RefineElem[5: 7.83580000000000e+04, 2.61800000000000e+04, 2.44350000000000e+04, 2.58000000000000e+04, 1.10743337548976e-08]
	RefineElem[5: 7.72710000000000e+04, 2.32360000000000e+04, 2.25270000000000e+04, 2.25060000000000e+04, 1.10526050180310e-08]
	RefineElem[5: 2.45690000000000e+04, 2.19020000000000e+04, 2.19010000000000e+04, 2.18590000000000e+04, 1.09569502977986e-08]
	RefineElem[5: 7.93670000000000e+04, 9.71400000000000e+03, 7.52800000000000e+03, 9.68500000000000e+03, 1.04036841833989e-08]
	RefineElem[5: 7.93450000000000e+04, 2.32210000000000e+04, 2.32100000000000e+04, 2.32080000000000e+04, 1.02715174462528e-08]
	RefineElem[5: 4.03890000000000e+04, 3.49840000000000e+04, 3.50040000000000e+04, 3.49960000000000e+04, 1.01893085788744e-08]
	RefineElem[5: 4.01850000000000e+04, 3.48360000000000e+04, 3.48770000000000e+04, 3.47380000000000e+04, 1.00995360937061e-08]
	RefineElem[5: 7.72720000000000e+04, 2.26080000000000e+04, 2.26650000000000e+04, 2.31260000000000e+04, 1.00040968261241e-08]
	RefineElem[5: 2.42080000000000e+04, 1.95160000000000e+04, 2.07530000000000e+04, 2.07540000000000e+04, 9.87493443291591e-09]
	RefineElem[5: 5.94900000000000e+04, 2.38230000000000e+04, 2.18380000000000e+04, 2.18390000000000e+04, 9.81787636810081e-09]
	RefineElem[5: 6.73160000000000e+04, 2.31930000000000e+04, 2.20080000000000e+04, 2.37220000000000e+04, 9.79055994781358e-09]
	RefineElem[5: 7.98410000000000e+04, 1.93620000000000e+04, 1.95160000000000e+04, 1.93040000000000e+04, 9.35863119657840e-09]
	RefineElem[5: 6.03760000000000e+04, 2.70490000000000e+04, 2.82460000000000e+04, 2.83110000000000e+04, 9.33250021998573e-09]
	RefineElem[5: 7.87740000000000e+04, 1.00090000000000e+04, 1.24660000000000e+04, 8.72200000000000e+03, 9.00118621646282e-09]
	RefineElem[5: 7.77140000000000e+04, 2.31870000000000e+04, 2.31940000000000e+04, 2.19780000000000e+04, 8.75793530523077e-09]
	RefineElem[5: 8.12070000000000e+04, 2.38290000000000e+04, 2.38280000000000e+04, 2.19010000000000e+04, 8.65736286811889e-09]
	RefineElem[5: 4.01440000000000e+04, 3.47320000000000e+04, 3.48120000000000e+04, 3.48390000000000e+04, 8.52609475181567e-09]
	RefineElem[5: 4.03630000000000e+04, 3.49280000000000e+04, 3.49290000000000e+04, 3.49300000000000e+04, 8.48051806991815e-09]
	RefineElem[5: 4.01430000000000e+04, 3.48390000000000e+04, 3.47470000000000e+04, 3.47320000000000e+04, 8.31931978177171e-09]
	RefineElem[5: 8.05790000000000e+04, 3.49270000000000e+04, 3.49140000000000e+04, 3.49480000000000e+04, 8.21437222267658e-09]
	RefineElem[5: 4.01300000000000e+04, 3.47480000000000e+04, 3.47640000000000e+04, 3.48140000000000e+04, 8.13370079566117e-09]
	RefineElem[5: 2.71070000000000e+04, 2.28740000000000e+04, 2.04900000000000e+04, 2.04990000000000e+04, 7.96010343712290e-09]
	RefineElem[5: 7.31590000000000e+04, 2.20080000000000e+04, 2.19790000000000e+04, 2.37250000000000e+04, 7.95201444996304e-09]
	RefineElem[5: 7.84910000000000e+04, 7.12000000000000e+02, 2.15500000000000e+03, 3.11800000000000e+03, 7.80599100087147e-09]
	RefineElem[5: 7.51830000000000e+04, 2.20080000000000e+04, 2.19020000000000e+04, 2.19380000000000e+04, 7.55062283118254e-09]
	RefineElem[5: 4.03640000000000e+04, 3.49300000000000e+04, 3.49310000000000e+04, 3.49280000000000e+04, 7.45846662004797e-09]
	RefineElem[5: 8.11930000000000e+04, 2.01510000000000e+04, 2.02790000000000e+04, 2.03530000000000e+04, 7.41210402018145e-09]
	RefineElem[5: 2.64760000000000e+04, 2.07230000000000e+04, 2.07220000000000e+04, 2.32210000000000e+04, 7.37548897933046e-09]
	RefineElem[5: 2.64580000000000e+04, 2.07180000000000e+04, 2.07120000000000e+04, 2.32320000000000e+04, 7.26567681681220e-09]
	RefineElem[5: 2.42410000000000e+04, 2.07530000000000e+04, 1.95160000000000e+04, 2.08460000000000e+04, 7.11746085101820e-09]
	RefineElem[5: 8.14880000000000e+04, 2.70500000000000e+04, 2.88750000000000e+04, 2.69430000000000e+04, 7.11302565163229e-09]
	RefineElem[5: 6.45010000000000e+04, 2.53980000000000e+04, 2.53900000000000e+04, 2.53190000000000e+04, 7.00582313479744e-09]
	RefineElem[5: 7.51310000000000e+04, 1.93030000000000e+04, 2.12790000000000e+04, 2.14200000000000e+04, 6.72936382196412e-09]
	RefineElem[5: 6.41640000000000e+04, 2.19020000000000e+04, 2.19080000000000e+04, 2.19390000000000e+04, 6.48780469152318e-09]
	RefineElem[5: 4.01860000000000e+04, 3.47380000000000e+04, 3.47400000000000e+04, 3.48360000000000e+04, 6.40900173423524e-09]
	RefineElem[5: 2.72290000000000e+04, 3.87460000000000e+04, 2.38200000000000e+04, 2.18440000000000e+04, 6.36150888772920e-09]
	RefineElem[5: 4.04700000000000e+04, 3.49590000000000e+04, 3.49580000000000e+04, 3.49920000000000e+04, 6.34792238704179e-09]
	RefineElem[5: 4.04240000000000e+04, 3.49310000000000e+04, 3.49300000000000e+04, 3.49840000000000e+04, 6.31244816391060e-09]
	RefineElem[5: 7.93430000000000e+04, 2.07250000000000e+04, 2.07320000000000e+04, 2.07210000000000e+04, 6.27727624876250e-09]
	RefineElem[5: 4.04760000000000e+04, 3.49280000000000e+04, 3.49800000000000e+04, 3.49850000000000e+04, 6.26952395389375e-09]
	RefineElem[5: 2.40450000000000e+04, 2.01510000000000e+04, 2.01080000000000e+04, 2.01090000000000e+04, 6.19698284208871e-09]
	RefineElem[5: 6.40360000000000e+04, 2.01510000000000e+04, 2.06950000000000e+04, 2.07050000000000e+04, 6.15190529309846e-09]
	RefineElem[5: 7.51810000000000e+04, 2.19020000000000e+04, 2.20080000000000e+04, 2.19780000000000e+04, 6.11487011910136e-09]
	RefineElem[5: 7.65330000000000e+04, 2.20070000000000e+04, 2.18380000000000e+04, 2.19780000000000e+04, 6.10076007580979e-09]
	RefineElem[5: 7.51820000000000e+04, 2.19390000000000e+04, 2.19380000000000e+04, 2.19020000000000e+04, 6.05425818709334e-09]
	RefineElem[5: 7.77320000000000e+04, 2.01130000000000e+04, 2.00300000000000e+04, 2.01890000000000e+04, 6.02663825756937e-09]
	RefineElem[5: 7.65370000000000e+04, 2.07890000000000e+04, 2.07900000000000e+04, 2.31800000000000e+04, 5.97368853971250e-09]
	RefineElem[5: 8.00660000000000e+04, 2.38230000000000e+04, 2.38210000000000e+04, 2.18380000000000e+04, 5.96195686031838e-09]
	RefineElem[5: 7.72390000000000e+04, 2.22280000000000e+04, 1.99080000000000e+04, 1.97590000000000e+04, 5.87493323073493e-09]
	RefineElem[5: 2.71040000000000e+04, 2.04990000000000e+04, 2.14860000000000e+04, 2.40150000000000e+04, 5.71620891688741e-09]
	RefineElem[5: 3.04320000000000e+04, 2.58100000000000e+04, 2.57980000000000e+04, 2.82450000000000e+04, 5.61804998111897e-09]
	RefineElem[5: 3.04310000000000e+04, 2.82450000000000e+04, 2.82440000000000e+04, 2.58100000000000e+04, 5.52900005935327e-09]
	RefineElem[5: 3.04060000000000e+04, 2.57670000000000e+04, 2.57660000000000e+04, 2.82710000000000e+04, 5.49474833053812e-09]
	RefineElem[5: 7.87770000000000e+04, 7.18100000000000e+03, 1.24660000000000e+04, 1.00090000000000e+04, 5.41502408928591e-09]
	RefineElem[5: 3.10760000000000e+04, 2.79230000000000e+04, 2.55330000000000e+04, 2.55430000000000e+04, 5.30001808750168e-09]
	RefineElem[5: 7.82770000000000e+04, 9.67200000000000e+03, 7.39100000000000e+03, 9.62700000000000e+03, 5.29347959383879e-09]
	RefineElem[5: 6.70710000000000e+04, 2.03560000000000e+04, 2.06000000000000e+04, 2.03480000000000e+04, 5.27313248208551e-09]
	RefineElem[5: 7.94080000000000e+04, 1.02090000000000e+04, 1.16060000000000e+04, 1.02070000000000e+04, 5.19762018176168e-09]
	RefineElem[5: 8.11840000000000e+04, 2.12820000000000e+04, 2.12810000000000e+04, 1.94120000000000e+04, 5.11714151705946e-09]
	RefineElem[5: 8.11890000000000e+04, 2.02740000000000e+04, 2.02370000000000e+04, 2.01510000000000e+04, 5.11475894201624e-09]
	RefineElem[5: 6.77810000000000e+04, 3.47240000000000e+04, 3.48790000000000e+04, 3.48580000000000e+04, 5.08855486307953e-09]
	RefineElem[5: 4.03900000000000e+04, 3.49800000000000e+04, 3.49970000000000e+04, 3.49840000000000e+04, 5.07293819018426e-09]
	RefineElem[5: 5.96410000000000e+04, 2.31290000000000e+04, 2.26650000000000e+04, 2.27290000000000e+04, 4.99868979995110e-09]
	RefineElem[5: 7.82420000000000e+04, 2.51410000000000e+04, 2.53220000000000e+04, 2.53210000000000e+04, 4.91718326805866e-09]
	RefineElem[5: 7.77380000000000e+04, 2.36250000000000e+04, 2.25060000000000e+04, 2.26080000000000e+04, 4.87832649056295e-09]
	RefineElem[5: 6.50270000000000e+04, 3.50230000000000e+04, 3.50060000000000e+04, 3.49150000000000e+04, 4.85774215059210e-09]
	RefineElem[5: 7.82150000000000e+04, 2.01890000000000e+04, 2.02410000000000e+04, 2.01160000000000e+04, 4.81595794662732e-09]
	RefineElem[5: 4.03850000000000e+04, 3.49840000000000e+04, 3.49850000000000e+04, 3.49800000000000e+04, 4.51521057056957e-09]
	RefineElem[5: 2.65600000000000e+04, 2.07950000000000e+04, 2.07940000000000e+04, 2.31550000000000e+04, 4.49059678645875e-09]
	RefineElem[5: 8.02340000000000e+04, 2.25370000000000e+04, 2.26620000000000e+04, 2.03740000000000e+04, 4.46278147447098e-09]
	RefineElem[5: 8.12130000000000e+04, 2.27370000000000e+04, 2.27400000000000e+04, 2.26670000000000e+04, 4.43835220693599e-09]
	RefineElem[5: 6.50090000000000e+04, 3.47790000000000e+04, 3.47590000000000e+04, 3.47870000000000e+04, 4.43666279573891e-09]
	RefineElem[5: 7.93360000000000e+04, 2.57690000000000e+04, 2.57760000000000e+04, 2.57650000000000e+04, 4.42061914452248e-09]
	RefineElem[5: 5.97830000000000e+04, 2.19790000000000e+04, 2.20120000000000e+04, 2.37250000000000e+04, 4.36214104729796e-09]
	RefineElem[5: 8.11900000000000e+04, 2.01510000000000e+04, 2.02720000000000e+04, 2.02740000000000e+04, 4.35014128934440e-09]
	RefineElem[5: 5.93620000000000e+04, 2.07660000000000e+04, 1.95150000000000e+04, 1.95160000000000e+04, 4.33478057875609e-09]
	RefineElem[5: 8.03160000000000e+04, 2.27260000000000e+04, 2.30640000000000e+04, 3.88190000000000e+04, 4.30871032217096e-09]
	RefineElem[5: 2.42120000000000e+04, 2.07550000000000e+04, 1.95140000000000e+04, 2.07570000000000e+04, 4.28196104291329e-09]
	RefineElem[5: 7.71450000000000e+04, 2.08140000000000e+04, 1.94130000000000e+04, 1.95950000000000e+04, 4.27080382824051e-09]
	RefineElem[5: 3.04050000000000e+04, 2.82710000000000e+04, 2.82700000000000e+04, 2.57670000000000e+04, 4.25541829068780e-09]
	RefineElem[5: 7.50160000000000e+04, 2.07180000000000e+04, 2.07170000000000e+04, 2.00190000000000e+04, 4.19264542439675e-09]
	RefineElem[5: 4.21100000000000e+04, 3.60690000000000e+04, 3.60760000000000e+04, 3.60190000000000e+04, 4.13983660905862e-09]
	RefineElem[5: 8.11960000000000e+04, 2.03450000000000e+04, 2.02720000000000e+04, 2.01510000000000e+04, 4.12533598076607e-09]
	RefineElem[5: 7.83800000000000e+04, 3.64800000000000e+03, 3.60900000000000e+03, 3.62600000000000e+03, 4.11990898649880e-09]
	RefineElem[5: 4.02960000000000e+04, 3.47830000000000e+04, 3.47810000000000e+04, 3.47230000000000e+04, 4.08949492631140e-09]
	RefineElem[5: 3.10730000000000e+04, 2.55430000000000e+04, 2.65320000000000e+04, 2.90700000000000e+04, 4.08798959213952e-09]
	RefineElem[5: 7.72650000000000e+04, 2.25370000000000e+04, 2.23780000000000e+04, 2.24230000000000e+04, 4.05421452824872e-09]
	RefineElem[5: 4.04370000000000e+04, 3.49880000000000e+04, 3.49870000000000e+04, 3.49520000000000e+04, 4.04867596636233e-09]
	RefineElem[5: 7.50430000000000e+04, 2.08030000000000e+04, 2.02070000000000e+04, 2.02110000000000e+04, 4.03534774557590e-09]
	RefineElem[5: 8.11970000000000e+04, 2.06950000000000e+04, 2.01510000000000e+04, 2.06960000000000e+04, 4.03106613028154e-09]
	RefineElem[5: 7.91880000000000e+04, 2.04750000000000e+04, 2.03600000000000e+04, 2.04440000000000e+04, 4.02429686675883e-09]
	RefineElem[5: 7.81690000000000e+04, 1.12610000000000e+04, 1.00580000000000e+04, 1.00110000000000e+04, 3.99358207262126e-09]
	RefineElem[5: 2.71060000000000e+04, 2.04990000000000e+04, 2.28750000000000e+04, 2.28740000000000e+04, 3.98695992142345e-09]
	RefineElem[5: 7.85280000000000e+04, 1.00000000000000e+04, 1.00570000000000e+04, 1.13300000000000e+04, 3.97913995037960e-09]
	RefineElem[5: 6.91260000000000e+04, 2.82410000000000e+04, 2.87700000000000e+04, 2.87690000000000e+04, 3.97169054037223e-09]
	RefineElem[5: 4.02010000000000e+04, 3.48180000000000e+04, 3.48170000000000e+04, 3.47650000000000e+04, 3.94897398073231e-09]
	RefineElem[5: 3.10750000000000e+04, 2.55430000000000e+04, 2.79240000000000e+04, 2.79230000000000e+04, 3.88736915456599e-09]
	RefineElem[5: 6.97090000000000e+04, 2.38250000000000e+04, 2.39370000000000e+04, 2.17130000000000e+04, 3.87449961554979e-09]
	RefineElem[5: 7.65880000000000e+04, 2.26310000000000e+04, 2.25370000000000e+04, 2.25240000000000e+04, 3.86928831085656e-09]
	RefineElem[5: 2.65610000000000e+04, 2.31550000000000e+04, 2.31540000000000e+04, 2.07950000000000e+04, 3.85552428275459e-09]
	RefineElem[5: 7.77340000000000e+04, 2.23780000000000e+04, 2.25370000000000e+04, 2.00300000000000e+04, 3.79461155288847e-09]
	RefineElem[5: 2.64570000000000e+04, 2.32320000000000e+04, 2.32310000000000e+04, 2.07180000000000e+04, 3.75434381645500e-09]
	RefineElem[5: 7.80900000000000e+04, 2.81960000000000e+04, 2.77150000000000e+04, 2.82980000000000e+04, 3.73998119054451e-09]
	RefineElem[5: 8.11940000000000e+04, 2.03470000000000e+04, 2.03440000000000e+04, 2.01510000000000e+04, 3.73930815406793e-09]
	RefineElem[5: 8.13830000000000e+04, 2.43870000000000e+04, 2.45370000000000e+04, 2.43290000000000e+04, 3.72599884627619e-09]
	RefineElem[5: 5.97250000000000e+04, 2.32610000000000e+04, 2.32690000000000e+04, 2.20070000000000e+04, 3.65193392545573e-09]
	RefineElem[5: 8.12520000000000e+04, 1.93670000000000e+04, 1.95160000000000e+04, 1.93650000000000e+04, 3.59048439053178e-09]
	RefineElem[5: 8.13810000000000e+04, 2.63180000000000e+04, 2.45370000000000e+04, 2.44350000000000e+04, 3.53684547245509e-09]
	RefineElem[5: 7.98420000000000e+04, 1.95170000000000e+04, 1.95160000000000e+04, 1.93670000000000e+04, 3.53107390029026e-09]
	RefineElem[5: 8.12410000000000e+04, 2.03570000000000e+04, 2.02790000000000e+04, 2.06750000000000e+04, 3.52549350101159e-09]
	RefineElem[5: 6.95330000000000e+04, 3.93150000000000e+04, 2.14000000000000e+04, 2.13890000000000e+04, 3.50943192334929e-09]
	RefineElem[5: 4.00590000000000e+04, 3.47400000000000e+04, 3.47380000000000e+04, 3.47320000000000e+04, 3.50788164923349e-09]
	RefineElem[5: 7.72120000000000e+04, 2.19010000000000e+04, 2.19020000000000e+04, 2.18440000000000e+04, 3.50718498923564e-09]
	RefineElem[5: 6.87510000000000e+04, 2.12700000000000e+04, 2.13870000000000e+04, 1.92240000000000e+04, 3.50593308802546e-09]
	RefineElem[5: 6.88750000000000e+04, 2.39680000000000e+04, 2.39690000000000e+04, 3.87080000000000e+04, 3.48861738330427e-09]
	RefineElem[5: 2.69280000000000e+04, 2.16770000000000e+04, 1.92440000000000e+04, 1.92350000000000e+04, 3.45601978267673e-09]
	RefineElem[5: 6.71290000000000e+04, 2.11400000000000e+04, 2.11390000000000e+04, 2.11380000000000e+04, 3.44864281241081e-09]
	RefineElem[5: 6.02920000000000e+04, 2.77800000000000e+04, 2.77170000000000e+04, 2.77870000000000e+04, 3.44031990374337e-09]
	RefineElem[5: 8.11950000000000e+04, 2.03440000000000e+04, 2.03450000000000e+04, 2.01510000000000e+04, 3.39899814726269e-09]
	RefineElem[5: 6.08010000000000e+04, 3.49270000000000e+04, 3.49480000000000e+04, 3.49570000000000e+04, 3.39760661077156e-09]
	RefineElem[5: 5.96340000000000e+04, 2.26720000000000e+04, 2.26710000000000e+04, 2.26670000000000e+04, 3.39476933823655e-09]
	RefineElem[5: 7.67580000000000e+04, 2.77120000000000e+04, 2.76570000000000e+04, 2.75710000000000e+04, 3.34823689747422e-09]
	RefineElem[5: 8.14770000000000e+04, 2.83360000000000e+04, 2.68800000000000e+04, 2.70490000000000e+04, 3.26064482866549e-09]
	RefineElem[5: 7.81190000000000e+04, 1.81100000000000e+03, 6.80000000000000e+02, 7.12000000000000e+02, 3.24527476391409e-09]
	RefineElem[5: 6.97100000000000e+04, 2.17130000000000e+04, 2.17820000000000e+04, 2.38250000000000e+04, 3.23671197330519e-09]
	RefineElem[5: 5.60040000000000e+04, 3.95100000000000e+04, 3.83210000000000e+04, 3.94980000000000e+04, 3.16028287905512e-09]
	RefineElem[5: 6.70690000000000e+04, 2.03560000000000e+04, 3.92400000000000e+04, 2.06000000000000e+04, 3.13859156411649e-09]
	RefineElem[5: 7.04680000000000e+04, 2.91990000000000e+04, 2.70360000000000e+04, 2.91680000000000e+04, 3.13302576656652e-09]
	RefineElem[5: 2.69230000000000e+04, 1.92250000000000e+04, 1.92160000000000e+04, 2.16990000000000e+04, 3.13186489784155e-09]
	RefineElem[5: 5.93720000000000e+04, 2.08020000000000e+04, 2.08040000000000e+04, 2.01450000000000e+04, 3.12482077547891e-09]
	RefineElem[5: 7.51190000000000e+04, 1.97230000000000e+04, 2.07530000000000e+04, 2.08540000000000e+04, 3.10959090235021e-09]
	RefineElem[5: 7.80320000000000e+04, 2.02410000000000e+04, 2.02810000000000e+04, 2.10700000000000e+04, 3.10613175590699e-09]
	RefineElem[5: 2.51010000000000e+04, 2.31950000000000e+04, 2.31960000000000e+04, 2.20070000000000e+04, 3.06339702261763e-09]
	RefineElem[5: 7.84140000000000e+04, 1.00010000000000e+04, 1.00580000000000e+04, 1.12760000000000e+04, 3.02921635147593e-09]
	RefineElem[5: 5.98000000000000e+04, 2.39580000000000e+04, 2.18080000000000e+04, 2.17740000000000e+04, 3.01733997105987e-09]
	RefineElem[5: 4.00820000000000e+04, 3.48560000000000e+04, 3.48570000000000e+04, 3.47180000000000e+04, 3.01322047004541e-09]
	RefineElem[5: 3.04900000000000e+04, 2.58390000000000e+04, 2.58380000000000e+04, 2.82050000000000e+04, 2.97460285709642e-09]
	RefineElem[5: 4.05160000000000e+04, 3.50030000000000e+04, 3.74310000000000e+04, 3.49880000000000e+04, 2.97190274554109e-09]
	RefineElem[5: 8.12250000000000e+04, 2.27270000000000e+04, 2.26650000000000e+04, 2.26660000000000e+04, 2.93083949058912e-09]
	RefineElem[5: 6.88740000000000e+04, 3.87080000000000e+04, 2.38240000000000e+04, 2.39680000000000e+04, 2.85900900716180e-09]
	RefineElem[5: 8.00570000000000e+04, 2.12760000000000e+04, 2.12740000000000e+04, 1.94120000000000e+04, 2.81282987358303e-09]
	RefineElem[5: 4.04080000000000e+04, 3.49710000000000e+04, 3.49670000000000e+04, 3.50250000000000e+04, 2.77553350128787e-09]
	RefineElem[5: 7.09870000000000e+04, 2.03500000000000e+04, 2.06100000000000e+04, 2.04660000000000e+04, 2.76268470917313e-09]
	RefineElem[5: 2.64460000000000e+04, 2.07080000000000e+04, 2.07070000000000e+04, 2.32370000000000e+04, 2.75133752831038e-09]
	RefineElem[5: 7.80680000000000e+04, 2.44360000000000e+04, 2.45380000000000e+04, 2.46140000000000e+04, 2.74938729204406e-09]
	RefineElem[5: 7.15860000000000e+04, 6.82000000000000e+02, 2.83100000000000e+03, 5.91200000000000e+03, 2.71374249326580e-09]
	RefineElem[5: 6.42920000000000e+04, 2.30560000000000e+04, 2.27280000000000e+04, 3.88240000000000e+04, 2.68650979947301e-09]
	RefineElem[5: 3.04910000000000e+04, 2.82050000000000e+04, 2.82040000000000e+04, 2.58390000000000e+04, 2.64997082714212e-09]
	RefineElem[5: 7.54390000000000e+04, 2.57620000000000e+04, 2.57610000000000e+04, 2.50480000000000e+04, 2.64938254887850e-09]
	RefineElem[5: 6.02910000000000e+04, 2.77800000000000e+04, 2.77160000000000e+04, 2.77170000000000e+04, 2.63633971677880e-09]
	RefineElem[5: 2.69260000000000e+04, 2.16900000000000e+04, 2.16790000000000e+04, 1.92350000000000e+04, 2.53818811530352e-09]
	RefineElem[5: 7.78140000000000e+04, 2.81960000000000e+04, 2.77170000000000e+04, 2.77160000000000e+04, 2.53557447513390e-09]
	RefineElem[5: 7.93050000000000e+04, 2.28870000000000e+04, 2.29010000000000e+04, 2.04710000000000e+04, 2.51899574351332e-09]
	RefineElem[5: 6.33120000000000e+04, 1.16070000000000e+04, 9.88200000000000e+03, 1.15990000000000e+04, 2.50719260679242e-09]
	RefineElem[5: 7.86080000000000e+04, 3.62400000000000e+03, 4.85300000000000e+03, 3.63300000000000e+03, 2.48425990398133e-09]
	RefineElem[5: 6.40960000000000e+04, 2.11380000000000e+04, 2.11390000000000e+04, 2.07640000000000e+04, 2.45809587676294e-09]
	RefineElem[5: 6.70670000000000e+04, 3.92400000000000e+04, 2.03550000000000e+04, 2.06010000000000e+04, 2.42598705874129e-09]
	RefineElem[5: 3.05120000000000e+04, 2.82980000000000e+04, 2.57390000000000e+04, 2.57400000000000e+04, 2.39524232717287e-09]
	RefineElem[5: 4.01720000000000e+04, 3.47930000000000e+04, 3.48330000000000e+04, 3.48320000000000e+04, 2.35678623851587e-09]
	RefineElem[5: 3.08520000000000e+04, 2.42500000000000e+04, 2.42400000000000e+04, 2.67450000000000e+04, 2.35262991479301e-09]
	RefineElem[5: 6.50120000000000e+04, 3.48120000000000e+04, 3.48770000000000e+04, 3.48360000000000e+04, 2.32032520910822e-09]
	RefineElem[5: 7.61130000000000e+04, 9.68500000000000e+03, 7.53000000000000e+03, 9.66900000000000e+03, 2.30411123864691e-09]
	RefineElem[5: 3.11430000000000e+04, 2.47940000000000e+04, 2.48180000000000e+04, 2.73740000000000e+04, 2.30034280381972e-09]
	RefineElem[5: 6.78290000000000e+04, 3.60890000000000e+04, 3.59890000000000e+04, 3.59970000000000e+04, 2.28639664571419e-09]
	RefineElem[5: 7.20590000000000e+04, 1.16440000000000e+04, 9.62600000000000e+03, 9.60200000000000e+03, 2.28093620854942e-09]
	RefineElem[5: 6.40940000000000e+04, 2.11360000000000e+04, 1.95140000000000e+04, 2.07560000000000e+04, 2.27565332357258e-09]
	RefineElem[5: 8.13840000000000e+04, 2.43290000000000e+04, 2.45370000000000e+04, 2.63170000000000e+04, 2.22597411702206e-09]
	RefineElem[5: 3.05140000000000e+04, 2.81960000000000e+04, 2.57400000000000e+04, 2.58470000000000e+04, 2.21639242352881e-09]
	RefineElem[5: 4.03970000000000e+04, 3.50300000000000e+04, 3.50310000000000e+04, 3.49240000000000e+04, 2.21563586510763e-09]
	RefineElem[5: 7.96580000000000e+04, 2.17040000000000e+04, 2.17740000000000e+04, 2.16960000000000e+04, 2.21221686246878e-09]
	RefineElem[5: 3.88480000000000e+04, 3.40610000000000e+04, 3.40590000000000e+04, 3.40580000000000e+04, 2.17636158132089e-09]
	RefineElem[5: 7.71460000000000e+04, 1.94130000000000e+04, 1.95180000000000e+04, 1.95920000000000e+04, 2.17633849342301e-09]
	RefineElem[5: 6.99260000000000e+04, 2.91700000000000e+04, 2.91520000000000e+04, 2.84240000000000e+04, 2.16479824858888e-09]
	RefineElem[5: 7.89070000000000e+04, 3.47250000000000e+04, 3.47270000000000e+04, 3.48000000000000e+04, 2.15334307921807e-09]
	RefineElem[5: 6.71820000000000e+04, 2.39690000000000e+04, 2.39470000000000e+04, 2.38310000000000e+04, 2.13817481934942e-09]
	RefineElem[5: 2.64470000000000e+04, 2.32370000000000e+04, 2.32360000000000e+04, 2.07080000000000e+04, 2.13347333972725e-09]
	RefineElem[5: 6.85990000000000e+04, 1.70540000000000e+04, 1.70590000000000e+04, 1.70620000000000e+04, 2.13080969533759e-09]
	RefineElem[5: 6.38460000000000e+04, 1.70500000000000e+04, 1.70540000000000e+04, 1.70320000000000e+04, 2.12478702282203e-09]
	RefineElem[5: 6.69880000000000e+04, 1.93470000000000e+04, 1.93480000000000e+04, 3.94280000000000e+04, 2.08630089494076e-09]
	RefineElem[5: 7.82170000000000e+04, 2.02810000000000e+04, 2.01100000000000e+04, 2.10710000000000e+04, 2.06763580588557e-09]
	RefineElem[5: 7.80770000000000e+04, 2.53200000000000e+04, 2.51840000000000e+04, 2.53210000000000e+04, 2.05526919647433e-09]
	RefineElem[5: 8.02330000000000e+04, 2.03740000000000e+04, 2.01890000000000e+04, 2.25370000000000e+04, 2.04870248650330e-09]
	RefineElem[5: 7.77330000000000e+04, 2.01890000000000e+04, 2.00300000000000e+04, 2.25370000000000e+04, 2.04519808107760e-09]
	RefineElem[5: 6.71840000000000e+04, 2.18620000000000e+04, 2.18610000000000e+04, 3.87930000000000e+04, 2.03064935114684e-09]
	RefineElem[5: 2.71100000000000e+04, 2.28870000000000e+04, 2.04800000000000e+04, 2.04890000000000e+04, 2.02409290938737e-09]
	RefineElem[5: 7.93380000000000e+04, 2.82710000000000e+04, 2.82600000000000e+04, 2.82580000000000e+04, 2.01551768676978e-09]
	RefineElem[5: 3.10400000000000e+04, 2.85310000000000e+04, 2.74060000000000e+04, 2.49360000000000e+04, 1.97508104658636e-09]
	RefineElem[5: 3.03880000000000e+04, 2.57620000000000e+04, 2.57560000000000e+04, 2.82820000000000e+04, 1.95635355790218e-09]
	RefineElem[5: 8.15420000000000e+04, 2.83340000000000e+04, 2.70480000000000e+04, 2.68800000000000e+04, 1.94830109689185e-09]
	RefineElem[5: 7.84130000000000e+04, 1.00110000000000e+04, 1.00580000000000e+04, 1.00010000000000e+04, 1.93692680834043e-09]
	RefineElem[5: 6.77880000000000e+04, 3.49340000000000e+04, 3.49330000000000e+04, 3.49480000000000e+04, 1.89824999976413e-09]
	RefineElem[5: 2.64490000000000e+04, 2.32360000000000e+04, 2.32350000000000e+04, 2.07090000000000e+04, 1.89445290814115e-09]
	RefineElem[5: 7.50400000000000e+04, 2.01450000000000e+04, 2.08030000000000e+04, 2.02030000000000e+04, 1.88562297815820e-09]
	RefineElem[5: 8.13770000000000e+04, 2.57970000000000e+04, 2.45370000000000e+04, 2.58900000000000e+04, 1.87159293822641e-09]
	RefineElem[5: 7.83930000000000e+04, 7.31000000000000e+03, 7.25700000000000e+03, 8.11800000000000e+03, 1.86858697013098e-09]
	RefineElem[5: 4.00670000000000e+04, 3.47570000000000e+04, 3.47760000000000e+04, 3.47600000000000e+04, 1.86057586770919e-09]
	RefineElem[5: 7.96490000000000e+04, 2.27350000000000e+04, 2.30480000000000e+04, 2.30490000000000e+04, 1.85771912681989e-09]
	RefineElem[5: 7.92320000000000e+04, 3.49140000000000e+04, 3.49130000000000e+04, 3.49710000000000e+04, 1.85166159934741e-09]
	RefineElem[5: 6.01010000000000e+04, 2.66370000000000e+04, 2.46330000000000e+04, 2.46400000000000e+04, 1.84421342586612e-09]
	RefineElem[5: 6.86110000000000e+04, 1.78320000000000e+04, 1.78160000000000e+04, 1.78870000000000e+04, 1.83393143721318e-09]
	RefineElem[5: 7.97190000000000e+04, 3.47950000000000e+04, 3.47230000000000e+04, 3.48010000000000e+04, 1.78029169203974e-09]
	RefineElem[5: 7.87650000000000e+04, 9.92200000000000e+03, 1.00090000000000e+04, 7.55600000000000e+03, 1.76739028637032e-09]
	RefineElem[5: 6.97200000000000e+04, 2.41140000000000e+04, 2.40960000000000e+04, 2.33730000000000e+04, 1.75759543344646e-09]
	RefineElem[5: 7.60720000000000e+04, 9.62600000000000e+03, 7.42100000000000e+03, 7.39700000000000e+03, 1.75051150713261e-09]
	RefineElem[5: 4.03820000000000e+04, 3.49600000000000e+04, 3.49790000000000e+04, 3.49650000000000e+04, 1.74901680792723e-09]
	RefineElem[5: 5.97410000000000e+04, 2.33170000000000e+04, 2.32020000000000e+04, 2.33020000000000e+04, 1.74658335257971e-09]
	RefineElem[5: 5.40850000000000e+04, 3.98660000000000e+04, 3.74330000000000e+04, 3.98640000000000e+04, 1.73726182040720e-09]
	RefineElem[5: 7.80690000000000e+04, 2.45370000000000e+04, 2.44360000000000e+04, 2.58560000000000e+04, 1.71262728466445e-09]
	RefineElem[5: 7.85790000000000e+04, 9.16000000000000e+02, 2.15800000000000e+03, 7.12000000000000e+02, 1.70688508676768e-09]
	RefineElem[5: 4.04990000000000e+04, 3.50300000000000e+04, 3.49550000000000e+04, 3.49430000000000e+04, 1.70083243130266e-09]
	RefineElem[5: 2.69160000000000e+04, 2.17110000000000e+04, 1.92060000000000e+04, 1.91970000000000e+04, 1.69736011471261e-09]
	RefineElem[5: 7.64880000000000e+04, 2.01080000000000e+04, 2.00940000000000e+04, 2.00230000000000e+04, 1.67092056029875e-09]
	RefineElem[5: 7.11720000000000e+04, 2.04190000000000e+04, 2.03500000000000e+04, 2.04660000000000e+04, 1.67011472595418e-09]
	RefineElem[5: 7.34290000000000e+04, 2.52230000000000e+04, 2.52480000000000e+04, 2.52420000000000e+04, 1.66850857713636e-09]
	RefineElem[5: 3.10790000000000e+04, 2.79360000000000e+04, 2.55230000000000e+04, 2.55320000000000e+04, 1.66740653485485e-09]
	RefineElem[5: 6.77870000000000e+04, 3.49480000000000e+04, 3.49680000000000e+04, 3.49340000000000e+04, 1.65926098160754e-09]
	RefineElem[5: 7.65160000000000e+04, 3.94470000000000e+04, 2.17880000000000e+04, 2.17820000000000e+04, 1.65856568965542e-09]
	RefineElem[5: 6.98650000000000e+04, 2.82330000000000e+04, 2.82350000000000e+04, 2.87780000000000e+04, 1.65470428555235e-09]
	RefineElem[5: 7.51090000000000e+04, 1.96620000000000e+04, 2.07680000000000e+04, 2.07900000000000e+04, 1.64914619746791e-09]
	RefineElem[5: 6.10440000000000e+04, 3.59990000000000e+04, 3.60010000000000e+04, 3.60750000000000e+04, 1.61616969100336e-09]
	RefineElem[5: 2.65760000000000e+04, 2.08040000000000e+04, 2.08020000000000e+04, 2.31470000000000e+04, 1.60444587227773e-09]
	RefineElem[5: 6.54060000000000e+04, 4.05000000000000e+02, 3.75000000000000e+02, 4.13000000000000e+02, 1.60416149444329e-09]
	RefineElem[5: 7.50300000000000e+04, 2.07080000000000e+04, 2.07090000000000e+04, 2.00260000000000e+04, 1.57902197230040e-09]
	RefineElem[5: 7.16630000000000e+04, 6.02800000000000e+03, 5.98500000000000e+03, 3.57300000000000e+03, 1.57675775332301e-09]
	RefineElem[5: 7.69640000000000e+04, 1.16070000000000e+04, 9.95600000000000e+03, 9.88200000000000e+03, 1.56264575795875e-09]
	RefineElem[5: 4.01590000000000e+04, 3.48700000000000e+04, 3.48350000000000e+04, 3.48030000000000e+04, 1.55511455655480e-09]
	RefineElem[5: 3.08550000000000e+04, 2.67360000000000e+04, 2.67250000000000e+04, 2.42600000000000e+04, 1.54955155484657e-09]
	RefineElem[5: 7.52400000000000e+04, 2.26140000000000e+04, 2.26090000000000e+04, 2.31440000000000e+04, 1.54855760720602e-09]
	RefineElem[5: 2.71120000000000e+04, 2.04690000000000e+04, 2.04710000000000e+04, 2.29010000000000e+04, 1.54196804562003e-09]
	RefineElem[5: 6.53910000000000e+04, 2.69430000000000e+04, 2.88830000000000e+04, 2.69050000000000e+04, 1.53276229619800e-09]
	RefineElem[5: 7.06170000000000e+04, 9.71000000000000e+03, 9.68500000000000e+03, 9.69000000000000e+03, 1.52385021894514e-09]
	RefineElem[5: 6.41580000000000e+04, 2.39470000000000e+04, 2.18450000000000e+04, 2.38310000000000e+04, 1.51690553663281e-09]
	RefineElem[5: 7.34960000000000e+04, 2.57760000000000e+04, 2.57640000000000e+04, 2.57580000000000e+04, 1.51588700636216e-09]
	RefineElem[5: 7.72670000000000e+04, 2.36190000000000e+04, 2.24300000000000e+04, 2.25060000000000e+04, 1.51313995100113e-09]
	RefineElem[5: 7.80570000000000e+04, 2.23780000000000e+04, 2.35460000000000e+04, 2.24240000000000e+04, 1.50808624706993e-09]
	RefineElem[5: 7.85860000000000e+04, 4.71000000000000e+03, 3.59200000000000e+03, 3.60900000000000e+03, 1.50188329501431e-09]
	RefineElem[5: 7.51780000000000e+04, 3.87140000000000e+04, 2.18080000000000e+04, 2.39530000000000e+04, 1.50142499615018e-09]
	RefineElem[5: 7.37830000000000e+04, 2.06060000000000e+04, 2.03520000000000e+04, 2.03480000000000e+04, 1.49499205126003e-09]
	RefineElem[5: 5.67810000000000e+04, 4.31000000000000e+02, 4.17000000000000e+02, 4.32000000000000e+02, 1.49417651027868e-09]
	RefineElem[5: 4.02660000000000e+04, 3.84940000000000e+04, 3.48170000000000e+04, 3.48180000000000e+04, 1.48223903462734e-09]
	RefineElem[5: 7.83060000000000e+04, 1.00110000000000e+04, 1.00490000000000e+04, 1.12740000000000e+04, 1.47351665296439e-09]
	RefineElem[5: 3.10940000000000e+04, 2.79890000000000e+04, 2.65460000000000e+04, 2.65400000000000e+04, 1.46851941525582e-09]
	RefineElem[5: 7.83870000000000e+04, 3.62400000000000e+03, 3.63300000000000e+03, 3.72400000000000e+03, 1.45587972329929e-09]
	RefineElem[5: 3.10390000000000e+04, 2.49360000000000e+04, 2.48100000000000e+04, 2.85310000000000e+04, 1.45553610497600e-09]
	RefineElem[5: 8.00300000000000e+03, 3.11800000000000e+03, 3.11700000000000e+03, 5.66900000000000e+03, 1.45434785281384e-09]
	RefineElem[5: 2.50250000000000e+04, 2.28850000000000e+04, 2.28870000000000e+04, 2.28740000000000e+04, 1.44954924701372e-09]
	RefineElem[5: 7.78010000000000e+04, 2.76170000000000e+04, 2.75080000000000e+04, 2.86900000000000e+04, 1.43920312452387e-09]
	RefineElem[5: 7.82200000000000e+04, 2.26660000000000e+04, 2.25380000000000e+04, 2.32380000000000e+04, 1.42874339671885e-09]
	RefineElem[5: 7.82820000000000e+04, 9.67500000000000e+03, 7.52900000000000e+03, 7.39100000000000e+03, 1.42394853795871e-09]
	RefineElem[5: 7.82290000000000e+04, 1.97590000000000e+04, 2.16130000000000e+04, 2.41220000000000e+04, 1.40741534072473e-09]
	RefineElem[5: 5.64110000000000e+04, 3.84970000000000e+04, 3.95200000000000e+04, 3.95160000000000e+04, 1.39421451637835e-09]
	RefineElem[5: 7.83610000000000e+04, 2.61860000000000e+04, 2.61850000000000e+04, 2.44350000000000e+04, 1.39378626272886e-09]
	RefineElem[5: 7.42680000000000e+04, 9.68500000000000e+03, 9.71000000000000e+03, 9.71400000000000e+03, 1.39053326291327e-09]
	RefineElem[5: 4.20770000000000e+04, 3.59850000000000e+04, 3.60430000000000e+04, 3.60420000000000e+04, 1.38067388142345e-09]
	RefineElem[5: 3.08570000000000e+04, 2.67230000000000e+04, 2.42690000000000e+04, 2.42600000000000e+04, 1.37505247701101e-09]
	RefineElem[5: 7.85760000000000e+04, 7.12000000000000e+02, 7.43000000000000e+02, 9.11000000000000e+02, 1.37356072852878e-09]
	RefineElem[5: 4.20760000000000e+04, 3.60420000000000e+04, 3.59820000000000e+04, 3.59850000000000e+04, 1.36947750684693e-09]
	RefineElem[5: 7.72210000000000e+04, 2.31800000000000e+04, 2.31810000000000e+04, 2.37360000000000e+04, 1.36561121001426e-09]
	RefineElem[5: 8.14870000000000e+04, 2.70500000000000e+04, 2.69430000000000e+04, 2.69790000000000e+04, 1.36189452780120e-09]
	RefineElem[5: 4.21290000000000e+04, 3.60200000000000e+04, 3.60180000000000e+04, 3.61040000000000e+04, 1.35667885828929e-09]
	RefineElem[5: 7.82380000000000e+04, 2.44350000000000e+04, 2.58100000000000e+04, 2.58010000000000e+04, 1.34877995296356e-09]
	RefineElem[5: 7.84600000000000e+04, 2.10760000000000e+04, 2.00290000000000e+04, 2.02410000000000e+04, 1.34734545426928e-09]
	RefineElem[5: 8.87000000000000e+03, 6.77400000000000e+03, 6.77500000000000e+03, 6.77600000000000e+03, 1.34231083117200e-09]
	RefineElem[5: 7.97170000000000e+04, 3.47210000000000e+04, 3.47230000000000e+04, 3.47950000000000e+04, 1.34020856951083e-09]
	RefineElem[5: 8.12540000000000e+04, 2.38220000000000e+04, 2.38230000000000e+04, 2.18420000000000e+04, 1.32718180803010e-09]
	RefineElem[5: 2.64450000000000e+04, 2.32460000000000e+04, 2.32370000000000e+04, 2.07070000000000e+04, 1.32141234934743e-09]
	RefineElem[5: 7.79450000000000e+04, 9.87300000000000e+03, 9.88200000000000e+03, 1.15910000000000e+04, 1.32059084876020e-09]
	RefineElem[5: 8.12470000000000e+04, 2.27290000000000e+04, 2.31300000000000e+04, 2.31290000000000e+04, 1.29789417126934e-09]
	RefineElem[5: 2.64430000000000e+04, 2.32400000000000e+04, 2.32460000000000e+04, 2.07000000000000e+04, 1.29449328393078e-09]
	RefineElem[5: 3.10850000000000e+04, 2.55110000000000e+04, 2.55130000000000e+04, 2.79510000000000e+04, 1.29224202647723e-09]
	RefineElem[5: 6.00050000000000e+04, 2.49120000000000e+04, 2.58380000000000e+04, 2.58390000000000e+04, 1.29128748302569e-09]
	RefineElem[5: 8.14750000000000e+04, 2.88780000000000e+04, 2.70490000000000e+04, 2.68820000000000e+04, 1.28151078214524e-09]
	RefineElem[5: 7.85840000000000e+04, 7.12000000000000e+02, 3.11800000000000e+03, 3.11900000000000e+03, 1.27100234698959e-09]
	RefineElem[5: 6.51300000000000e+04, 3.61390000000000e+04, 3.61430000000000e+04, 3.61550000000000e+04, 1.25663615662457e-09]
	RefineElem[5: 7.99370000000000e+04, 3.49430000000000e+04, 3.49250000000000e+04, 3.49270000000000e+04, 1.25143641678558e-09]
	RefineElem[5: 6.11010000000000e+04, 3.61540000000000e+04, 3.61420000000000e+04, 3.61380000000000e+04, 1.24065426935893e-09]
	RefineElem[5: 5.63960000000000e+04, 3.84860000000000e+04, 3.95120000000000e+04, 3.95020000000000e+04, 1.23565706184120e-09]
	RefineElem[5: 2.64440000000000e+04, 2.07070000000000e+04, 2.07000000000000e+04, 2.32460000000000e+04, 1.23509302839401e-09]
	RefineElem[5: 7.67170000000000e+04, 2.58330000000000e+04, 2.58340000000000e+04, 2.82300000000000e+04, 1.23089676380885e-09]
	RefineElem[5: 7.08370000000000e+04, 2.71410000000000e+04, 2.87630000000000e+04, 2.87680000000000e+04, 1.23019441205549e-09]
	RefineElem[5: 7.84220000000000e+04, 1.05570000000000e+04, 9.99700000000000e+03, 1.00280000000000e+04, 1.20299300280080e-09]
	RefineElem[5: 7.65350000000000e+04, 2.31800000000000e+04, 2.31580000000000e+04, 2.07890000000000e+04, 1.20154392517169e-09]
	RefineElem[5: 7.71470000000000e+04, 1.95170000000000e+04, 1.94130000000000e+04, 2.08120000000000e+04, 1.19959686622148e-09]
	RefineElem[5: 8.11120000000000e+04, 1.92240000000000e+04, 1.92220000000000e+04, 1.93040000000000e+04, 1.19217633794903e-09]
	RefineElem[5: 7.99020000000000e+04, 2.28850000000000e+04, 2.28910000000000e+04, 2.28870000000000e+04, 1.18188249119318e-09]
	RefineElem[5: 7.52980000000000e+04, 2.24300000000000e+04, 2.32100000000000e+04, 2.24340000000000e+04, 1.17996043501397e-09]
	RefineElem[5: 7.04310000000000e+04, 2.83640000000000e+04, 2.83530000000000e+04, 2.86420000000000e+04, 1.17766496551359e-09]
	RefineElem[5: 6.03820000000000e+04, 2.83420000000000e+04, 2.70480000000000e+04, 2.83410000000000e+04, 1.17617698886089e-09]
	RefineElem[5: 7.54140000000000e+04, 2.48720000000000e+04, 2.48550000000000e+04, 2.48560000000000e+04, 1.17595318493707e-09]
	RefineElem[5: 6.72790000000000e+04, 2.27390000000000e+04, 3.88140000000000e+04, 2.30570000000000e+04, 1.15510908380053e-09]
	RefineElem[5: 4.22160000000000e+04, 3.61020000000000e+04, 3.61120000000000e+04, 3.60450000000000e+04, 1.15315120389539e-09]
	RefineElem[5: 7.54860000000000e+04, 2.52480000000000e+04, 2.52230000000000e+04, 2.51840000000000e+04, 1.15127117688424e-09]
	RefineElem[5: 4.01080000000000e+04, 3.47960000000000e+04, 3.48530000000000e+04, 3.48450000000000e+04, 1.14619960082177e-09]
	RefineElem[5: 2.69430000000000e+04, 2.41680000000000e+04, 2.41570000000000e+04, 2.15340000000000e+04, 1.14173745051454e-09]
	RefineElem[5: 2.65180000000000e+04, 2.07590000000000e+04, 2.07570000000000e+04, 2.31870000000000e+04, 1.13503070340950e-09]
	RefineElem[5: 4.01100000000000e+04, 3.48450000000000e+04, 3.48440000000000e+04, 3.47800000000000e+04, 1.10776138435354e-09]
	RefineElem[5: 7.30470000000000e+04, 2.07320000000000e+04, 2.07200000000000e+04, 2.07140000000000e+04, 1.10595975277733e-09]
	RefineElem[5: 7.79560000000000e+04, 1.00280000000000e+04, 9.99900000000000e+03, 1.05480000000000e+04, 1.10125485841701e-09]
	RefineElem[5: 7.35530000000000e+04, 2.65130000000000e+04, 2.65200000000000e+04, 2.68000000000000e+04, 1.10040444827582e-09]
	RefineElem[5: 7.84870000000000e+04, 1.06500000000000e+03, 8.74000000000000e+02, 7.12000000000000e+02, 1.09566492368393e-09]
	RefineElem[5: 7.65590000000000e+04, 2.34200000000000e+04, 2.23630000000000e+04, 2.23790000000000e+04, 1.08616903133957e-09]
	RefineElem[5: 7.99390000000000e+04, 3.49270000000000e+04, 3.49410000000000e+04, 3.49430000000000e+04, 1.08304917458736e-09]
	RefineElem[5: 7.60750000000000e+04, 7.42100000000000e+03, 9.62600000000000e+03, 9.63700000000000e+03, 1.07981156508982e-09]
	RefineElem[5: 7.82390000000000e+04, 2.51850000000000e+04, 2.52490000000000e+04, 2.51410000000000e+04, 1.07079436181078e-09]
	RefineElem[5: 6.07690000000000e+04, 3.47830000000000e+04, 3.47910000000000e+04, 3.47400000000000e+04, 1.05995889919337e-09]
	RefineElem[5: 2.64420000000000e+04, 2.07000000000000e+04, 2.06990000000000e+04, 2.32400000000000e+04, 1.05692186267680e-09]
	RefineElem[5: 8.00200000000000e+03, 5.66900000000000e+03, 5.66700000000000e+03, 3.11800000000000e+03, 1.05675505909415e-09]
	RefineElem[5: 3.08450000000000e+04, 2.67570000000000e+04, 2.42290000000000e+04, 2.42200000000000e+04, 1.05164280906293e-09]
	RefineElem[5: 4.01600000000000e+04, 3.48030000000000e+04, 3.47950000000000e+04, 3.48700000000000e+04, 1.05043919143088e-09]
	RefineElem[5: 7.84230000000000e+04, 1.00280000000000e+04, 9.99700000000000e+03, 1.13480000000000e+04, 1.04926186347161e-09]
	RefineElem[5: 6.51330000000000e+04, 3.61810000000000e+04, 3.62590000000000e+04, 3.61650000000000e+04, 1.04737969069003e-09]
	RefineElem[5: 2.65750000000000e+04, 2.08020000000000e+04, 2.08010000000000e+04, 2.31480000000000e+04, 1.04737261987080e-09]
	RefineElem[5: 4.03950000000000e+04, 3.49180000000000e+04, 3.50170000000000e+04, 3.50260000000000e+04, 1.04597117398919e-09]
	RefineElem[5: 8.15660000000000e+04, 2.81150000000000e+04, 2.81800000000000e+04, 2.77740000000000e+04, 1.03939387250228e-09]
	RefineElem[5: 7.84960000000000e+04, 3.60900000000000e+03, 3.64800000000000e+03, 3.62500000000000e+03, 1.03699352442686e-09]
	RefineElem[5: 4.02220000000000e+04, 3.47870000000000e+04, 3.47980000000000e+04, 3.48470000000000e+04, 1.02277119058139e-09]
	RefineElem[5: 7.49010000000000e+04, 1.92830000000000e+04, 1.92810000000000e+04, 3.92710000000000e+04, 1.01712493699666e-09]
	RefineElem[5: 6.08170000000000e+04, 3.50170000000000e+04, 3.49160000000000e+04, 3.50250000000000e+04, 1.01506132310688e-09]
	RefineElem[5: 2.42070000000000e+04, 2.07510000000000e+04, 2.07520000000000e+04, 2.07530000000000e+04, 1.01179114614940e-09]
	RefineElem[5: 6.40370000000000e+04, 2.07050000000000e+04, 2.01080000000000e+04, 2.01510000000000e+04, 1.00877216330632e-09]
	RefineElem[5: 7.77870000000000e+04, 2.51840000000000e+04, 2.53200000000000e+04, 2.52480000000000e+04, 1.00820428478798e-09]
	RefineElem[5: 7.86560000000000e+04, 9.24000000000000e+02, 6.93000000000000e+02, 1.97800000000000e+03, 9.99571908747246e-10]
	RefineElem[5: 8.02750000000000e+04, 2.67500000000000e+04, 2.68210000000000e+04, 2.67420000000000e+04, 9.93860983478791e-10]
	RefineElem[5: 7.98440000000000e+04, 2.12730000000000e+04, 2.12720000000000e+04, 1.95160000000000e+04, 9.91437616539352e-10]
	RefineElem[5: 6.95780000000000e+04, 2.09990000000000e+04, 2.10790000000000e+04, 2.10660000000000e+04, 9.84679728487579e-10]
	RefineElem[5: 6.10920000000000e+04, 3.62570000000000e+04, 3.62590000000000e+04, 3.61890000000000e+04, 9.77226048279437e-10]
	RefineElem[5: 6.00100000000000e+04, 2.58460000000000e+04, 2.58480000000000e+04, 2.51780000000000e+04, 9.73851834144633e-10]
	RefineElem[5: 7.16780000000000e+04, 3.57500000000000e+03, 6.11800000000000e+03, 6.68000000000000e+02, 9.71169300924934e-10]
	RefineElem[5: 7.73910000000000e+04, 1.98270000000000e+04, 2.00170000000000e+04, 2.00980000000000e+04, 9.71091410735787e-10]
	RefineElem[5: 7.73230000000000e+04, 2.50520000000000e+04, 2.57510000000000e+04, 2.50500000000000e+04, 9.62401992125090e-10]
	RefineElem[5: 7.20600000000000e+04, 9.60200000000000e+03, 1.16420000000000e+04, 1.16440000000000e+04, 9.53080807006712e-10]
	RefineElem[5: 6.72230000000000e+04, 2.31540000000000e+04, 2.31550000000000e+04, 2.22790000000000e+04, 9.49522802782678e-10]
	RefineElem[5: 7.80290000000000e+04, 2.02790000000000e+04, 2.01090000000000e+04, 2.01100000000000e+04, 9.44092984382518e-10]
	RefineElem[5: 4.05000000000000e+04, 3.49430000000000e+04, 3.50310000000000e+04, 3.50300000000000e+04, 9.43226497968002e-10]
	RefineElem[5: 7.77290000000000e+04, 2.00340000000000e+04, 2.00300000000000e+04, 2.01140000000000e+04, 9.34399051940936e-10]
	RefineElem[5: 4.03730000000000e+04, 3.49640000000000e+04, 3.49650000000000e+04, 3.49660000000000e+04, 9.14203639207085e-10]
	RefineElem[5: 4.02020000000000e+04, 3.47650000000000e+04, 3.47460000000000e+04, 3.48180000000000e+04, 9.09878380662212e-10]
	RefineElem[5: 4.20950000000000e+04, 3.60010000000000e+04, 3.60740000000000e+04, 3.60750000000000e+04, 9.09751579587038e-10]
	RefineElem[5: 7.54670000000000e+04, 2.51780000000000e+04, 2.58470000000000e+04, 2.52380000000000e+04, 9.06174577817288e-10]
	RefineElem[5: 8.15640000000000e+04, 2.79490000000000e+04, 2.79410000000000e+04, 2.81150000000000e+04, 8.98685929153009e-10]
	RefineElem[5: 7.30100000000000e+04, 2.02720000000000e+04, 2.03190000000000e+04, 2.02780000000000e+04, 8.96455042619905e-10]
	RefineElem[5: 7.99610000000000e+04, 2.31290000000000e+04, 2.31260000000000e+04, 2.26650000000000e+04, 8.94490986961301e-10]
	RefineElem[5: 2.53620000000000e+04, 2.32370000000000e+04, 2.32460000000000e+04, 2.25270000000000e+04, 8.92435611976289e-10]
	RefineElem[5: 2.50930000000000e+04, 2.31760000000000e+04, 2.31780000000000e+04, 2.31790000000000e+04, 8.89208171231879e-10]
	RefineElem[5: 5.94520000000000e+04, 2.15910000000000e+04, 1.96110000000000e+04, 1.96180000000000e+04, 8.79706476759810e-10]
	RefineElem[5: 4.01660000000000e+04, 3.47990000000000e+04, 3.48050000000000e+04, 3.48570000000000e+04, 8.77323513177180e-10]
	RefineElem[5: 1.00710000000000e+04, 7.44600000000000e+03, 8.50800000000000e+03, 8.51700000000000e+03, 8.73999370024443e-10]
	RefineElem[5: 5.93880000000000e+04, 2.10260000000000e+04, 2.07200000000000e+04, 2.07330000000000e+04, 8.72763842371555e-10]
	RefineElem[5: 6.71280000000000e+04, 2.11380000000000e+04, 2.11480000000000e+04, 2.11400000000000e+04, 8.69856663030594e-10]
	RefineElem[5: 6.97080000000000e+04, 2.38260000000000e+04, 2.17760000000000e+04, 2.39430000000000e+04, 8.55396150447930e-10]
	RefineElem[5: 4.00600000000000e+04, 3.47370000000000e+04, 3.47450000000000e+04, 3.47460000000000e+04, 8.54378955447753e-10]
	RefineElem[5: 8.13780000000000e+04, 2.45370000000000e+04, 2.57980000000000e+04, 2.58100000000000e+04, 8.53726728189238e-10]
	RefineElem[5: 8.12380000000000e+04, 2.30640000000000e+04, 2.31300000000000e+04, 2.27250000000000e+04, 8.51596208118060e-10]
	RefineElem[5: 3.08730000000000e+04, 2.92240000000000e+04, 2.92130000000000e+04, 2.65800000000000e+04, 8.50230497263329e-10]
	RefineElem[5: 4.02230000000000e+04, 3.48750000000000e+04, 3.48670000000000e+04, 3.47720000000000e+04, 8.50105648333668e-10]
	RefineElem[5: 4.03680000000000e+04, 3.49380000000000e+04, 3.49370000000000e+04, 3.49500000000000e+04, 8.49060746787996e-10]
	RefineElem[5: 7.78130000000000e+04, 2.77170000000000e+04, 2.81960000000000e+04, 2.81940000000000e+04, 8.39295063739956e-10]
	RefineElem[5: 4.01710000000000e+04, 3.48320000000000e+04, 3.48000000000000e+04, 3.47930000000000e+04, 8.34983952444005e-10]
	RefineElem[5: 7.99120000000000e+04, 2.27260000000000e+04, 2.30710000000000e+04, 2.30720000000000e+04, 8.32726738646222e-10]
	RefineElem[5: 7.96540000000000e+04, 2.17750000000000e+04, 2.17740000000000e+04, 3.92220000000000e+04, 8.28478942471764e-10]
	RefineElem[5: 4.04070000000000e+04, 3.50250000000000e+04, 3.50150000000000e+04, 3.49710000000000e+04, 8.26032225672858e-10]
	RefineElem[5: 2.70920000000000e+04, 2.26620000000000e+04, 2.27090000000000e+04, 2.03780000000000e+04, 8.25013251023489e-10]
	RefineElem[5: 2.65770000000000e+04, 2.31470000000000e+04, 2.31450000000000e+04, 2.08040000000000e+04, 8.21668069479914e-10]
	RefineElem[5: 2.71210000000000e+04, 2.29390000000000e+04, 2.15000000000000e+04, 2.14940000000000e+04, 8.21275528085461e-10]
	RefineElem[5: 6.43040000000000e+04, 2.31790000000000e+04, 2.31780000000000e+04, 2.31810000000000e+04, 8.12346073969075e-10]
	RefineElem[5: 7.78560000000000e+04, 8.36000000000000e+02, 7.22000000000000e+02, 7.12000000000000e+02, 8.09676675233269e-10]
	RefineElem[5: 6.51350000000000e+04, 3.62070000000000e+04, 3.62090000000000e+04, 3.62330000000000e+04, 8.05388878970641e-10]
	RefineElem[5: 6.38640000000000e+04, 1.75690000000000e+04, 1.75770000000000e+04, 1.75510000000000e+04, 7.83756559989867e-10]
	RefineElem[5: 7.30480000000000e+04, 2.07190000000000e+04, 2.07210000000000e+04, 2.07320000000000e+04, 7.80046418724736e-10]
	RefineElem[5: 7.53010000000000e+04, 2.24380000000000e+04, 2.32100000000000e+04, 2.32310000000000e+04, 7.79717957510733e-10]
	RefineElem[5: 7.98430000000000e+04, 1.93040000000000e+04, 1.95160000000000e+04, 2.12720000000000e+04, 7.76653258776869e-10]
	RefineElem[5: 2.90320000000000e+04, 2.82450000000000e+04, 2.82460000000000e+04, 2.70490000000000e+04, 7.75354510137901e-10]
	RefineElem[5: 2.71700000000000e+04, 1.97670000000000e+04, 1.97900000000000e+04, 2.23310000000000e+04, 7.71475730708759e-10]
	RefineElem[5: 6.08240000000000e+04, 3.50300000000000e+04, 3.49220000000000e+04, 3.50260000000000e+04, 7.66809293560379e-10]
	RefineElem[5: 6.40510000000000e+04, 2.07600000000000e+04, 2.07620000000000e+04, 2.11350000000000e+04, 7.62212911703642e-10]
	RefineElem[5: 7.06180000000000e+04, 9.69000000000000e+03, 9.69100000000000e+03, 9.71000000000000e+03, 7.54634685816343e-10]
	RefineElem[5: 6.03640000000000e+04, 2.82440000000000e+04, 2.82450000000000e+04, 2.70490000000000e+04, 7.53167222600142e-10]
	RefineElem[5: 6.98350000000000e+04, 2.66380000000000e+04, 2.45400000000000e+04, 2.45420000000000e+04, 7.48938505506805e-10]
	RefineElem[5: 7.77860000000000e+04, 2.53190000000000e+04, 2.52480000000000e+04, 2.53200000000000e+04, 7.44923181070254e-10]
	RefineElem[5: 2.69220000000000e+04, 2.16900000000000e+04, 1.92260000000000e+04, 1.92250000000000e+04, 7.43059025152149e-10]
	RefineElem[5: 7.94090000000000e+04, 1.16060000000000e+04, 1.01960000000000e+04, 1.01970000000000e+04, 7.36374001809426e-10]
	RefineElem[5: 4.03910000000000e+04, 3.50150000000000e+04, 3.50250000000000e+04, 3.49160000000000e+04, 7.33654541075469e-10]
	RefineElem[5: 6.50080000000000e+04, 3.47870000000000e+04, 3.47710000000000e+04, 3.47790000000000e+04, 7.25619780250971e-10]
	RefineElem[5: 7.73690000000000e+04, 2.82860000000000e+04, 2.75730000000000e+04, 2.75540000000000e+04, 7.24356981210057e-10]
	RefineElem[5: 3.03870000000000e+04, 2.82820000000000e+04, 2.82810000000000e+04, 2.57620000000000e+04, 7.24318213669883e-10]
	RefineElem[5: 7.73440000000000e+04, 2.82300000000000e+04, 2.82310000000000e+04, 2.87910000000000e+04, 7.20963921673204e-10]
	RefineElem[5: 7.82860000000000e+04, 7.43000000000000e+03, 7.41000000000000e+03, 7.90200000000000e+03, 7.17369245164467e-10]
	RefineElem[5: 7.55390000000000e+04, 2.46850000000000e+04, 2.58120000000000e+04, 2.58340000000000e+04, 7.17057885316581e-10]
	RefineElem[5: 6.07700000000000e+04, 3.47400000000000e+04, 3.47470000000000e+04, 3.47830000000000e+04, 7.15103788329492e-10]
	RefineElem[5: 8.12270000000000e+04, 2.18390000000000e+04, 2.18420000000000e+04, 2.38230000000000e+04, 7.13331118524846e-10]
	RefineElem[5: 7.01880000000000e+04, 2.04750000000000e+04, 2.05860000000000e+04, 2.03600000000000e+04, 7.10828701230118e-10]
	RefineElem[5: 6.07590000000000e+04, 3.47540000000000e+04, 3.47550000000000e+04, 3.47700000000000e+04, 7.08347532860572e-10]
	RefineElem[5: 2.05130000000000e+04, 1.71080000000000e+04, 1.70330000000000e+04, 3.84780000000000e+04, 7.07761524640986e-10]
	RefineElem[5: 7.30810000000000e+04, 2.09990000000000e+04, 2.36170000000000e+04, 2.36160000000000e+04, 7.07394614824862e-10]
	RefineElem[5: 6.86270000000000e+04, 2.14000000000000e+04, 3.93150000000000e+04, 2.12760000000000e+04, 7.00607324801803e-10]
	RefineElem[5: 5.63930000000000e+04, 3.84910000000000e+04, 3.95060000000000e+04, 3.95050000000000e+04, 7.00084502915604e-10]
	RefineElem[5: 6.77830000000000e+04, 3.48620000000000e+04, 3.48360000000000e+04, 3.48790000000000e+04, 6.96680129433167e-10]
	RefineElem[5: 7.03230000000000e+04, 2.41430000000000e+04, 2.19960000000000e+04, 2.41120000000000e+04, 6.96168864176445e-10]
	RefineElem[5: 7.51070000000000e+04, 2.07910000000000e+04, 2.07680000000000e+04, 2.07690000000000e+04, 6.92849327731158e-10]
	RefineElem[5: 7.67790000000000e+04, 2.36160000000000e+04, 2.36170000000000e+04, 2.36210000000000e+04, 6.88685664115685e-10]
	RefineElem[5: 3.14910000000000e+04, 3.90780000000000e+04, 2.53870000000000e+04, 2.53190000000000e+04, 6.88405301140797e-10]
	RefineElem[5: 4.22170000000000e+04, 3.60450000000000e+04, 3.60440000000000e+04, 3.61020000000000e+04, 6.86207902731191e-10]
	RefineElem[5: 6.39040000000000e+04, 2.13910000000000e+04, 1.92580000000000e+04, 3.93950000000000e+04, 6.85760561908006e-10]
	RefineElem[5: 7.51330000000000e+04, 2.14170000000000e+04, 2.14190000000000e+04, 2.12790000000000e+04, 6.85429789529946e-10]
	RefineElem[5: 3.16130000000000e+04, 2.77880000000000e+04, 3.92870000000000e+04, 2.77170000000000e+04, 6.85403820304000e-10]
	RefineElem[5: 7.14140000000000e+04, 2.67420000000000e+04, 2.68210000000000e+04, 2.68850000000000e+04, 6.82476350116325e-10]
	RefineElem[5: 5.40780000000000e+04, 3.98630000000000e+04, 3.74410000000000e+04, 3.98610000000000e+04, 6.80842567042867e-10]
	RefineElem[5: 7.72130000000000e+04, 2.19780000000000e+04, 2.18440000000000e+04, 2.19020000000000e+04, 6.80072890381750e-10]
	RefineElem[5: 2.70910000000000e+04, 2.03780000000000e+04, 2.03740000000000e+04, 2.26620000000000e+04, 6.78576717051053e-10]
	RefineElem[5: 7.20560000000000e+04, 9.69100000000000e+03, 9.69200000000000e+03, 9.71200000000000e+03, 6.77639784567202e-10]
	RefineElem[5: 7.52370000000000e+04, 2.26170000000000e+04, 2.31440000000000e+04, 2.25390000000000e+04, 6.72744646834237e-10]
	RefineElem[5: 6.04350000000000e+04, 2.70190000000000e+04, 2.70540000000000e+04, 2.87800000000000e+04, 6.71855309372901e-10]
	RefineElem[5: 7.35010000000000e+04, 2.58300000000000e+04, 2.58310000000000e+04, 2.58130000000000e+04, 6.65380019248917e-10]
	RefineElem[5: 6.42530000000000e+04, 3.88240000000000e+04, 2.27320000000000e+04, 2.30550000000000e+04, 6.57017343053599e-10]
	RefineElem[5: 4.05150000000000e+04, 3.74310000000000e+04, 3.49870000000000e+04, 3.49880000000000e+04, 6.55517211846621e-10]
	RefineElem[5: 2.76160000000000e+04, 2.03490000000000e+04, 3.94630000000000e+04, 2.03480000000000e+04, 6.54062002735709e-10]
	RefineElem[5: 5.59870000000000e+04, 3.83100000000000e+04, 3.94670000000000e+04, 3.94650000000000e+04, 6.52423691224107e-10]
	RefineElem[5: 6.76000000000000e+04, 2.82040000000000e+04, 2.82050000000000e+04, 2.73220000000000e+04, 6.52333681817600e-10]
	RefineElem[5: 4.05220000000000e+04, 3.50030000000000e+04, 3.49920000000000e+04, 3.74320000000000e+04, 6.46287735393023e-10]
	RefineElem[5: 3.04330000000000e+04, 2.82440000000000e+04, 2.82370000000000e+04, 2.58010000000000e+04, 6.45985284498054e-10]
	RefineElem[5: 4.24630000000000e+04, 3.83080000000000e+04, 3.61900000000000e+04, 3.62540000000000e+04, 6.45431889812760e-10]
	RefineElem[5: 6.03860000000000e+04, 2.83460000000000e+04, 2.70490000000000e+04, 2.83380000000000e+04, 6.45338719299071e-10]
	RefineElem[5: 7.03300000000000e+04, 2.45420000000000e+04, 2.45400000000000e+04, 2.66150000000000e+04, 6.44532522327824e-10]
	RefineElem[5: 7.83270000000000e+04, 1.47250000000000e+04, 1.47170000000000e+04, 1.46710000000000e+04, 6.42880517769162e-10]
	RefineElem[5: 7.65290000000000e+04, 2.41440000000000e+04, 2.41470000000000e+04, 2.19770000000000e+04, 6.38252082367330e-10]
	RefineElem[5: 6.99280000000000e+04, 2.70360000000000e+04, 2.91840000000000e+04, 2.91680000000000e+04, 6.38052133128161e-10]
	RefineElem[5: 8.04770000000000e+04, 3.47930000000000e+04, 3.48000000000000e+04, 3.47290000000000e+04, 6.29284326089580e-10]
	RefineElem[5: 4.22470000000000e+04, 3.61330000000000e+04, 3.60000000000000e+04, 3.73680000000000e+04, 6.26509373064791e-10]
	RefineElem[5: 7.07260000000000e+04, 2.37200000000000e+04, 2.21010000000000e+04, 2.21020000000000e+04, 6.25946251318539e-10]
	RefineElem[5: 2.45040000000000e+04, 2.16900000000000e+04, 2.16990000000000e+04, 2.17000000000000e+04, 6.23238153723009e-10]
	RefineElem[5: 6.43610000000000e+04, 2.18450000000000e+04, 2.39440000000000e+04, 2.39450000000000e+04, 6.22631745940549e-10]
	RefineElem[5: 8.12400000000000e+04, 2.03580000000000e+04, 2.06750000000000e+04, 2.04440000000000e+04, 6.14736865494618e-10]
	RefineElem[5: 7.84570000000000e+04, 2.10800000000000e+04, 2.02410000000000e+04, 2.10680000000000e+04, 6.08519811894122e-10]
	RefineElem[5: 6.76850000000000e+04, 2.84750000000000e+04, 2.84800000000000e+04, 2.74080000000000e+04, 6.07882195460873e-10]
	RefineElem[5: 6.04340000000000e+04, 2.87660000000000e+04, 2.87690000000000e+04, 2.87700000000000e+04, 6.06464532135340e-10]
	RefineElem[5: 7.65720000000000e+04, 2.32360000000000e+04, 2.24360000000000e+04, 2.32350000000000e+04, 6.06300345131784e-10]
	RefineElem[5: 8.04410000000000e+04, 2.43910000000000e+04, 2.43290000000000e+04, 2.42840000000000e+04, 6.06241364507829e-10]
	RefineElem[5: 8.16420000000000e+04, 2.88840000000000e+04, 2.88830000000000e+04, 2.69430000000000e+04, 6.06165821289990e-10]
	RefineElem[5: 7.87180000000000e+04, 7.55600000000000e+03, 8.72200000000000e+03, 7.18200000000000e+03, 6.04282312557785e-10]
	RefineElem[5: 7.67120000000000e+04, 2.92000000000000e+04, 2.92030000000000e+04, 2.70180000000000e+04, 6.01447862409816e-10]
	RefineElem[5: 7.03140000000000e+04, 2.35690000000000e+04, 2.32110000000000e+04, 2.32100000000000e+04, 6.01166027488864e-10]
	RefineElem[5: 2.69050000000000e+04, 2.14680000000000e+04, 2.14750000000000e+04, 2.17560000000000e+04, 6.00269866943965e-10]
	RefineElem[5: 5.93670000000000e+04, 1.98840000000000e+04, 2.07940000000000e+04, 2.07950000000000e+04, 5.98642132664870e-10]
	RefineElem[5: 5.64140000000000e+04, 3.95200000000000e+04, 3.84970000000000e+04, 3.95180000000000e+04, 5.94196797295999e-10]
	RefineElem[5: 7.87630000000000e+04, 9.98000000000000e+03, 9.92200000000000e+03, 1.01910000000000e+04, 5.91599609118572e-10]
	RefineElem[5: 6.74480000000000e+04, 2.53910000000000e+04, 2.53900000000000e+04, 2.53980000000000e+04, 5.90214048062155e-10]
	RefineElem[5: 7.08350000000000e+04, 2.87750000000000e+04, 2.71430000000000e+04, 2.71440000000000e+04, 5.89597135957622e-10]
	RefineElem[5: 4.04690000000000e+04, 3.49920000000000e+04, 3.50030000000000e+04, 3.49590000000000e+04, 5.86600659814070e-10]
	RefineElem[5: 6.99000000000000e+04, 2.82600000000000e+04, 2.86160000000000e+04, 2.86300000000000e+04, 5.85436584694995e-10]
	RefineElem[5: 6.72680000000000e+04, 3.88020000000000e+04, 2.27360000000000e+04, 2.30530000000000e+04, 5.83787127080229e-10]
	RefineElem[5: 2.71840000000000e+04, 1.94670000000000e+04, 1.95290000000000e+04, 2.21280000000000e+04, 5.82745167505349e-10]
	RefineElem[5: 2.43280000000000e+04, 2.11420000000000e+04, 2.11410000000000e+04, 1.95140000000000e+04, 5.80815429480339e-10]
	RefineElem[5: 6.07750000000000e+04, 3.47620000000000e+04, 3.47250000000000e+04, 3.48000000000000e+04, 5.79922666713924e-10]
	RefineElem[5: 3.88470000000000e+04, 3.40580000000000e+04, 3.40600000000000e+04, 3.40610000000000e+04, 5.79655134722537e-10]
	RefineElem[5: 6.40150000000000e+04, 2.03420000000000e+04, 2.02720000000000e+04, 2.03450000000000e+04, 5.72773017563051e-10]
	RefineElem[5: 7.91940000000000e+04, 2.18360000000000e+04, 2.18390000000000e+04, 2.18380000000000e+04, 5.71293854435018e-10]
	RefineElem[5: 6.77100000000000e+04, 2.82430000000000e+04, 2.70500000000000e+04, 2.87770000000000e+04, 5.70618348984716e-10]
	RefineElem[5: 6.98340000000000e+04, 2.47120000000000e+04, 2.46330000000000e+04, 2.66530000000000e+04, 5.69033471329715e-10]
	RefineElem[5: 6.50170000000000e+04, 3.48390000000000e+04, 3.48360000000000e+04, 3.48620000000000e+04, 5.68596377122622e-10]
	RefineElem[5: 8.03310000000000e+04, 2.04440000000000e+04, 2.03600000000000e+04, 2.03580000000000e+04, 5.68119369359426e-10]
	RefineElem[5: 8.13760000000000e+04, 2.45370000000000e+04, 2.57970000000000e+04, 2.57980000000000e+04, 5.68008960782062e-10]
	RefineElem[5: 7.41930000000000e+04, 5.90900000000000e+03, 2.86800000000000e+03, 2.86600000000000e+03, 5.56419652420851e-10]
	RefineElem[5: 3.08510000000000e+04, 2.67360000000000e+04, 2.42510000000000e+04, 2.42500000000000e+04, 5.53959093877201e-10]
	RefineElem[5: 6.40330000000000e+04, 2.02790000000000e+04, 2.02800000000000e+04, 2.06730000000000e+04, 5.52625615098711e-10]
	RefineElem[5: 7.72570000000000e+04, 2.25260000000000e+04, 2.24610000000000e+04, 2.36350000000000e+04, 5.51786385610198e-10]
	RefineElem[5: 5.63830000000000e+04, 3.95020000000000e+04, 3.84890000000000e+04, 3.84860000000000e+04, 5.50780489680347e-10]
	RefineElem[5: 9.12500000000000e+03, 6.87300000000000e+03, 3.77060000000000e+04, 6.87400000000000e+03, 5.47643880291870e-10]
	RefineElem[5: 7.77010000000000e+04, 2.00280000000000e+04, 2.01100000000000e+04, 2.01090000000000e+04, 5.43545709961125e-10]
	RefineElem[5: 4.01650000000000e+04, 3.48570000000000e+04, 3.48560000000000e+04, 3.47990000000000e+04, 5.42571811938864e-10]
	RefineElem[5: 3.08590000000000e+04, 2.42690000000000e+04, 2.67230000000000e+04, 2.92370000000000e+04, 5.42486895594465e-10]
	RefineElem[5: 2.69300000000000e+04, 1.92440000000000e+04, 2.16770000000000e+04, 2.41810000000000e+04, 5.40188229578325e-10]
	RefineElem[5: 4.02470000000000e+04, 3.48130000000000e+04, 3.48140000000000e+04, 3.84960000000000e+04, 5.36980899976950e-10]
	RefineElem[5: 7.30520000000000e+04, 2.07860000000000e+04, 2.07870000000000e+04, 2.07690000000000e+04, 5.36922993183057e-10]
	RefineElem[5: 4.04380000000000e+04, 3.49520000000000e+04, 3.49500000000000e+04, 3.49880000000000e+04, 5.36176075716088e-10]
	RefineElem[5: 5.40900000000000e+04, 3.98680000000000e+04, 3.74350000000000e+04, 3.98660000000000e+04, 5.34078873772968e-10]
	RefineElem[5: 8.04830000000000e+04, 3.48030000000000e+04, 3.47160000000000e+04, 3.47210000000000e+04, 5.28125543716616e-10]
	RefineElem[5: 2.90240000000000e+04, 2.82260000000000e+04, 2.82280000000000e+04, 2.82290000000000e+04, 5.24371177241067e-10]
	RefineElem[5: 6.43470000000000e+04, 2.37140000000000e+04, 2.37110000000000e+04, 2.36880000000000e+04, 5.19028538635953e-10]
	RefineElem[5: 8.00540000000000e+04, 1.93620000000000e+04, 1.93640000000000e+04, 1.95160000000000e+04, 5.17402891207832e-10]
	RefineElem[5: 7.77430000000000e+04, 2.33860000000000e+04, 2.22280000000000e+04, 2.40980000000000e+04, 5.16310433566726e-10]
	RefineElem[5: 7.96600000000000e+04, 2.17040000000000e+04, 2.17020000000000e+04, 2.17740000000000e+04, 4.97777132327484e-10]
	RefineElem[5: 4.01810000000000e+04, 3.48580000000000e+04, 3.48790000000000e+04, 3.47910000000000e+04, 4.97401996902419e-10]
	RefineElem[5: 7.32410000000000e+04, 2.28330000000000e+04, 3.88030000000000e+04, 2.27410000000000e+04, 4.96292072066513e-10]
	RefineElem[5: 5.97320000000000e+04, 2.32920000000000e+04, 2.20060000000000e+04, 2.32910000000000e+04, 4.96251322391014e-10]
	RefineElem[5: 3.10720000000000e+04, 2.91260000000000e+04, 2.90700000000000e+04, 2.65320000000000e+04, 4.96065794982322e-10]
	RefineElem[5: 6.61230000000000e+04, 6.74600000000000e+03, 6.74500000000000e+03, 6.76800000000000e+03, 4.95734366293740e-10]
	RefineElem[5: 8.15670000000000e+04, 2.77740000000000e+04, 3.94400000000000e+04, 2.81150000000000e+04, 4.94912790141513e-10]
	RefineElem[5: 7.93040000000000e+04, 2.04710000000000e+04, 2.04800000000000e+04, 2.28870000000000e+04, 4.93413015267435e-10]
	RefineElem[5: 2.64480000000000e+04, 2.07090000000000e+04, 2.07080000000000e+04, 2.32360000000000e+04, 4.90689627438464e-10]
	RefineElem[5: 7.69650000000000e+04, 1.01420000000000e+04, 9.88200000000000e+03, 9.95600000000000e+03, 4.89740404810487e-10]
	RefineElem[5: 2.33840000000000e+04, 1.88660000000000e+04, 1.88650000000000e+04, 1.88580000000000e+04, 4.89072746303875e-10]
	RefineElem[5: 2.71710000000000e+04, 2.23310000000000e+04, 2.23510000000000e+04, 1.97670000000000e+04, 4.88817350329271e-10]
	RefineElem[5: 8.11520000000000e+04, 1.92160000000000e+04, 1.93040000000000e+04, 1.92210000000000e+04, 4.88037119399653e-10]
	RefineElem[5: 2.33830000000000e+04, 1.88620000000000e+04, 1.88670000000000e+04, 1.88660000000000e+04, 4.88016979181644e-10]
	RefineElem[5: 3.05110000000000e+04, 2.58470000000000e+04, 2.81940000000000e+04, 2.81960000000000e+04, 4.85923280458116e-10]
	RefineElem[5: 7.99080000000000e+04, 2.30700000000000e+04, 2.30640000000000e+04, 2.27260000000000e+04, 4.85747730791993e-10]
	RefineElem[5: 6.77790000000000e+04, 3.47870000000000e+04, 3.47670000000000e+04, 3.47850000000000e+04, 4.83345615466343e-10]
	RefineElem[5: 8.15170000000000e+04, 2.88760000000000e+04, 2.88750000000000e+04, 2.70490000000000e+04, 4.82906042324499e-10]
	RefineElem[5: 8.00470000000000e+04, 2.68740000000000e+04, 2.70470000000000e+04, 2.68550000000000e+04, 4.82031681084449e-10]
	RefineElem[5: 6.42800000000000e+04, 2.30540000000000e+04, 2.28600000000000e+04, 2.29050000000000e+04, 4.79846855807053e-10]
	RefineElem[5: 8.11170000000000e+04, 1.93660000000000e+04, 1.93040000000000e+04, 1.92590000000000e+04, 4.77587288831473e-10]
	RefineElem[5: 2.65800000000000e+04, 2.08010000000000e+04, 2.08000000000000e+04, 2.31490000000000e+04, 4.75285607565875e-10]
	RefineElem[5: 7.80340000000000e+04, 2.02800000000000e+04, 2.01100000000000e+04, 2.02810000000000e+04, 4.74998114934967e-10]
	RefineElem[5: 2.71850000000000e+04, 2.21280000000000e+04, 2.20490000000000e+04, 1.94670000000000e+04, 4.74094273769010e-10]
	RefineElem[5: 2.42100000000000e+04, 1.95140000000000e+04, 2.07550000000000e+04, 2.07560000000000e+04, 4.72681369782274e-10]
	RefineElem[5: 7.79050000000000e+04, 7.29300000000000e+03, 7.51100000000000e+03, 7.26000000000000e+03, 4.70518223626742e-10]
	RefineElem[5: 6.73300000000000e+04, 2.18450000000000e+04, 2.39450000000000e+04, 2.39320000000000e+04, 4.68485167255519e-10]
	RefineElem[5: 7.40310000000000e+04, 5.92800000000000e+03, 3.57600000000000e+03, 5.91200000000000e+03, 4.66553990594475e-10]
	RefineElem[5: 5.91130000000000e+04, 1.75760000000000e+04, 1.75680000000000e+04, 1.75690000000000e+04, 4.65976607851318e-10]
	RefineElem[5: 4.00900000000000e+04, 3.48320000000000e+04, 3.48330000000000e+04, 3.47280000000000e+04, 4.65410879407639e-10]
	RefineElem[5: 7.83380000000000e+04, 2.10660000000000e+04, 2.00280000000000e+04, 2.09990000000000e+04, 4.64356030443224e-10]
	RefineElem[5: 8.18550000000000e+04, 9.81600000000000e+03, 9.82000000000000e+03, 1.14960000000000e+04, 4.63538066616708e-10]
	RefineElem[5: 6.50190000000000e+04, 3.48440000000000e+04, 3.48450000000000e+04, 3.84870000000000e+04, 4.62483367695318e-10]
	RefineElem[5: 2.71030000000000e+04, 2.40710000000000e+04, 2.40150000000000e+04, 2.14860000000000e+04, 4.60898327248507e-10]
	RefineElem[5: 7.72380000000000e+04, 1.97620000000000e+04, 1.97590000000000e+04, 1.99080000000000e+04, 4.57012375997827e-10]
	RefineElem[5: 7.54840000000000e+04, 2.53140000000000e+04, 2.52750000000000e+04, 2.52480000000000e+04, 4.56099573499747e-10]
	RefineElem[5: 2.74280000000000e+04, 2.03610000000000e+04, 3.92530000000000e+04, 2.03550000000000e+04, 4.55306632566332e-10]
	RefineElem[5: 4.01190000000000e+04, 3.48190000000000e+04, 3.47760000000000e+04, 3.47570000000000e+04, 4.54729558968045e-10]
	RefineElem[5: 6.95880000000000e+04, 2.08470000000000e+04, 2.08110000000000e+04, 2.08100000000000e+04, 4.51907598433625e-10]
	RefineElem[5: 7.52160000000000e+04, 1.99080000000000e+04, 2.00300000000000e+04, 2.00370000000000e+04, 4.51664083373591e-10]
	RefineElem[5: 4.01200000000000e+04, 3.47570000000000e+04, 3.48200000000000e+04, 3.48190000000000e+04, 4.50732107671714e-10]
	RefineElem[5: 2.64960000000000e+04, 2.07520000000000e+04, 2.07510000000000e+04, 2.31990000000000e+04, 4.48834177802074e-10]
	RefineElem[5: 8.04970000000000e+04, 3.49170000000000e+04, 3.49670000000000e+04, 3.49710000000000e+04, 4.47953944554093e-10]
	RefineElem[5: 1.47700000000000e+04, 1.24970000000000e+04, 1.15000000000000e+04, 9.73900000000000e+03, 4.45586488503426e-10]
	RefineElem[5: 6.73290000000000e+04, 2.39320000000000e+04, 2.18090000000000e+04, 2.18450000000000e+04, 4.45354593193325e-10]
	RefineElem[5: 7.77890000000000e+04, 2.61140000000000e+04, 2.51420000000000e+04, 2.52490000000000e+04, 4.41786578755247e-10]
	RefineElem[5: 4.04900000000000e+04, 3.49480000000000e+04, 3.50110000000000e+04, 3.50240000000000e+04, 4.40591914506667e-10]
	RefineElem[5: 7.81440000000000e+04, 7.56600000000000e+03, 7.34900000000000e+03, 7.30000000000000e+03, 4.39327539380023e-10]
	RefineElem[5: 6.97220000000000e+04, 2.19960000000000e+04, 2.41280000000000e+04, 2.41120000000000e+04, 4.38065979963092e-10]
	RefineElem[5: 7.35750000000000e+04, 2.70500000000000e+04, 2.70190000000000e+04, 2.87800000000000e+04, 4.35304491009009e-10]
	RefineElem[5: 7.58720000000000e+04, 3.09400000000000e+03, 3.11700000000000e+03, 3.05500000000000e+03, 4.33119386578745e-10]
	RefineElem[5: 6.07920000000000e+04, 3.48400000000000e+04, 3.47220000000000e+04, 3.48700000000000e+04, 4.32351085019919e-10]
	RefineElem[5: 8.14780000000000e+04, 2.88780000000000e+04, 2.88760000000000e+04, 2.70490000000000e+04, 4.31644593439386e-10]
	RefineElem[5: 6.72670000000000e+04, 2.30530000000000e+04, 2.30480000000000e+04, 3.88020000000000e+04, 4.31491111967433e-10]
	RefineElem[5: 7.49190000000000e+04, 2.13830000000000e+04, 1.92890000000000e+04, 3.93210000000000e+04, 4.28914883988502e-10]
	RefineElem[5: 5.64040000000000e+04, 3.84990000000000e+04, 3.95160000000000e+04, 3.95140000000000e+04, 4.28766846597436e-10]
	RefineElem[5: 5.35810000000000e+04, 3.72930000000000e+04, 3.87260000000000e+04, 3.48810000000000e+04, 4.26426837909240e-10]
	RefineElem[5: 6.41060000000000e+04, 1.96620000000000e+04, 2.11710000000000e+04, 2.11620000000000e+04, 4.24045096964704e-10]
	RefineElem[5: 2.65740000000000e+04, 2.31480000000000e+04, 2.31470000000000e+04, 2.08020000000000e+04, 4.22294761636780e-10]
	RefineElem[5: 6.04480000000000e+04, 2.88860000000000e+04, 2.69430000000000e+04, 2.88740000000000e+04, 4.21473977446515e-10]
	RefineElem[5: 4.00650000000000e+04, 3.47600000000000e+04, 3.47580000000000e+04, 3.47570000000000e+04, 4.21128666156906e-10]
	RefineElem[5: 8.00350000000000e+04, 2.16970000000000e+04, 2.17000000000000e+04, 2.16990000000000e+04, 4.21000514050789e-10]
	RefineElem[5: 6.40610000000000e+04, 2.08380000000000e+04, 1.95170000000000e+04, 2.08270000000000e+04, 4.20185255011290e-10]
	RefineElem[5: 8.00100000000000e+03, 3.09300000000000e+03, 3.10000000000000e+03, 5.68100000000000e+03, 4.19183889850024e-10]
	RefineElem[5: 4.04170000000000e+04, 3.50060000000000e+04, 3.50230000000000e+04, 3.49680000000000e+04, 4.18239801632931e-10]
	RefineElem[5: 4.18970000000000e+04, 3.59240000000000e+04, 3.59060000000000e+04, 3.58580000000000e+04, 4.17757817327474e-10]
	RefineElem[5: 7.74050000000000e+04, 2.48550000000000e+04, 2.50460000000000e+04, 2.51300000000000e+04, 4.15851082591039e-10]
	RefineElem[5: 6.90200000000000e+04, 2.63150000000000e+04, 2.64320000000000e+04, 2.42490000000000e+04, 4.14050976772764e-10]
	RefineElem[5: 7.09880000000000e+04, 2.04650000000000e+04, 3.92430000000000e+04, 2.06130000000000e+04, 4.11691462323963e-10]
	RefineElem[5: 2.71950000000000e+04, 2.18750000000000e+04, 2.18170000000000e+04, 1.92920000000000e+04, 4.09573875136338e-10]
	RefineElem[5: 8.14810000000000e+04, 2.82370000000000e+04, 2.82440000000000e+04, 2.70500000000000e+04, 4.08931984202497e-10]
	RefineElem[5: 6.73150000000000e+04, 2.37220000000000e+04, 2.31910000000000e+04, 2.31930000000000e+04, 4.07732132631046e-10]
	RefineElem[5: 7.32960000000000e+04, 2.27090000000000e+04, 2.28530000000000e+04, 2.04280000000000e+04, 4.05792243458710e-10]
	RefineElem[5: 2.69210000000000e+04, 2.16990000000000e+04, 1.92160000000000e+04, 1.92150000000000e+04, 4.04263708523760e-10]
	RefineElem[5: 2.64680000000000e+04, 2.32250000000000e+04, 2.07210000000000e+04, 2.07190000000000e+04, 4.03113283465808e-10]
	RefineElem[5: 6.45850000000000e+04, 2.61820000000000e+04, 2.61830000000000e+04, 2.58080000000000e+04, 4.01729481819982e-10]
	RefineElem[5: 7.79240000000000e+04, 7.42100000000000e+03, 7.44500000000000e+03, 8.56400000000000e+03, 4.01719350881067e-10]
	RefineElem[5: 6.97070000000000e+04, 2.39430000000000e+04, 3.87660000000000e+04, 2.38260000000000e+04, 4.01689343075977e-10]
	RefineElem[5: 7.96360000000000e+04, 2.79340000000000e+04, 2.79400000000000e+04, 2.79360000000000e+04, 3.99649673657598e-10]
	RefineElem[5: 6.96270000000000e+04, 1.96860000000000e+04, 1.96110000000000e+04, 2.16070000000000e+04, 3.96816067269483e-10]
	RefineElem[5: 6.31240000000000e+04, 9.69000000000000e+03, 9.68500000000000e+03, 9.68700000000000e+03, 3.96585551810891e-10]
	RefineElem[5: 5.63920000000000e+04, 3.95060000000000e+04, 3.84910000000000e+04, 3.95020000000000e+04, 3.93514942817570e-10]
	RefineElem[5: 4.04010000000000e+04, 3.50170000000000e+04, 3.49460000000000e+04, 3.49450000000000e+04, 3.91974778886205e-10]
	RefineElem[5: 2.72250000000000e+04, 2.17740000000000e+04, 2.18080000000000e+04, 3.87210000000000e+04, 3.89632099223727e-10]
	RefineElem[5: 2.75500000000000e+04, 2.12800000000000e+04, 3.94050000000000e+04, 1.93030000000000e+04, 3.89411547751329e-10]
	RefineElem[5: 5.36400000000000e+04, 3.72960000000000e+04, 3.89590000000000e+04, 3.50410000000000e+04, 3.88607483235678e-10]
	RefineElem[5: 4.02750000000000e+04, 3.83180000000000e+04, 3.48670000000000e+04, 3.48750000000000e+04, 3.87097361903565e-10]
	RefineElem[5: 7.34970000000000e+04, 2.57630000000000e+04, 2.57650000000000e+04, 2.57760000000000e+04, 3.86872894746871e-10]
	RefineElem[5: 5.92230000000000e+04, 1.93580000000000e+04, 1.93530000000000e+04, 1.94070000000000e+04, 3.86453368101836e-10]
	RefineElem[5: 7.66320000000000e+04, 1.92610000000000e+04, 2.38890000000000e+04, 2.41680000000000e+04, 3.86153197102711e-10]
	RefineElem[5: 8.04370000000000e+04, 2.44350000000000e+04, 2.43780000000000e+04, 2.63270000000000e+04, 3.85711731517818e-10]
	RefineElem[5: 6.10760000000000e+04, 3.61610000000000e+04, 3.61630000000000e+04, 3.62590000000000e+04, 3.82925831189992e-10]
	RefineElem[5: 6.08060000000000e+04, 3.49750000000000e+04, 3.49140000000000e+04, 3.49710000000000e+04, 3.82471309012071e-10]
	RefineElem[5: 5.59900000000000e+04, 3.94670000000000e+04, 3.83100000000000e+04, 3.94660000000000e+04, 3.81227451272680e-10]
	RefineElem[5: 6.60570000000000e+04, 6.13100000000000e+03, 3.58100000000000e+03, 3.57400000000000e+03, 3.79480152061327e-10]
	RefineElem[5: 5.60050000000000e+04, 3.83210000000000e+04, 3.95100000000000e+04, 3.95080000000000e+04, 3.78920592046239e-10]
	RefineElem[5: 8.04990000000000e+04, 3.49550000000000e+04, 3.49230000000000e+04, 3.49250000000000e+04, 3.76494570855316e-10]
	RefineElem[5: 7.67470000000000e+04, 2.82860000000000e+04, 2.74820000000000e+04, 2.82850000000000e+04, 3.76276786280892e-10]
	RefineElem[5: 2.71940000000000e+04, 1.92920000000000e+04, 1.93060000000000e+04, 2.18750000000000e+04, 3.76121417401778e-10]
	RefineElem[5: 5.93990000000000e+04, 2.11390000000000e+04, 2.11360000000000e+04, 2.07640000000000e+04, 3.75433534884160e-10]
	RefineElem[5: 1.49770000000000e+04, 8.79300000000000e+03, 1.23760000000000e+04, 1.23440000000000e+04, 3.74988577349561e-10]
	RefineElem[5: 7.13100000000000e+04, 2.32560000000000e+04, 2.31960000000000e+04, 2.33160000000000e+04, 3.74025434585001e-10]
	RefineElem[5: 4.24690000000000e+04, 3.62340000000000e+04, 3.78280000000000e+04, 3.62060000000000e+04, 3.73303537564335e-10]
	RefineElem[5: 2.51340000000000e+04, 2.32720000000000e+04, 2.20060000000000e+04, 2.32760000000000e+04, 3.71907390220742e-10]
	RefineElem[5: 7.77850000000000e+04, 2.51410000000000e+04, 2.50520000000000e+04, 2.50570000000000e+04, 3.70566441270619e-10]
	RefineElem[5: 5.93410000000000e+04, 2.03600000000000e+04, 2.05860000000000e+04, 2.05920000000000e+04, 3.69955666819101e-10]
	RefineElem[5: 7.54710000000000e+04, 2.52420000000000e+04, 2.58470000000000e+04, 2.52230000000000e+04, 3.68541493727011e-10]
	RefineElem[5: 3.10580000000000e+04, 2.77110000000000e+04, 2.77590000000000e+04, 2.54200000000000e+04, 3.61952445234959e-10]
	RefineElem[5: 7.51020000000000e+04, 2.04650000000000e+04, 2.06170000000000e+04, 2.06150000000000e+04, 3.61591116486417e-10]
	RefineElem[5: 7.87100000000000e+04, 1.94700000000000e+03, 7.43000000000000e+02, 6.75000000000000e+02, 3.60425530550814e-10]
	RefineElem[5: 6.07580000000000e+04, 3.47330000000000e+04, 3.47320000000000e+04, 3.47380000000000e+04, 3.59736845313899e-10]
	RefineElem[5: 8.18040000000000e+04, 2.55090000000000e+04, 2.55000000000000e+04, 2.54810000000000e+04, 3.58826800273323e-10]
	RefineElem[5: 6.40160000000000e+04, 3.92660000000000e+04, 2.03600000000000e+04, 2.05920000000000e+04, 3.56637753036808e-10]
	RefineElem[5: 6.74980000000000e+04, 2.60830000000000e+04, 2.47810000000000e+04, 2.47580000000000e+04, 3.56549060038030e-10]
	RefineElem[5: 8.04360000000000e+04, 2.44280000000000e+04, 2.43780000000000e+04, 2.44350000000000e+04, 3.53405244258129e-10]
	RefineElem[5: 7.06800000000000e+04, 2.11700000000000e+04, 2.11320000000000e+04, 1.95870000000000e+04, 3.51998942597756e-10]
	RefineElem[5: 6.51340000000000e+04, 3.62330000000000e+04, 3.62350000000000e+04, 3.62070000000000e+04, 3.51964825029323e-10]
	RefineElem[5: 8.04400000000000e+04, 2.44700000000000e+04, 2.44350000000000e+04, 2.44680000000000e+04, 3.49145884699705e-10]
	RefineElem[5: 4.00740000000000e+04, 3.47670000000000e+04, 3.47550000000000e+04, 3.47540000000000e+04, 3.48821590750166e-10]
	RefineElem[5: 7.96290000000000e+04, 2.38370000000000e+04, 2.19150000000000e+04, 2.18720000000000e+04, 3.47714275110762e-10]
	RefineElem[5: 1.51550000000000e+04, 1.22250000000000e+04, 8.93500000000000e+03, 8.92500000000000e+03, 3.43896076975799e-10]
	RefineElem[5: 6.40550000000000e+04, 2.08100000000000e+04, 2.08110000000000e+04, 1.95960000000000e+04, 3.43657665288649e-10]
	RefineElem[5: 7.99130000000000e+04, 2.30710000000000e+04, 2.27260000000000e+04, 2.27280000000000e+04, 3.43229903238098e-10]
	RefineElem[5: 8.15760000000000e+04, 2.67430000000000e+04, 2.67510000000000e+04, 2.67500000000000e+04, 3.41751021815001e-10]
	RefineElem[5: 7.59200000000000e+04, 3.59700000000000e+03, 3.59200000000000e+03, 4.69200000000000e+03, 3.38946773112654e-10]
	RefineElem[5: 7.99800000000000e+03, 5.68100000000000e+03, 5.70800000000000e+03, 3.09300000000000e+03, 3.38869704346389e-10]
	RefineElem[5: 4.09220000000000e+04, 3.53030000000000e+04, 3.53050000000000e+04, 3.52530000000000e+04, 3.38863949868284e-10]
	RefineElem[5: 7.82400000000000e+04, 2.51410000000000e+04, 2.50570000000000e+04, 2.51850000000000e+04, 3.37392670904465e-10]
	RefineElem[5: 7.43290000000000e+04, 9.96300000000000e+03, 9.98100000000000e+03, 1.05600000000000e+04, 3.36417728897008e-10]
	RefineElem[5: 7.36120000000000e+04, 2.82820000000000e+04, 2.74830000000000e+04, 2.82810000000000e+04, 3.36229707231776e-10]
	RefineElem[5: 7.65360000000000e+04, 2.37330000000000e+04, 2.31580000000000e+04, 2.31800000000000e+04, 3.36185675352906e-10]
	RefineElem[5: 7.72700000000000e+04, 2.25060000000000e+04, 2.36170000000000e+04, 2.36190000000000e+04, 3.35998079761872e-10]
	RefineElem[5: 7.13110000000000e+04, 2.34000000000000e+04, 2.41060000000000e+04, 2.33730000000000e+04, 3.35868165587552e-10]
	RefineElem[5: 4.20730000000000e+04, 3.60410000000000e+04, 3.60390000000000e+04, 3.60380000000000e+04, 3.35270942948349e-10]
	RefineElem[5: 7.86300000000000e+04, 1.45710000000000e+04, 1.62570000000000e+04, 1.46220000000000e+04, 3.35224232041862e-10]
	RefineElem[5: 7.87720000000000e+04, 1.00090000000000e+04, 1.00100000000000e+04, 7.20100000000000e+03, 3.34877032894954e-10]
	RefineElem[5: 8.16260000000000e+04, 2.53990000000000e+04, 2.53210000000000e+04, 2.57190000000000e+04, 3.34265061961615e-10]
	RefineElem[5: 7.94830000000000e+04, 2.30650000000000e+04, 2.30680000000000e+04, 2.28970000000000e+04, 3.31154015804096e-10]
	RefineElem[5: 7.64780000000000e+04, 1.98360000000000e+04, 1.97000000000000e+04, 1.96350000000000e+04, 3.31092831209359e-10]
	RefineElem[5: 7.13530000000000e+04, 2.84540000000000e+04, 2.91620000000000e+04, 2.84240000000000e+04, 3.30841204258385e-10]
	RefineElem[5: 6.40950000000000e+04, 2.07560000000000e+04, 2.07640000000000e+04, 2.11360000000000e+04, 3.29987695328329e-10]
	RefineElem[5: 2.72450000000000e+04, 3.88220000000000e+04, 2.27310000000000e+04, 2.27280000000000e+04, 3.29183643471358e-10]
	RefineElem[5: 6.10990000000000e+04, 3.61880000000000e+04, 3.62580000000000e+04, 3.62560000000000e+04, 3.28776975227401e-10]
	RefineElem[5: 7.84970000000000e+04, 3.59700000000000e+03, 3.62600000000000e+03, 3.60900000000000e+03, 3.28276883543349e-10]
	RefineElem[5: 7.77410000000000e+04, 2.28630000000000e+04, 2.28280000000000e+04, 2.27700000000000e+04, 3.27740936185760e-10]
	RefineElem[5: 3.16320000000000e+04, 2.77800000000000e+04, 3.93990000000000e+04, 2.77160000000000e+04, 3.26511784714419e-10]
	RefineElem[5: 7.73420000000000e+04, 2.87930000000000e+04, 2.82310000000000e+04, 2.82340000000000e+04, 3.23888457102984e-10]
	RefineElem[5: 7.40320000000000e+04, 5.91200000000000e+03, 3.57600000000000e+03, 6.82000000000000e+02, 3.23089659843622e-10]
	RefineElem[5: 7.67610000000000e+04, 2.75670000000000e+04, 2.75840000000000e+04, 2.77120000000000e+04, 3.22907276133901e-10]
	RefineElem[5: 7.65580000000000e+04, 2.34320000000000e+04, 2.23790000000000e+04, 2.23620000000000e+04, 3.20687481921264e-10]
	RefineElem[5: 4.08610000000000e+04, 3.52530000000000e+04, 3.52540000000000e+04, 3.52460000000000e+04, 3.18561668072986e-10]
	RefineElem[5: 6.88940000000000e+04, 2.64450000000000e+04, 3.89500000000000e+04, 2.63210000000000e+04, 3.17510007215064e-10]
	RefineElem[5: 8.02310000000000e+04, 2.26620000000000e+04, 2.25370000000000e+04, 2.26310000000000e+04, 3.16929523071613e-10]
	RefineElem[5: 7.62000000000000e+04, 1.64120000000000e+04, 1.45270000000000e+04, 1.25200000000000e+04, 3.16648425891883e-10]
	RefineElem[5: 7.51010000000000e+04, 2.04650000000000e+04, 2.06150000000000e+04, 2.06160000000000e+04, 3.16314679086169e-10]
	RefineElem[5: 6.95310000000000e+04, 1.92130000000000e+04, 2.14110000000000e+04, 2.12780000000000e+04, 3.15720909255000e-10]
	RefineElem[5: 6.43910000000000e+04, 2.63210000000000e+04, 2.63250000000000e+04, 2.43280000000000e+04, 3.15595322078658e-10]
	RefineElem[5: 4.16660000000000e+04, 3.57540000000000e+04, 3.57750000000000e+04, 3.57240000000000e+04, 3.15072278564074e-10]
	RefineElem[5: 8.11920000000000e+04, 2.03540000000000e+04, 2.03560000000000e+04, 2.01510000000000e+04, 3.15035495880427e-10]
	RefineElem[5: 7.29300000000000e+04, 2.08500000000000e+04, 1.97270000000000e+04, 1.97280000000000e+04, 3.14422101658435e-10]
	RefineElem[5: 3.16260000000000e+04, 2.77160000000000e+04, 2.77760000000000e+04, 3.93850000000000e+04, 3.13799366226461e-10]
	RefineElem[5: 4.02110000000000e+04, 3.48460000000000e+04, 3.48210000000000e+04, 3.47580000000000e+04, 3.12815611993207e-10]
	RefineElem[5: 6.96580000000000e+04, 2.18360000000000e+04, 2.32860000000000e+04, 2.32840000000000e+04, 3.11318487070042e-10]
	RefineElem[5: 7.29050000000000e+04, 1.94430000000000e+04, 1.94650000000000e+04, 1.94010000000000e+04, 3.09256127515468e-10]
	RefineElem[5: 6.69860000000000e+04, 2.12820000000000e+04, 1.93530000000000e+04, 1.93540000000000e+04, 3.09169378747911e-10]
	RefineElem[5: 7.35300000000000e+04, 2.60430000000000e+04, 2.86720000000000e+04, 2.86710000000000e+04, 3.07734796249072e-10]
	RefineElem[5: 8.03200000000000e+04, 2.30640000000000e+04, 2.28970000000000e+04, 3.91680000000000e+04, 3.07178869771412e-10]
	RefineElem[5: 7.35510000000000e+04, 2.65200000000000e+04, 2.68070000000000e+04, 2.68000000000000e+04, 3.06159912344519e-10]
	RefineElem[5: 8.11140000000000e+04, 2.12700000000000e+04, 1.92240000000000e+04, 1.93040000000000e+04, 3.05503691395187e-10]
	RefineElem[5: 2.71090000000000e+04, 2.04890000000000e+04, 2.04900000000000e+04, 2.28740000000000e+04, 3.05044368103871e-10]
	RefineElem[5: 6.04460000000000e+04, 2.90240000000000e+04, 2.88740000000000e+04, 3.91440000000000e+04, 3.04807172253557e-10]
	RefineElem[5: 7.88620000000000e+04, 2.63150000000000e+04, 2.42490000000000e+04, 2.42460000000000e+04, 3.04318106022681e-10]
	RefineElem[5: 4.09510000000000e+04, 3.52460000000000e+04, 3.52540000000000e+04, 3.53120000000000e+04, 3.03616779426590e-10]
	RefineElem[5: 8.12490000000000e+04, 2.18350000000000e+04, 2.18360000000000e+04, 2.20060000000000e+04, 3.00210399570565e-10]
	RefineElem[5: 5.36310000000000e+04, 3.72990000000000e+04, 3.89520000000000e+04, 3.50340000000000e+04, 3.00046012528692e-10]
	RefineElem[5: 6.41340000000000e+04, 2.15510000000000e+04, 1.94140000000000e+04, 2.15440000000000e+04, 2.99966444804312e-10]
	RefineElem[5: 5.36430000000000e+04, 3.72940000000000e+04, 3.89610000000000e+04, 3.50430000000000e+04, 2.99359532542685e-10]
	RefineElem[5: 3.11580000000000e+04, 2.71700000000000e+04, 2.70910000000000e+04, 2.44900000000000e+04, 2.98915140711500e-10]
	RefineElem[5: 6.48010000000000e+04, 2.82290000000000e+04, 2.82280000000000e+04, 2.82310000000000e+04, 2.98871715397052e-10]
	RefineElem[5: 5.96900000000000e+04, 2.27360000000000e+04, 2.30440000000000e+04, 2.30530000000000e+04, 2.98527926881996e-10]
	RefineElem[5: 2.45030000000000e+04, 2.16920000000000e+04, 2.16790000000000e+04, 2.16900000000000e+04, 2.98307053990217e-10]
	RefineElem[5: 7.74720000000000e+04, 2.41680000000000e+04, 2.12590000000000e+04, 1.92610000000000e+04, 2.98132809755747e-10]
	RefineElem[5: 5.94950000000000e+04, 2.19120000000000e+04, 2.18590000000000e+04, 2.18580000000000e+04, 2.97921422010621e-10]
	RefineElem[5: 7.51320000000000e+04, 2.14190000000000e+04, 2.14200000000000e+04, 2.12790000000000e+04, 2.97906187811184e-10]
	RefineElem[5: 7.65890000000000e+04, 2.25060000000000e+04, 2.36250000000000e+04, 2.36170000000000e+04, 2.97397345012138e-10]
	RefineElem[5: 3.10570000000000e+04, 2.54200000000000e+04, 2.54160000000000e+04, 2.77110000000000e+04, 2.97161498354854e-10]
	RefineElem[5: 7.02760000000000e+04, 2.30500000000000e+04, 3.90910000000000e+04, 2.29090000000000e+04, 2.96170171704661e-10]
	RefineElem[5: 5.59970000000000e+04, 3.83170000000000e+04, 3.95000000000000e+04, 3.94980000000000e+04, 2.95547284929432e-10]
	RefineElem[5: 6.59000000000000e+02, 4.25000000000000e+02, 4.24000000000000e+02, 4.32000000000000e+02, 2.93438333725601e-10]
	RefineElem[5: 6.96280000000000e+04, 2.15920000000000e+04, 1.95200000000000e+04, 1.95220000000000e+04, 2.93106762696741e-10]
	RefineElem[5: 2.72280000000000e+04, 2.38210000000000e+04, 3.87460000000000e+04, 2.18380000000000e+04, 2.92770781962813e-10]
	RefineElem[5: 2.72480000000000e+04, 3.88280000000000e+04, 2.27290000000000e+04, 2.26650000000000e+04, 2.92746350389179e-10]
	RefineElem[5: 7.09890000000000e+04, 2.06130000000000e+04, 2.06140000000000e+04, 2.04650000000000e+04, 2.92070006604495e-10]
	RefineElem[5: 3.08500000000000e+04, 2.67450000000000e+04, 2.42400000000000e+04, 2.42390000000000e+04, 2.90931877803862e-10]
	RefineElem[5: 7.83510000000000e+04, 2.26090000000000e+04, 2.26390000000000e+04, 2.26670000000000e+04, 2.89991436182633e-10]
	RefineElem[5: 8.04380000000000e+04, 2.44700000000000e+04, 2.44280000000000e+04, 2.44350000000000e+04, 2.89170049861881e-10]
	RefineElem[5: 4.16670000000000e+04, 3.57240000000000e+04, 3.56940000000000e+04, 3.57540000000000e+04, 2.87884351190836e-10]
	RefineElem[5: 7.31000000000000e+04, 2.17560000000000e+04, 2.17410000000000e+04, 2.14680000000000e+04, 2.87712077968972e-10]
	RefineElem[5: 3.16060000000000e+04, 2.67430000000000e+04, 2.67450000000000e+04, 2.67510000000000e+04, 2.87564673327904e-10]
	RefineElem[5: 7.84890000000000e+04, 1.06800000000000e+03, 1.06700000000000e+03, 7.12000000000000e+02, 2.86581356866333e-10]
	RefineElem[5: 7.53030000000000e+04, 2.36190000000000e+04, 2.35600000000000e+04, 2.32100000000000e+04, 2.86548676989969e-10]
	RefineElem[5: 3.11570000000000e+04, 2.44900000000000e+04, 2.45510000000000e+04, 2.71700000000000e+04, 2.85128256984374e-10]
	RefineElem[5: 6.97050000000000e+04, 3.87660000000000e+04, 2.39430000000000e+04, 2.39370000000000e+04, 2.84141702549599e-10]
	RefineElem[5: 5.93380000000000e+04, 2.04710000000000e+04, 2.04430000000000e+04, 2.05990000000000e+04, 2.83749454784882e-10]
	RefineElem[5: 5.64000000000000e+04, 3.84980000000000e+04, 3.95140000000000e+04, 3.95120000000000e+04, 2.83394050142608e-10]
	RefineElem[5: 2.50990000000000e+04, 2.20080000000000e+04, 2.31930000000000e+04, 2.31890000000000e+04, 2.83034747435809e-10]
	RefineElem[5: 4.00680000000000e+04, 3.47760000000000e+04, 3.47770000000000e+04, 3.47500000000000e+04, 2.82499030723411e-10]
	RefineElem[5: 7.32640000000000e+04, 2.31980000000000e+04, 2.31960000000000e+04, 2.31990000000000e+04, 2.82367814148110e-10]
	RefineElem[5: 4.18700000000000e+04, 3.58650000000000e+04, 3.58780000000000e+04, 3.59130000000000e+04, 2.81920495055294e-10]
	RefineElem[5: 7.07010000000000e+04, 2.29070000000000e+04, 2.30440000000000e+04, 2.27360000000000e+04, 2.81616259875723e-10]
	RefineElem[5: 7.67430000000000e+04, 2.74240000000000e+04, 2.74250000000000e+04, 2.86840000000000e+04, 2.81070470763110e-10]
	RefineElem[5: 7.83560000000000e+04, 2.44350000000000e+04, 2.57990000000000e+04, 2.58000000000000e+04, 2.81050235695356e-10]
	RefineElem[5: 7.72040000000000e+04, 2.17680000000000e+04, 2.17790000000000e+04, 2.17890000000000e+04, 2.80740063864958e-10]
	RefineElem[5: 6.86380000000000e+04, 1.95030000000000e+04, 1.95660000000000e+04, 1.95860000000000e+04, 2.80135166050749e-10]
	RefineElem[5: 6.00970000000000e+04, 2.46390000000000e+04, 2.45400000000000e+04, 2.66240000000000e+04, 2.80035728895887e-10]
	RefineElem[5: 4.01090000000000e+04, 3.47800000000000e+04, 3.47710000000000e+04, 3.48450000000000e+04, 2.79430673051765e-10]
	RefineElem[5: 6.43130000000000e+04, 2.32890000000000e+04, 2.32940000000000e+04, 2.32810000000000e+04, 2.77393923458959e-10]
	RefineElem[5: 7.50600000000000e+04, 2.02280000000000e+04, 2.02610000000000e+04, 2.01760000000000e+04, 2.76490881614831e-10]
	RefineElem[5: 2.71170000000000e+04, 2.29110000000000e+04, 2.04510000000000e+04, 2.04590000000000e+04, 2.75962617590031e-10]
	RefineElem[5: 2.53700000000000e+04, 2.31770000000000e+04, 2.31690000000000e+04, 2.31750000000000e+04, 2.75574448077461e-10]
	RefineElem[5: 5.35940000000000e+04, 3.72910000000000e+04, 3.89720000000000e+04, 3.48800000000000e+04, 2.75487745151881e-10]
	RefineElem[5: 2.65640000000000e+04, 2.07970000000000e+04, 2.07960000000000e+04, 2.31530000000000e+04, 2.74273018580090e-10]
	RefineElem[5: 7.30890000000000e+04, 1.94130000000000e+04, 1.94140000000000e+04, 1.96100000000000e+04, 2.73469419285384e-10]
	RefineElem[5: 2.64970000000000e+04, 2.31990000000000e+04, 2.31970000000000e+04, 2.07520000000000e+04, 2.72875644113901e-10]
	RefineElem[5: 7.83690000000000e+04, 2.75380000000000e+04, 2.75320000000000e+04, 2.73640000000000e+04, 2.72834770283887e-10]
	RefineElem[5: 6.03670000000000e+04, 2.82580000000000e+04, 2.82700000000000e+04, 2.82710000000000e+04, 2.72167325538210e-10]
	RefineElem[5: 4.02120000000000e+04, 3.47580000000000e+04, 3.47600000000000e+04, 3.48460000000000e+04, 2.71531699136557e-10]
	RefineElem[5: 6.49190000000000e+04, 3.40710000000000e+04, 3.41310000000000e+04, 3.41330000000000e+04, 2.69493417657688e-10]
	RefineElem[5: 6.53700000000000e+04, 2.19010000000000e+04, 2.38280000000000e+04, 2.18630000000000e+04, 2.69479725296983e-10]
	RefineElem[5: 2.07030000000000e+04, 1.72410000000000e+04, 1.72450000000000e+04, 1.72080000000000e+04, 2.69456504867521e-10]
	RefineElem[5: 2.69290000000000e+04, 2.41810000000000e+04, 2.15210000000000e+04, 1.92440000000000e+04, 2.68981215376343e-10]
	RefineElem[5: 2.05190000000000e+04, 1.71040000000000e+04, 3.84780000000000e+04, 3.84760000000000e+04, 2.67020202222353e-10]
	RefineElem[5: 5.94490000000000e+04, 1.96170000000000e+04, 1.95200000000000e+04, 2.15780000000000e+04, 2.66935779718253e-10]
	RefineElem[5: 7.28930000000000e+04, 1.93560000000000e+04, 1.93500000000000e+04, 1.93330000000000e+04, 2.66472151953731e-10]
	RefineElem[5: 8.10560000000000e+04, 2.27190000000000e+04, 2.28800000000000e+04, 2.40210000000000e+04, 2.66153654570395e-10]
	RefineElem[5: 7.56730000000000e+04, 2.86740000000000e+04, 2.82600000000000e+04, 2.74760000000000e+04, 2.65608548179857e-10]
	RefineElem[5: 2.73910000000000e+04, 2.03570000000000e+04, 3.92000000000000e+04, 2.02790000000000e+04, 2.65404209130779e-10]
	RefineElem[5: 6.04820000000000e+04, 2.92240000000000e+04, 2.92180000000000e+04, 2.92160000000000e+04, 2.64379334997785e-10]
	RefineElem[5: 7.78550000000000e+04, 7.22000000000000e+02, 8.36000000000000e+02, 7.27000000000000e+02, 2.64213564710370e-10]
	RefineElem[5: 7.80710000000000e+04, 2.58580000000000e+04, 2.58660000000000e+04, 2.44360000000000e+04, 2.64210369870168e-10]
	RefineElem[5: 4.16030000000000e+04, 3.57080000000000e+04, 3.57100000000000e+04, 3.57740000000000e+04, 2.63882534913212e-10]
	RefineElem[5: 5.76310000000000e+04, 6.74700000000000e+03, 6.72200000000000e+03, 6.74500000000000e+03, 2.63528339842748e-10]
	RefineElem[5: 7.54850000000000e+04, 2.53140000000000e+04, 2.52480000000000e+04, 2.53190000000000e+04, 2.62495180062272e-10]
	RefineElem[5: 6.84650000000000e+04, 1.02010000000000e+04, 9.95600000000000e+03, 1.16060000000000e+04, 2.61136856040875e-10]
	RefineElem[5: 4.06030000000000e+04, 3.50820000000000e+04, 3.51090000000000e+04, 3.50980000000000e+04, 2.60747595879009e-10]
	RefineElem[5: 7.72200000000000e+04, 2.31810000000000e+04, 2.31800000000000e+04, 2.31790000000000e+04, 2.59087775589882e-10]
	RefineElem[5: 7.84150000000000e+04, 1.00010000000000e+04, 1.13110000000000e+04, 1.13120000000000e+04, 2.59010269607987e-10]
	RefineElem[5: 6.41940000000000e+04, 2.21270000000000e+04, 2.20310000000000e+04, 2.37650000000000e+04, 2.57387749376189e-10]
	RefineElem[5: 7.51360000000000e+04, 2.12790000000000e+04, 2.14150000000000e+04, 2.14180000000000e+04, 2.57103759158547e-10]
	RefineElem[5: 8.03990000000000e+04, 2.18370000000000e+04, 2.18350000000000e+04, 2.20060000000000e+04, 2.56526836434614e-10]
	RefineElem[5: 4.18690000000000e+04, 3.59130000000000e+04, 3.59150000000000e+04, 3.58650000000000e+04, 2.55718126382896e-10]
	RefineElem[5: 7.78120000000000e+04, 2.81940000000000e+04, 2.76580000000000e+04, 2.77170000000000e+04, 2.54712512353328e-10]
	RefineElem[5: 7.67150000000000e+04, 2.82300000000000e+04, 2.82080000000000e+04, 2.58330000000000e+04, 2.53610228363592e-10]
	RefineElem[5: 7.12350000000000e+04, 2.54620000000000e+04, 2.53930000000000e+04, 2.55080000000000e+04, 2.52683708878227e-10]
	RefineElem[5: 7.16720000000000e+04, 6.11800000000000e+03, 3.57500000000000e+03, 6.10000000000000e+03, 2.52281337262719e-10]
	RefineElem[5: 2.43240000000000e+04, 1.95140000000000e+04, 2.11410000000000e+04, 2.11330000000000e+04, 2.51518413492181e-10]
	RefineElem[5: 7.72330000000000e+04, 1.97650000000000e+04, 1.99080000000000e+04, 1.99220000000000e+04, 2.51300411150252e-10]
	RefineElem[5: 4.04020000000000e+04, 3.49450000000000e+04, 3.50260000000000e+04, 3.50170000000000e+04, 2.51208794067478e-10]
	RefineElem[5: 6.88970000000000e+04, 2.45400000000000e+04, 2.45390000000000e+04, 2.66150000000000e+04, 2.50210403973408e-10]
	RefineElem[5: 7.82530000000000e+04, 3.60900000000000e+03, 3.59200000000000e+03, 3.59700000000000e+03, 2.49765670628633e-10]
	RefineElem[5: 6.01910000000000e+04, 2.71000000000000e+04, 2.70480000000000e+04, 2.83220000000000e+04, 2.48258842489326e-10]
	RefineElem[5: 7.96570000000000e+04, 2.17740000000000e+04, 2.39570000000000e+04, 2.39580000000000e+04, 2.48235852311255e-10]
	RefineElem[5: 6.07980000000000e+04, 3.49580000000000e+04, 3.49520000000000e+04, 3.49600000000000e+04, 2.48042013700271e-10]
	RefineElem[5: 6.42960000000000e+04, 2.27280000000000e+04, 2.30730000000000e+04, 2.30710000000000e+04, 2.47885671125230e-10]
	RefineElem[5: 7.81320000000000e+04, 3.61200000000000e+03, 4.36400000000000e+03, 3.59600000000000e+03, 2.47871020415877e-10]
	RefineElem[5: 7.21250000000000e+04, 1.00120000000000e+04, 1.00020000000000e+04, 1.16420000000000e+04, 2.47776679616024e-10]
	RefineElem[5: 7.04630000000000e+04, 2.87750000000000e+04, 2.70540000000000e+04, 2.71430000000000e+04, 2.46820139957723e-10]
	RefineElem[5: 7.94800000000000e+04, 3.91520000000000e+04, 2.28970000000000e+04, 2.30600000000000e+04, 2.46744371903632e-10]
	RefineElem[5: 2.49870000000000e+04, 2.26670000000000e+04, 2.26710000000000e+04, 2.27370000000000e+04, 2.46240668878292e-10]
	RefineElem[5: 6.96550000000000e+04, 2.37230000000000e+04, 2.31840000000000e+04, 2.31830000000000e+04, 2.45672514960299e-10]
	RefineElem[5: 7.50320000000000e+04, 2.07120000000000e+04, 2.00260000000000e+04, 2.07100000000000e+04, 2.45621712789393e-10]
	RefineElem[5: 4.03770000000000e+04, 3.49650000000000e+04, 3.49640000000000e+04, 3.49600000000000e+04, 2.45458046769007e-10]
	RefineElem[5: 7.74070000000000e+04, 2.50980000000000e+04, 2.48550000000000e+04, 2.51310000000000e+04, 2.44739891729851e-10]
	RefineElem[5: 7.73930000000000e+04, 2.00680000000000e+04, 1.98270000000000e+04, 2.00990000000000e+04, 2.43849870808591e-10]
	RefineElem[5: 7.80550000000000e+04, 2.00300000000000e+04, 1.99080000000000e+04, 2.23780000000000e+04, 2.43649419064947e-10]
	RefineElem[5: 2.65730000000000e+04, 2.31490000000000e+04, 2.31480000000000e+04, 2.08010000000000e+04, 2.43163791209216e-10]
	RefineElem[5: 7.30110000000000e+04, 2.03390000000000e+04, 2.03190000000000e+04, 2.02720000000000e+04, 2.42828763448012e-10]
	RefineElem[5: 2.71440000000000e+04, 2.02420000000000e+04, 2.02830000000000e+04, 2.27880000000000e+04, 2.42615936183507e-10]
	RefineElem[5: 7.71480000000000e+04, 1.93670000000000e+04, 1.94130000000000e+04, 1.95170000000000e+04, 2.42108190370227e-10]
	RefineElem[5: 7.77190000000000e+04, 2.24790000000000e+04, 2.25460000000000e+04, 2.25120000000000e+04, 2.40831233683832e-10]
	RefineElem[5: 7.58230000000000e+04, 4.56700000000000e+03, 5.03000000000000e+03, 6.69000000000000e+02, 2.40751861783557e-10]
	RefineElem[5: 7.89960000000000e+04, 2.05920000000000e+04, 2.03590000000000e+04, 3.92660000000000e+04, 2.39946249079068e-10]
	RefineElem[5: 7.22570000000000e+04, 9.02500000000000e+03, 1.21590000000000e+04, 1.11990000000000e+04, 2.39899523101767e-10]
	RefineElem[5: 7.81200000000000e+04, 7.12000000000000e+02, 6.80000000000000e+02, 1.76800000000000e+03, 2.39325939480691e-10]
	RefineElem[5: 6.02830000000000e+04, 2.77220000000000e+04, 2.77210000000000e+04, 2.77170000000000e+04, 2.39120353974454e-10]
	RefineElem[5: 3.08580000000000e+04, 2.92370000000000e+04, 2.65670000000000e+04, 2.42690000000000e+04, 2.38596691951999e-10]
	RefineElem[5: 7.80700000000000e+04, 2.44360000000000e+04, 2.58660000000000e+04, 2.58560000000000e+04, 2.38019085674230e-10]
	RefineElem[5: 8.37200000000000e+03, 9.30000000000000e+02, 3.47700000000000e+03, 5.34000000000000e+03, 2.37863338228388e-10]
	RefineElem[5: 7.72760000000000e+04, 2.28270000000000e+04, 2.27650000000000e+04, 2.27700000000000e+04, 2.37665584638120e-10]
	RefineElem[5: 7.31510000000000e+04, 2.19140000000000e+04, 2.19450000000000e+04, 2.18720000000000e+04, 2.36299407416285e-10]
	RefineElem[5: 7.80300000000000e+04, 2.01100000000000e+04, 2.02800000000000e+04, 2.02790000000000e+04, 2.33290188232901e-10]
	RefineElem[5: 6.72240000000000e+04, 2.22760000000000e+04, 2.22850000000000e+04, 2.31550000000000e+04, 2.32900811060118e-10]
	RefineElem[5: 3.10810000000000e+04, 2.55210000000000e+04, 2.55230000000000e+04, 2.79360000000000e+04, 2.32728635698556e-10]
	RefineElem[5: 3.05060000000000e+04, 2.58480000000000e+04, 2.58460000000000e+04, 2.81970000000000e+04, 2.32525547615347e-10]
	RefineElem[5: 4.24150000000000e+04, 3.62530000000000e+04, 3.62550000000000e+04, 3.61910000000000e+04, 2.31982652786496e-10]
	RefineElem[5: 7.67630000000000e+04, 2.77170000000000e+04, 2.76890000000000e+04, 2.77220000000000e+04, 2.31978748091631e-10]
	RefineElem[5: 7.80920000000000e+04, 2.75850000000000e+04, 2.77150000000000e+04, 2.75540000000000e+04, 2.30867772382024e-10]
	RefineElem[5: 5.64030000000000e+04, 3.95160000000000e+04, 3.84990000000000e+04, 3.84970000000000e+04, 2.30460010449433e-10]
	RefineElem[5: 4.21190000000000e+04, 3.61020000000000e+04, 3.59820000000000e+04, 3.60420000000000e+04, 2.30455421064919e-10]
	RefineElem[5: 2.50240000000000e+04, 2.28740000000000e+04, 2.28750000000000e+04, 2.28760000000000e+04, 2.30152636714650e-10]
	RefineElem[5: 7.73890000000000e+04, 2.00050000000000e+04, 1.98270000000000e+04, 2.00700000000000e+04, 2.30107073499053e-10]
	RefineElem[5: 3.15080000000000e+04, 3.90980000000000e+04, 2.53970000000000e+04, 2.53200000000000e+04, 2.29797081771242e-10]
	RefineElem[5: 2.00290000000000e+04, 1.67960000000000e+04, 1.67950000000000e+04, 1.67900000000000e+04, 2.29254134095346e-10]
	RefineElem[5: 5.63900000000000e+04, 3.84950000000000e+04, 3.84930000000000e+04, 3.95050000000000e+04, 2.29094358357013e-10]
	RefineElem[5: 8.11070000000000e+04, 2.16890000000000e+04, 2.16750000000000e+04, 2.16790000000000e+04, 2.28594279264789e-10]
	RefineElem[5: 5.98300000000000e+04, 2.41680000000000e+04, 2.41620000000000e+04, 2.41600000000000e+04, 2.28451097478888e-10]
	RefineElem[5: 7.56370000000000e+04, 2.76630000000000e+04, 2.76580000000000e+04, 2.81940000000000e+04, 2.28437270302052e-10]
	RefineElem[5: 2.00280000000000e+04, 1.67840000000000e+04, 1.67930000000000e+04, 1.67960000000000e+04, 2.28393912777818e-10]
	RefineElem[5: 7.75190000000000e+04, 9.66200000000000e+03, 7.53000000000000e+03, 7.52900000000000e+03, 2.27863757111145e-10]
	RefineElem[5: 2.64890000000000e+04, 2.32050000000000e+04, 2.32040000000000e+04, 2.07480000000000e+04, 2.27799369227864e-10]
	RefineElem[5: 7.78350000000000e+04, 7.22000000000000e+02, 6.92000000000000e+02, 1.75200000000000e+03, 2.27730696452363e-10]
	RefineElem[5: 5.95420000000000e+04, 2.20580000000000e+04, 2.20060000000000e+04, 2.32720000000000e+04, 2.25933180105606e-10]
	RefineElem[5: 7.65830000000000e+04, 2.25260000000000e+04, 2.36340000000000e+04, 2.36220000000000e+04, 2.25752761448842e-10]
	RefineElem[5: 5.35900000000000e+04, 3.72920000000000e+04, 3.89670000000000e+04, 3.48950000000000e+04, 2.24858015047167e-10]
	RefineElem[5: 7.59470000000000e+04, 3.62600000000000e+03, 3.64900000000000e+03, 3.64800000000000e+03, 2.24778006619388e-10]
	RefineElem[5: 7.77110000000000e+04, 2.39970000000000e+04, 2.17950000000000e+04, 2.17680000000000e+04, 2.24367406103487e-10]
	RefineElem[5: 6.30260000000000e+04, 8.94800000000000e+03, 8.50800000000000e+03, 8.91800000000000e+03, 2.24355786206590e-10]
	RefineElem[5: 6.07930000000000e+04, 3.48600000000000e+04, 3.48770000000000e+04, 3.48120000000000e+04, 2.24195740995354e-10]
	RefineElem[5: 7.76900000000000e+03, 5.90700000000000e+03, 5.90600000000000e+03, 2.86900000000000e+03, 2.23650844735445e-10]
	RefineElem[5: 3.09180000000000e+04, 2.91890000000000e+04, 2.91880000000000e+04, 2.66080000000000e+04, 2.23456336893943e-10]
	RefineElem[5: 7.72610000000000e+04, 2.25390000000000e+04, 2.25480000000000e+04, 2.26160000000000e+04, 2.23410789572192e-10]
	RefineElem[5: 4.00980000000000e+04, 3.47530000000000e+04, 3.48510000000000e+04, 3.48280000000000e+04, 2.22344192127205e-10]
	RefineElem[5: 6.07830000000000e+04, 3.47240000000000e+04, 3.48300000000000e+04, 3.48320000000000e+04, 2.22093934080213e-10]
	RefineElem[5: 7.49390000000000e+04, 1.94130000000000e+04, 1.93670000000000e+04, 1.93740000000000e+04, 2.21015358278014e-10]
	RefineElem[5: 4.02610000000000e+04, 3.48750000000000e+04, 3.48470000000000e+04, 3.84880000000000e+04, 2.20722511943084e-10]
	RefineElem[5: 7.67110000000000e+04, 2.92040000000000e+04, 2.69420000000000e+04, 2.70180000000000e+04, 2.20618391649332e-10]
	RefineElem[5: 7.89150000000000e+04, 2.78830000000000e+04, 2.77840000000000e+04, 3.92700000000000e+04, 2.20183133515400e-10]
	RefineElem[5: 4.02760000000000e+04, 3.48750000000000e+04, 3.48450000000000e+04, 3.83200000000000e+04, 2.19488092146162e-10]
	RefineElem[5: 4.01290000000000e+04, 3.48140000000000e+04, 3.48130000000000e+04, 3.47480000000000e+04, 2.19113839368469e-10]
	RefineElem[5: 2.89200000000000e+04, 2.77170000000000e+04, 2.77210000000000e+04, 2.77850000000000e+04, 2.18198065940455e-10]
	RefineElem[5: 2.74110000000000e+04, 2.28950000000000e+04, 2.28870000000000e+04, 2.28910000000000e+04, 2.16356021752685e-10]
	RefineElem[5: 7.87120000000000e+04, 1.95800000000000e+03, 6.93000000000000e+02, 7.43000000000000e+02, 2.16062798846310e-10]
	RefineElem[5: 7.61500000000000e+04, 1.01390000000000e+04, 9.95600000000000e+03, 9.96300000000000e+03, 2.15908814040604e-10]
	RefineElem[5: 5.40750000000000e+04, 3.74410000000000e+04, 3.98630000000000e+04, 3.98390000000000e+04, 2.15858917341618e-10]
	RefineElem[5: 7.10270000000000e+04, 2.33260000000000e+04, 2.33130000000000e+04, 2.36020000000000e+04, 2.15426476789901e-10]
	RefineElem[5: 5.76450000000000e+04, 6.77700000000000e+03, 6.80000000000000e+03, 6.77900000000000e+03, 2.15170629151518e-10]
	RefineElem[5: 3.11680000000000e+04, 2.69170000000000e+04, 2.68610000000000e+04, 2.43170000000000e+04, 2.14697971825180e-10]
	RefineElem[5: 7.78980000000000e+04, 7.52600000000000e+03, 9.71500000000000e+03, 9.71700000000000e+03, 2.14479987030883e-10]
	RefineElem[5: 8.00830000000000e+04, 2.26310000000000e+04, 2.25260000000000e+04, 2.26080000000000e+04, 2.14461185264428e-10]
	RefineElem[5: 7.72740000000000e+04, 2.28630000000000e+04, 2.27700000000000e+04, 2.28340000000000e+04, 2.14279354691100e-10]
	RefineElem[5: 7.75180000000000e+04, 9.66300000000000e+03, 7.53000000000000e+03, 9.66200000000000e+03, 2.14257140555780e-10]
	RefineElem[5: 7.36600000000000e+04, 2.82460000000000e+04, 2.82480000000000e+04, 2.83660000000000e+04, 2.12221949047189e-10]
	RefineElem[5: 7.16790000000000e+04, 3.57500000000000e+03, 6.68000000000000e+02, 6.67000000000000e+02, 2.11733290389767e-10]
	RefineElem[5: 7.86070000000000e+04, 3.63300000000000e+03, 4.83000000000000e+03, 4.83100000000000e+03, 2.11692262280588e-10]
	RefineElem[5: 7.50180000000000e+04, 2.00230000000000e+04, 2.07170000000000e+04, 2.00280000000000e+04, 2.11625203568723e-10]
	RefineElem[5: 3.11670000000000e+04, 2.43170000000000e+04, 2.43310000000000e+04, 2.69170000000000e+04, 2.10569908086861e-10]
	RefineElem[5: 7.63640000000000e+04, 1.48200000000000e+04, 1.62440000000000e+04, 1.48800000000000e+04, 2.08158210861853e-10]
	RefineElem[5: 6.69450000000000e+04, 1.78650000000000e+04, 1.78300000000000e+04, 1.78720000000000e+04, 2.07914454868342e-10]
	RefineElem[5: 7.54700000000000e+04, 2.58470000000000e+04, 2.52420000000000e+04, 2.52460000000000e+04, 2.07145764725682e-10]
	RefineElem[5: 7.65690000000000e+04, 2.23790000000000e+04, 2.23800000000000e+04, 2.36290000000000e+04, 2.05563892615571e-10]
	RefineElem[5: 8.12740000000000e+04, 1.95220000000000e+04, 1.95200000000000e+04, 2.15690000000000e+04, 2.05401219625472e-10]
	RefineElem[5: 5.93520000000000e+04, 2.07200000000000e+04, 2.07170000000000e+04, 2.07140000000000e+04, 2.05165161108787e-10]
	RefineElem[5: 5.36060000000000e+04, 3.72860000000000e+04, 3.89810000000000e+04, 3.48910000000000e+04, 2.05149364359741e-10]
	RefineElem[5: 6.08210000000000e+04, 3.50310000000000e+04, 3.50120000000000e+04, 3.49260000000000e+04, 2.04932348497976e-10]
	RefineElem[5: 8.11090000000000e+04, 2.16960000000000e+04, 2.16970000000000e+04, 2.17050000000000e+04, 2.04148992706322e-10]
	RefineElem[5: 2.71110000000000e+04, 2.14860000000000e+04, 2.16160000000000e+04, 2.40710000000000e+04, 2.04127019630366e-10]
	RefineElem[5: 7.54820000000000e+04, 2.52890000000000e+04, 2.51980000000000e+04, 2.52920000000000e+04, 2.04087857033273e-10]
	RefineElem[5: 5.92240000000000e+04, 1.94070000000000e+04, 1.93500000000000e+04, 1.93580000000000e+04, 2.03957587639474e-10]
	RefineElem[5: 7.74030000000000e+04, 2.50340000000000e+04, 2.48550000000000e+04, 2.51000000000000e+04, 2.03720829499232e-10]
	RefineElem[5: 7.62800000000000e+04, 1.33490000000000e+04, 1.33970000000000e+04, 1.32650000000000e+04, 2.03646682590540e-10]
	RefineElem[5: 6.73600000000000e+04, 2.63270000000000e+04, 2.43780000000000e+04, 2.43790000000000e+04, 2.03423048409263e-10]
	RefineElem[5: 3.10960000000000e+04, 2.65400000000000e+04, 2.79730000000000e+04, 2.79820000000000e+04, 2.02674694055327e-10]
	RefineElem[5: 4.18230000000000e+04, 3.59150000000000e+04, 3.59130000000000e+04, 3.59060000000000e+04, 2.02320185530428e-10]
	RefineElem[5: 1.56910000000000e+04, 7.44200000000000e+03, 7.44800000000000e+03, 1.00830000000000e+04, 2.02231193893920e-10]
	RefineElem[5: 7.81020000000000e+04, 2.76810000000000e+04, 2.77150000000000e+04, 2.81760000000000e+04, 1.99981991435734e-10]
	RefineElem[5: 6.39050000000000e+04, 3.93950000000000e+04, 1.92240000000000e+04, 2.13910000000000e+04, 1.99558197333378e-10]
	RefineElem[5: 7.76720000000000e+04, 1.97800000000000e+04, 2.10190000000000e+04, 2.10420000000000e+04, 1.99316529917666e-10]
	RefineElem[5: 3.05050000000000e+04, 2.58460000000000e+04, 2.58450000000000e+04, 2.81980000000000e+04, 1.98196933737554e-10]
	RefineElem[5: 6.25000000000000e+04, 3.64800000000000e+03, 3.64900000000000e+03, 3.73100000000000e+03, 1.97334867605940e-10]
	RefineElem[5: 4.06170000000000e+04, 3.51630000000000e+04, 3.51640000000000e+04, 3.51430000000000e+04, 1.97323672667127e-10]
	RefineElem[5: 7.84210000000000e+04, 1.12760000000000e+04, 1.12940000000000e+04, 1.00010000000000e+04, 1.96222954867838e-10]
	RefineElem[5: 3.90180000000000e+04, 3.41190000000000e+04, 3.41210000000000e+04, 3.40830000000000e+04, 1.96104449960452e-10]
	RefineElem[5: 1.47820000000000e+04, 9.73900000000000e+03, 9.85400000000000e+03, 1.24970000000000e+04, 1.96082893130577e-10]
	RefineElem[5: 6.20820000000000e+04, 2.03450000000000e+04, 3.94560000000000e+04, 2.03350000000000e+04, 1.95609499920657e-10]
	RefineElem[5: 7.87540000000000e+04, 7.55600000000000e+03, 7.43100000000000e+03, 7.91500000000000e+03, 1.95161639124849e-10]
	RefineElem[5: 2.04010000000000e+04, 1.70590000000000e+04, 1.70610000000000e+04, 1.70620000000000e+04, 1.95127100679635e-10]
	RefineElem[5: 6.42600000000000e+04, 2.27660000000000e+04, 2.27650000000000e+04, 2.27460000000000e+04, 1.94973887934609e-10]
	RefineElem[5: 7.80540000000000e+04, 2.35520000000000e+04, 2.23780000000000e+04, 2.22280000000000e+04, 1.92742553267595e-10]
	RefineElem[5: 2.90650000000000e+04, 2.83220000000000e+04, 2.70480000000000e+04, 2.83260000000000e+04, 1.92455681223979e-10]
	RefineElem[5: 3.09030000000000e+04, 2.66010000000000e+04, 2.66000000000000e+04, 2.92030000000000e+04, 1.92182952851667e-10]
	RefineElem[5: 4.15450000000000e+04, 3.57100000000000e+04, 3.57080000000000e+04, 3.56940000000000e+04, 1.91248629990978e-10]
	RefineElem[5: 7.80660000000000e+04, 2.46140000000000e+04, 2.46160000000000e+04, 2.44360000000000e+04, 1.90971116553477e-10]
	RefineElem[5: 7.96480000000000e+04, 2.30430000000000e+04, 2.30410000000000e+04, 2.27350000000000e+04, 1.90814837596595e-10]
	RefineElem[5: 3.89390000000000e+04, 3.41510000000000e+04, 3.41520000000000e+04, 3.41530000000000e+04, 1.90010726229568e-10]
	RefineElem[5: 7.71440000000000e+04, 1.95920000000000e+04, 1.95940000000000e+04, 1.94130000000000e+04, 1.89935430773702e-10]
	RefineElem[5: 5.36370000000000e+04, 3.72970000000000e+04, 3.89570000000000e+04, 3.50390000000000e+04, 1.89871405845721e-10]
	RefineElem[5: 1.47710000000000e+04, 7.24400000000000e+03, 9.73900000000000e+03, 1.15000000000000e+04, 1.89585532971651e-10]
	RefineElem[5: 6.70810000000000e+04, 3.94440000000000e+04, 2.06110000000000e+04, 2.06090000000000e+04, 1.89177943074911e-10]
	RefineElem[5: 7.71920000000000e+04, 2.00270000000000e+04, 2.00200000000000e+04, 2.07070000000000e+04, 1.88962891898129e-10]
	RefineElem[5: 8.13860000000000e+04, 2.44360000000000e+04, 2.43900000000000e+04, 2.43980000000000e+04, 1.88451703130361e-10]
	RefineElem[5: 7.80910000000000e+04, 2.77150000000000e+04, 2.75850000000000e+04, 2.82880000000000e+04, 1.88439183740490e-10]
	RefineElem[5: 7.65850000000000e+04, 2.25210000000000e+04, 2.25370000000000e+04, 2.24200000000000e+04, 1.88295883251877e-10]
	RefineElem[5: 6.96220000000000e+04, 2.12790000000000e+04, 3.93830000000000e+04, 2.14140000000000e+04, 1.87707258039789e-10]
	RefineElem[5: 6.61730000000000e+04, 7.30200000000000e+03, 7.29800000000000e+03, 7.56000000000000e+03, 1.87480965937865e-10]
	RefineElem[5: 2.69740000000000e+04, 2.15550000000000e+04, 2.15540000000000e+04, 2.41470000000000e+04, 1.85774674953289e-10]
	RefineElem[5: 7.31460000000000e+04, 3.93010000000000e+04, 2.19230000000000e+04, 2.19150000000000e+04, 1.85294421738260e-10]
	RefineElem[5: 7.66670000000000e+04, 2.51400000000000e+04, 2.51260000000000e+04, 2.50520000000000e+04, 1.83508511201375e-10]
	RefineElem[5: 6.73260000000000e+04, 2.38370000000000e+04, 2.18720000000000e+04, 2.18500000000000e+04, 1.83022091760778e-10]
	RefineElem[5: 7.74360000000000e+04, 1.45900000000000e+03, 7.35000000000000e+02, 1.89500000000000e+03, 1.82818037960061e-10]
	RefineElem[5: 6.44500000000000e+04, 2.58380000000000e+04, 2.49060000000000e+04, 2.49100000000000e+04, 1.82173766964489e-10]
	RefineElem[5: 3.89900000000000e+04, 3.40590000000000e+04, 3.40610000000000e+04, 3.41500000000000e+04, 1.81798067849415e-10]
	RefineElem[5: 3.03760000000000e+04, 2.57520000000000e+04, 2.57510000000000e+04, 2.82870000000000e+04, 1.81148936232235e-10]
	RefineElem[5: 7.07280000000000e+04, 2.20990000000000e+04, 2.37080000000000e+04, 2.37130000000000e+04, 1.80909276617073e-10]
	RefineElem[5: 7.16590000000000e+04, 3.57300000000000e+03, 5.97100000000000e+03, 2.74100000000000e+03, 1.79912792427642e-10]
	RefineElem[5: 8.12430000000000e+04, 2.03580000000000e+04, 2.03570000000000e+04, 2.06750000000000e+04, 1.79650142253765e-10]
	RefineElem[5: 5.96930000000000e+04, 2.27280000000000e+04, 2.30740000000000e+04, 2.30730000000000e+04, 1.79576484634074e-10]
	RefineElem[5: 2.89580000000000e+04, 2.79340000000000e+04, 2.79360000000000e+04, 2.79230000000000e+04, 1.79492338776269e-10]
	RefineElem[5: 7.53020000000000e+04, 2.32100000000000e+04, 2.32300000000000e+04, 2.32310000000000e+04, 1.78282123988679e-10]
	RefineElem[5: 4.04600000000000e+04, 3.49640000000000e+04, 3.49630000000000e+04, 3.50010000000000e+04, 1.77998995062489e-10]
	RefineElem[5: 7.07770000000000e+04, 2.62140000000000e+04, 2.61760000000000e+04, 2.46090000000000e+04, 1.77832733529467e-10]
	RefineElem[5: 7.88680000000000e+04, 2.77590000000000e+04, 2.79040000000000e+04, 2.54710000000000e+04, 1.77677469254421e-10]
	RefineElem[5: 4.15490000000000e+04, 3.56940000000000e+04, 3.57240000000000e+04, 3.57100000000000e+04, 1.77436476601169e-10]
	RefineElem[5: 2.71450000000000e+04, 2.27880000000000e+04, 2.26980000000000e+04, 2.02420000000000e+04, 1.76920818743271e-10]
	RefineElem[5: 3.98550000000000e+04, 3.46590000000000e+04, 3.46570000000000e+04, 3.46560000000000e+04, 1.76537430527370e-10]
	RefineElem[5: 3.08360000000000e+04, 2.68000000000000e+04, 2.67880000000000e+04, 2.65130000000000e+04, 1.75675978231968e-10]
	RefineElem[5: 7.13980000000000e+04, 2.28860000000000e+04, 2.29840000000000e+04, 2.31320000000000e+04, 1.75527652793957e-10]
	RefineElem[5: 8.17110000000000e+04, 2.65350000000000e+04, 2.65320000000000e+04, 2.55430000000000e+04, 1.75394240065217e-10]
	RefineElem[5: 7.87640000000000e+04, 1.00090000000000e+04, 9.92200000000000e+03, 9.98000000000000e+03, 1.75192443832347e-10]
	RefineElem[5: 6.07960000000000e+04, 3.49510000000000e+04, 3.49280000000000e+04, 3.49310000000000e+04, 1.75030999108023e-10]
	RefineElem[5: 6.72870000000000e+04, 2.32890000000000e+04, 2.32810000000000e+04, 2.32770000000000e+04, 1.74970280877321e-10]
	RefineElem[5: 3.08530000000000e+04, 2.65200000000000e+04, 2.67140000000000e+04, 2.90840000000000e+04, 1.74130278575945e-10]
	RefineElem[5: 5.83700000000000e+04, 1.22670000000000e+04, 1.22250000000000e+04, 1.22580000000000e+04, 1.73989963036321e-10]
	RefineElem[5: 7.15770000000000e+04, 6.82000000000000e+02, 1.87600000000000e+03, 1.87700000000000e+03, 1.73423430305578e-10]
	RefineElem[5: 7.90210000000000e+04, 3.49450000000000e+04, 3.49230000000000e+04, 3.49550000000000e+04, 1.73038989476989e-10]
	RefineElem[5: 7.79460000000000e+04, 9.88200000000000e+03, 1.15850000000000e+04, 1.15910000000000e+04, 1.71784263660843e-10]
	RefineElem[5: 6.10410000000000e+04, 3.60900000000000e+04, 3.60870000000000e+04, 3.60150000000000e+04, 1.71197576353616e-10]
	RefineElem[5: 6.34390000000000e+04, 1.15000000000000e+04, 1.24780000000000e+04, 1.24820000000000e+04, 1.71136944638815e-10]
	RefineElem[5: 7.72190000000000e+04, 2.37380000000000e+04, 2.31810000000000e+04, 2.31840000000000e+04, 1.71063541838670e-10]
	RefineElem[5: 7.13500000000000e+04, 2.86340000000000e+04, 2.83550000000000e+04, 2.83820000000000e+04, 1.71053149666068e-10]
	RefineElem[5: 7.81720000000000e+04, 1.00110000000000e+04, 1.12730000000000e+04, 1.12610000000000e+04, 1.70740503172062e-10]
	RefineElem[5: 7.71940000000000e+04, 2.07070000000000e+04, 2.00260000000000e+04, 2.00270000000000e+04, 1.70308663453197e-10]
	RefineElem[5: 5.59960000000000e+04, 3.95000000000000e+04, 3.83170000000000e+04, 3.94640000000000e+04, 1.70148229467557e-10]
	RefineElem[5: 8.11110000000000e+04, 2.16960000000000e+04, 2.17050000000000e+04, 2.17040000000000e+04, 1.69835101239212e-10]
	RefineElem[5: 7.51080000000000e+04, 2.07910000000000e+04, 2.07900000000000e+04, 2.07680000000000e+04, 1.69729846922289e-10]
	RefineElem[5: 5.94790000000000e+04, 2.17190000000000e+04, 2.17160000000000e+04, 2.17250000000000e+04, 1.69550376386661e-10]
	RefineElem[5: 6.41860000000000e+04, 2.20870000000000e+04, 2.20200000000000e+04, 2.20890000000000e+04, 1.69118570739821e-10]
	RefineElem[5: 2.71230000000000e+04, 2.14940000000000e+04, 2.29230000000000e+04, 2.29320000000000e+04, 1.69078459700889e-10]
	RefineElem[5: 6.72550000000000e+04, 2.27490000000000e+04, 2.27470000000000e+04, 2.27420000000000e+04, 1.69062441204419e-10]
	RefineElem[5: 6.56790000000000e+04, 2.75100000000000e+03, 2.74100000000000e+03, 2.77200000000000e+03, 1.68808557631992e-10]
	RefineElem[5: 4.09230000000000e+04, 3.52530000000000e+04, 3.52660000000000e+04, 3.53030000000000e+04, 1.68807850302822e-10]
	RefineElem[5: 6.70000000000000e+02, 4.34000000000000e+02, 4.35000000000000e+02, 4.23000000000000e+02, 1.67690713914792e-10]
	RefineElem[5: 3.15100000000000e+04, 3.91010000000000e+04, 2.53960000000000e+04, 2.53210000000000e+04, 1.67358901154365e-10]
	RefineElem[5: 7.86590000000000e+04, 7.43000000000000e+02, 9.24000000000000e+02, 9.02000000000000e+02, 1.67245631298007e-10]
	RefineElem[5: 7.60690000000000e+04, 7.42100000000000e+03, 9.63300000000000e+03, 9.62900000000000e+03, 1.67185654172797e-10]
	RefineElem[5: 7.86400000000000e+04, 5.66700000000000e+03, 5.64000000000000e+03, 3.11900000000000e+03, 1.67167528428159e-10]
	RefineElem[5: 6.81860000000000e+04, 6.12600000000000e+03, 3.57400000000000e+03, 6.11000000000000e+03, 1.67115355789938e-10]
	RefineElem[5: 4.20710000000000e+04, 3.60390000000000e+04, 3.60370000000000e+04, 3.60360000000000e+04, 1.66744691535466e-10]
	RefineElem[5: 6.86590000000000e+04, 1.98060000000000e+04, 1.98280000000000e+04, 1.98270000000000e+04, 1.66377430075586e-10]
	RefineElem[5: 5.93710000000000e+04, 2.01450000000000e+04, 2.01400000000000e+04, 2.08020000000000e+04, 1.66303404795189e-10]
	RefineElem[5: 7.16680000000000e+04, 3.57300000000000e+03, 2.74100000000000e+03, 2.74700000000000e+03, 1.66218366148906e-10]
	RefineElem[5: 7.08470000000000e+04, 2.38840000000000e+04, 2.18370000000000e+04, 2.18290000000000e+04, 1.64962866257337e-10]
	RefineElem[5: 2.83560000000000e+04, 2.46330000000000e+04, 2.66270000000000e+04, 2.66280000000000e+04, 1.64943257578250e-10]
	RefineElem[5: 2.69600000000000e+04, 2.15410000000000e+04, 2.15400000000000e+04, 2.41600000000000e+04, 1.64269235071386e-10]
	RefineElem[5: 2.42150000000000e+04, 2.07600000000000e+04, 2.07590000000000e+04, 2.07620000000000e+04, 1.64188467412587e-10]
	RefineElem[5: 8.12390000000000e+04, 2.27330000000000e+04, 2.27250000000000e+04, 2.31300000000000e+04, 1.64100697771767e-10]
	RefineElem[5: 1.51530000000000e+04, 8.92500000000000e+03, 1.22580000000000e+04, 1.22250000000000e+04, 1.63795868725939e-10]
	RefineElem[5: 6.77800000000000e+04, 3.47850000000000e+04, 3.47710000000000e+04, 3.47870000000000e+04, 1.63731568103219e-10]
	RefineElem[5: 5.99580000000000e+04, 2.53190000000000e+04, 2.53120000000000e+04, 2.53140000000000e+04, 1.62903115026785e-10]
	RefineElem[5: 2.69190000000000e+04, 1.92150000000000e+04, 2.17060000000000e+04, 2.16990000000000e+04, 1.62296894465548e-10]
	RefineElem[5: 6.87070000000000e+04, 2.03500000000000e+04, 2.06090000000000e+04, 2.06100000000000e+04, 1.62240410060761e-10]
	RefineElem[5: 3.89700000000000e+04, 3.41810000000000e+04, 3.41800000000000e+04, 3.41820000000000e+04, 1.61842226825281e-10]
	RefineElem[5: 7.75280000000000e+04, 7.39100000000000e+03, 7.51700000000000e+03, 7.88400000000000e+03, 1.61768362554830e-10]
	RefineElem[5: 7.08540000000000e+04, 2.80430000000000e+04, 2.79380000000000e+04, 2.79230000000000e+04, 1.60539243448783e-10]
	RefineElem[5: 7.93780000000000e+04, 2.01890000000000e+04, 2.02820000000000e+04, 2.02410000000000e+04, 1.60356827373992e-10]
	RefineElem[5: 6.96540000000000e+04, 2.31830000000000e+04, 2.31850000000000e+04, 2.37230000000000e+04, 1.60343203780405e-10]
	RefineElem[5: 8.16430000000000e+04, 2.12810000000000e+04, 2.88830000000000e+04, 2.88840000000000e+04, 1.59894731448587e-10]
	RefineElem[5: 2.43540000000000e+04, 2.12040000000000e+04, 1.94790000000000e+04, 2.12050000000000e+04, 1.59601469831665e-10]
	RefineElem[5: 7.86620000000000e+04, 9.24000000000000e+02, 1.84900000000000e+03, 1.83400000000000e+03, 1.59472284238953e-10]
	RefineElem[5: 4.13500000000000e+04, 3.56090000000000e+04, 3.56070000000000e+04, 3.56000000000000e+04, 1.59189348854482e-10]
	RefineElem[5: 7.83670000000000e+04, 2.73640000000000e+04, 2.74970000000000e+04, 2.75420000000000e+04, 1.59115885620538e-10]
	RefineElem[5: 8.16880000000000e+04, 2.44160000000000e+04, 2.44080000000000e+04, 2.63380000000000e+04, 1.59102404972454e-10]
	RefineElem[5: 7.52240000000000e+04, 2.32360000000000e+04, 2.32370000000000e+04, 2.25270000000000e+04, 1.58530809359803e-10]
	RefineElem[5: 3.04940000000000e+04, 2.58410000000000e+04, 2.58400000000000e+04, 2.82030000000000e+04, 1.58141095240606e-10]
	RefineElem[5: 3.10780000000000e+04, 2.55320000000000e+04, 2.55330000000000e+04, 2.79230000000000e+04, 1.57988743383265e-10]
	RefineElem[5: 7.82740000000000e+04, 7.25700000000000e+03, 8.12000000000000e+03, 8.12100000000000e+03, 1.57951323865573e-10]
	RefineElem[5: 7.06520000000000e+04, 2.13400000000000e+04, 1.93730000000000e+04, 1.93680000000000e+04, 1.57400820836099e-10]
	RefineElem[5: 2.65650000000000e+04, 2.31530000000000e+04, 2.31520000000000e+04, 2.07970000000000e+04, 1.57339161329007e-10]
	RefineElem[5: 7.66560000000000e+04, 2.48640000000000e+04, 2.46570000000000e+04, 2.47380000000000e+04, 1.56857794256094e-10]
	RefineElem[5: 6.07540000000000e+04, 3.47420000000000e+04, 3.47340000000000e+04, 3.47350000000000e+04, 1.56799107193257e-10]
	RefineElem[5: 7.93330000000000e+04, 2.40610000000000e+04, 2.16370000000000e+04, 2.16310000000000e+04, 1.56536314629255e-10]
	RefineElem[5: 6.02900000000000e+04, 2.81790000000000e+04, 2.77150000000000e+04, 2.77770000000000e+04, 1.56304900610687e-10]
	RefineElem[5: 7.35290000000000e+04, 2.60430000000000e+04, 2.61080000000000e+04, 2.86720000000000e+04, 1.55957013619460e-10]
	RefineElem[5: 7.10210000000000e+04, 2.29070000000000e+04, 2.27360000000000e+04, 2.28300000000000e+04, 1.55793963641285e-10]
	RefineElem[5: 3.05070000000000e+04, 2.81970000000000e+04, 2.81950000000000e+04, 2.58480000000000e+04, 1.55553548041990e-10]
	RefineElem[5: 6.87650000000000e+04, 1.92060000000000e+04, 1.92180000000000e+04, 2.14010000000000e+04, 1.55531730551441e-10]
	RefineElem[5: 4.02540000000000e+04, 3.48450000000000e+04, 3.48530000000000e+04, 3.83200000000000e+04, 1.55342975046236e-10]
	RefineElem[5: 7.72150000000000e+04, 2.31840000000000e+04, 2.31810000000000e+04, 2.31820000000000e+04, 1.55325164123391e-10]
	RefineElem[5: 6.98920000000000e+04, 2.85480000000000e+04, 2.85500000000000e+04, 2.85390000000000e+04, 1.55261913451709e-10]
	RefineElem[5: 7.97150000000000e+04, 3.47160000000000e+04, 3.48030000000000e+04, 3.48050000000000e+04, 1.54928183960303e-10]
	RefineElem[5: 4.03280000000000e+04, 3.48980000000000e+04, 3.48970000000000e+04, 3.49050000000000e+04, 1.54581157467150e-10]
	RefineElem[5: 7.89910000000000e+04, 2.03590000000000e+04, 2.05840000000000e+04, 2.05850000000000e+04, 1.54491989060112e-10]
	RefineElem[5: 7.81230000000000e+04, 3.59100000000000e+03, 3.62500000000000e+03, 3.63300000000000e+03, 1.54364025528336e-10]
	RefineElem[5: 4.03290000000000e+04, 3.49040000000000e+04, 3.49110000000000e+04, 3.48990000000000e+04, 1.53894284814773e-10]
	RefineElem[5: 7.22830000000000e+04, 1.22720000000000e+04, 1.22900000000000e+04, 8.85900000000000e+03, 1.53847161023452e-10]
	RefineElem[5: 7.22840000000000e+04, 1.23280000000000e+04, 1.22900000000000e+04, 1.22720000000000e+04, 1.53486886842325e-10]
	RefineElem[5: 2.64850000000000e+04, 2.07410000000000e+04, 2.07280000000000e+04, 2.32140000000000e+04, 1.53339727527837e-10]
	RefineElem[5: 6.70820000000000e+04, 2.06090000000000e+04, 2.03500000000000e+04, 3.94440000000000e+04, 1.53241648933051e-10]
	RefineElem[5: 7.94050000000000e+04, 9.65700000000000e+03, 1.16130000000000e+04, 1.16060000000000e+04, 1.53087775056303e-10]
	RefineElem[5: 7.53210000000000e+04, 2.04280000000000e+04, 2.03780000000000e+04, 2.27090000000000e+04, 1.52753086711676e-10]
	RefineElem[5: 2.00070000000000e+04, 1.67620000000000e+04, 1.67510000000000e+04, 1.67550000000000e+04, 1.52593553116720e-10]
	RefineElem[5: 6.08120000000000e+04, 3.49970000000000e+04, 3.49800000000000e+04, 3.49810000000000e+04, 1.52583566943284e-10]
	RefineElem[5: 6.88070000000000e+04, 2.29010000000000e+04, 2.28980000000000e+04, 2.30760000000000e+04, 1.52274672013914e-10]
	RefineElem[5: 2.75440000000000e+04, 2.12850000000000e+04, 3.93930000000000e+04, 1.93030000000000e+04, 1.52190325612947e-10]
	RefineElem[5: 7.54530000000000e+04, 2.57520000000000e+04, 2.57530000000000e+04, 2.50550000000000e+04, 1.52183065830087e-10]
	RefineElem[5: 6.75560000000000e+04, 2.88860000000000e+04, 2.88740000000000e+04, 2.90240000000000e+04, 1.52095694821526e-10]
	RefineElem[5: 6.45000000000000e+04, 2.53190000000000e+04, 2.53200000000000e+04, 2.53980000000000e+04, 1.51779193932117e-10]
	RefineElem[5: 8.04020000000000e+04, 2.18370000000000e+04, 2.20060000000000e+04, 2.18290000000000e+04, 1.51451788484782e-10]
	RefineElem[5: 5.35790000000000e+04, 3.87200000000000e+04, 3.72870000000000e+04, 3.72920000000000e+04, 1.51170465082306e-10]
	RefineElem[5: 2.00060000000000e+04, 1.67550000000000e+04, 1.67540000000000e+04, 1.67660000000000e+04, 1.51094117741604e-10]
	RefineElem[5: 6.99180000000000e+04, 2.67590000000000e+04, 2.68270000000000e+04, 2.88800000000000e+04, 1.50532939176900e-10]
	RefineElem[5: 7.81010000000000e+04, 2.86800000000000e+04, 2.75540000000000e+04, 2.76810000000000e+04, 1.50383800745853e-10]
	RefineElem[5: 4.53950000000000e+04, 3.92770000000000e+04, 3.94530000000000e+04, 2.77910000000000e+04, 1.50187484336452e-10]
	RefineElem[5: 2.73850000000000e+04, 2.16970000000000e+04, 2.16990000000000e+04, 2.17050000000000e+04, 1.50047313683934e-10]
	RefineElem[5: 2.64690000000000e+04, 2.07190000000000e+04, 2.32260000000000e+04, 2.32250000000000e+04, 1.49881499500281e-10]
	RefineElem[5: 8.14800000000000e+04, 2.70490000000000e+04, 2.70500000000000e+04, 2.82440000000000e+04, 1.49454313284423e-10]
	RefineElem[5: 3.89690000000000e+04, 3.41820000000000e+04, 3.41830000000000e+04, 3.41810000000000e+04, 1.49325853421360e-10]
	RefineElem[5: 6.51400000000000e+04, 3.62770000000000e+04, 3.61600000000000e+04, 3.61580000000000e+04, 1.48909077827569e-10]
	RefineElem[5: 7.83590000000000e+04, 2.61800000000000e+04, 2.61860000000000e+04, 2.44350000000000e+04, 1.48778033730834e-10]
	RefineElem[5: 7.74910000000000e+04, 3.59600000000000e+03, 3.57600000000000e+03, 4.79000000000000e+03, 1.48767035736991e-10]
	RefineElem[5: 6.70680000000000e+04, 2.06010000000000e+04, 2.06000000000000e+04, 3.92400000000000e+04, 1.48530790734525e-10]
	RefineElem[5: 6.08030000000000e+04, 3.49590000000000e+04, 3.49380000000000e+04, 3.49500000000000e+04, 1.48234008343135e-10]
	RefineElem[5: 7.54410000000000e+04, 2.50520000000000e+04, 2.57610000000000e+04, 2.50570000000000e+04, 1.47691477996821e-10]
	RefineElem[5: 7.93270000000000e+04, 2.91160000000000e+04, 2.66830000000000e+04, 2.66770000000000e+04, 1.47267282969984e-10]
	RefineElem[5: 6.43140000000000e+04, 2.33030000000000e+04, 2.33140000000000e+04, 2.33170000000000e+04, 1.47156676226154e-10]
	RefineElem[5: 5.99960000000000e+04, 2.57780000000000e+04, 2.48060000000000e+04, 2.60640000000000e+04, 1.46968284115089e-10]
	RefineElem[5: 6.89690000000000e+04, 3.90920000000000e+04, 2.54030000000000e+04, 2.56450000000000e+04, 1.46357174242108e-10]
	RefineElem[5: 5.63990000000000e+04, 3.95140000000000e+04, 3.84980000000000e+04, 3.84990000000000e+04, 1.46174031766816e-10]
	RefineElem[5: 8.14860000000000e+04, 2.69800000000000e+04, 2.69790000000000e+04, 2.69430000000000e+04, 1.45863288102263e-10]
	RefineElem[5: 6.71340000000000e+04, 2.12700000000000e+04, 1.92890000000000e+04, 2.13870000000000e+04, 1.45758641582758e-10]
	RefineElem[5: 3.10900000000000e+04, 2.79610000000000e+04, 2.54930000000000e+04, 2.55010000000000e+04, 1.45713138782537e-10]
	RefineElem[5: 6.42930000000000e+04, 3.88240000000000e+04, 2.30550000000000e+04, 2.30560000000000e+04, 1.44648172592642e-10]
	RefineElem[5: 7.85520000000000e+04, 1.46140000000000e+04, 1.62570000000000e+04, 1.46320000000000e+04, 1.44404455863745e-10]
	RefineElem[5: 4.05540000000000e+04, 3.50550000000000e+04, 3.50530000000000e+04, 3.50600000000000e+04, 1.44399605944329e-10]
	RefineElem[5: 6.88930000000000e+04, 2.63210000000000e+04, 2.43280000000000e+04, 2.64450000000000e+04, 1.44205195529964e-10]
	RefineElem[5: 7.82410000000000e+04, 2.53220000000000e+04, 2.51410000000000e+04, 2.52490000000000e+04, 1.44062890364356e-10]
	RefineElem[5: 6.08080000000000e+04, 3.49790000000000e+04, 3.49600000000000e+04, 3.49520000000000e+04, 1.43916171618037e-10]
	RefineElem[5: 4.05550000000000e+04, 3.50560000000000e+04, 3.50590000000000e+04, 3.50540000000000e+04, 1.43818008562590e-10]
	RefineElem[5: 7.92360000000000e+04, 3.49670000000000e+04, 3.49170000000000e+04, 3.49190000000000e+04, 1.43726355591081e-10]
	RefineElem[5: 7.81030000000000e+04, 2.75540000000000e+04, 2.77150000000000e+04, 2.76810000000000e+04, 1.43450288292055e-10]
	RefineElem[5: 6.77080000000000e+04, 2.82410000000000e+04, 2.87770000000000e+04, 2.87700000000000e+04, 1.43065427505859e-10]
	RefineElem[5: 3.10800000000000e+04, 2.65320000000000e+04, 2.66620000000000e+04, 2.91260000000000e+04, 1.42802806951741e-10]
	RefineElem[5: 7.68080000000000e+04, 6.69000000000000e+02, 6.83000000000000e+02, 4.56700000000000e+03, 1.42523652364827e-10]
	RefineElem[5: 8.01090000000000e+04, 2.03560000000000e+04, 3.93990000000000e+04, 2.77800000000000e+04, 1.42261687802095e-10]
	RefineElem[5: 7.83600000000000e+04, 2.44350000000000e+04, 2.61850000000000e+04, 2.61770000000000e+04, 1.42114425266603e-10]
	RefineElem[5: 8.00710000000000e+04, 2.06750000000000e+04, 2.06780000000000e+04, 2.04440000000000e+04, 1.41876325565961e-10]
	RefineElem[5: 6.95670000000000e+04, 1.98270000000000e+04, 1.98460000000000e+04, 1.98580000000000e+04, 1.41482918559925e-10]
	RefineElem[5: 7.60960000000000e+04, 8.42800000000000e+03, 7.77700000000000e+03, 7.42000000000000e+03, 1.41042345710220e-10]
	RefineElem[5: 7.34010000000000e+04, 2.57620000000000e+04, 2.50510000000000e+04, 2.57560000000000e+04, 1.40858740135942e-10]
	RefineElem[5: 8.15290000000000e+04, 2.77770000000000e+04, 2.77810000000000e+04, 2.81790000000000e+04, 1.40633972026936e-10]
	RefineElem[5: 4.18250000000000e+04, 3.59060000000000e+04, 3.59240000000000e+04, 3.59150000000000e+04, 1.39978123344034e-10]
	RefineElem[5: 4.05990000000000e+04, 3.50980000000000e+04, 3.50960000000000e+04, 3.50820000000000e+04, 1.39939057417074e-10]
	RefineElem[5: 5.97820000000000e+04, 2.37110000000000e+04, 2.37140000000000e+04, 2.37150000000000e+04, 1.39847689456236e-10]
	RefineElem[5: 7.85690000000000e+04, 2.24470000000000e+04, 2.23210000000000e+04, 2.24840000000000e+04, 1.39766362287394e-10]
	RefineElem[5: 7.85260000000000e+04, 1.00000000000000e+04, 1.00010000000000e+04, 1.13120000000000e+04, 1.39568389167220e-10]
	RefineElem[5: 7.51760000000000e+04, 2.39540000000000e+04, 2.39550000000000e+04, 3.87140000000000e+04, 1.39312161137634e-10]
	RefineElem[5: 7.86610000000000e+04, 1.97900000000000e+03, 1.84800000000000e+03, 9.24000000000000e+02, 1.39081819926241e-10]
	RefineElem[5: 7.99900000000000e+03, 3.11700000000000e+03, 3.09300000000000e+03, 5.70800000000000e+03, 1.38926772055187e-10]
	RefineElem[5: 4.20720000000000e+04, 3.60380000000000e+04, 3.60400000000000e+04, 3.60410000000000e+04, 1.38885775829651e-10]
	RefineElem[5: 7.10310000000000e+04, 2.33150000000000e+04, 2.33220000000000e+04, 2.33300000000000e+04, 1.38737693458025e-10]
	RefineElem[5: 8.12450000000000e+04, 2.27290000000000e+04, 2.27330000000000e+04, 2.31300000000000e+04, 1.38586337638095e-10]
	RefineElem[5: 6.71500000000000e+04, 2.14200000000000e+04, 2.14210000000000e+04, 1.93030000000000e+04, 1.38497913556939e-10]
	RefineElem[5: 6.76010000000000e+04, 2.73190000000000e+04, 2.73280000000000e+04, 2.82050000000000e+04, 1.38190169761092e-10]
	RefineElem[5: 3.97770000000000e+04, 3.45810000000000e+04, 3.45790000000000e+04, 3.45780000000000e+04, 1.37508377499349e-10]
	RefineElem[5: 6.03030000000000e+04, 2.78130000000000e+04, 2.78120000000000e+04, 2.78210000000000e+04, 1.37369292184139e-10]
	RefineElem[5: 5.76340000000000e+04, 6.72200000000000e+03, 6.72400000000000e+03, 6.73700000000000e+03, 1.37052285142469e-10]
	RefineElem[5: 5.92250000000000e+04, 1.93730000000000e+04, 1.93670000000000e+04, 1.93680000000000e+04, 1.36454144528119e-10]
	RefineElem[5: 7.31760000000000e+04, 2.37630000000000e+04, 2.21190000000000e+04, 2.37670000000000e+04, 1.36337283639368e-10]
	RefineElem[5: 7.82810000000000e+04, 7.39100000000000e+03, 9.67600000000000e+03, 9.67500000000000e+03, 1.36147635063353e-10]
	RefineElem[5: 5.64100000000000e+04, 3.84970000000000e+04, 3.84950000000000e+04, 3.95180000000000e+04, 1.36073404744051e-10]
	RefineElem[5: 6.70020000000000e+04, 2.08860000000000e+04, 1.95920000000000e+04, 1.95180000000000e+04, 1.35729194727562e-10]
	RefineElem[5: 7.84820000000000e+04, 8.71000000000000e+02, 8.36000000000000e+02, 7.12000000000000e+02, 1.35449071399978e-10]
	RefineElem[5: 8.12640000000000e+04, 2.26620000000000e+04, 2.26310000000000e+04, 2.27120000000000e+04, 1.35435012426063e-10]
	RefineElem[5: 3.11440000000000e+04, 2.73740000000000e+04, 2.73940000000000e+04, 2.47940000000000e+04, 1.35395273034773e-10]
	RefineElem[5: 1.47720000000000e+04, 1.15000000000000e+04, 9.86300000000000e+03, 7.24400000000000e+03, 1.35152960095431e-10]
	RefineElem[5: 6.24190000000000e+04, 9.85000000000000e+02, 9.98000000000000e+02, 3.01500000000000e+03, 1.34835119797429e-10]
	RefineElem[5: 4.20520000000000e+04, 3.60200000000000e+04, 3.60210000000000e+04, 3.60190000000000e+04, 1.34704755198717e-10]
	RefineElem[5: 7.82070000000000e+04, 1.54240000000000e+04, 1.54200000000000e+04, 1.54230000000000e+04, 1.34452955723917e-10]
	RefineElem[5: 7.84160000000000e+04, 1.00010000000000e+04, 1.13130000000000e+04, 1.13110000000000e+04, 1.34270873407545e-10]
	RefineElem[5: 8.12510000000000e+04, 1.93640000000000e+04, 1.93650000000000e+04, 1.95160000000000e+04, 1.34092321764393e-10]
	RefineElem[5: 5.84290000000000e+04, 1.24780000000000e+04, 1.15000000000000e+04, 1.24970000000000e+04, 1.33748708734896e-10]
	RefineElem[5: 3.88460000000000e+04, 3.40590000000000e+04, 3.40570000000000e+04, 3.40560000000000e+04, 1.33502838433763e-10]
	RefineElem[5: 8.12340000000000e+04, 2.26080000000000e+04, 2.31260000000000e+04, 2.31270000000000e+04, 1.33326373172175e-10]
	RefineElem[5: 7.73640000000000e+04, 2.75540000000000e+04, 2.74760000000000e+04, 2.74770000000000e+04, 1.32673695204432e-10]
	RefineElem[5: 6.45160000000000e+04, 2.55130000000000e+04, 2.56430000000000e+04, 2.55190000000000e+04, 1.32660743807181e-10]
	RefineElem[5: 7.30530000000000e+04, 2.07690000000000e+04, 2.07870000000000e+04, 2.07910000000000e+04, 1.32520839262774e-10]
	RefineElem[5: 2.65070000000000e+04, 2.31830000000000e+04, 2.31820000000000e+04, 2.07670000000000e+04, 1.32493295520920e-10]
	RefineElem[5: 2.69110000000000e+04, 1.91880000000000e+04, 1.91780000000000e+04, 2.17320000000000e+04, 1.32224776317888e-10]
	RefineElem[5: 8.03590000000000e+04, 2.15980000000000e+04, 2.15660000000000e+04, 2.41380000000000e+04, 1.32205393283086e-10]
	RefineElem[5: 7.51160000000000e+04, 2.07500000000000e+04, 2.07510000000000e+04, 2.07530000000000e+04, 1.32178852320876e-10]
	RefineElem[5: 8.05770000000000e+04, 3.49210000000000e+04, 3.49450000000000e+04, 3.49460000000000e+04, 1.31986775755867e-10]
	RefineElem[5: 7.75580000000000e+04, 1.01550000000000e+04, 9.87700000000000e+03, 9.88100000000000e+03, 1.31136772796389e-10]
	RefineElem[5: 6.87400000000000e+04, 2.10490000000000e+04, 1.97280000000000e+04, 1.97270000000000e+04, 1.31094803941478e-10]
	RefineElem[5: 7.13770000000000e+04, 2.55380000000000e+04, 2.55630000000000e+04, 2.57130000000000e+04, 1.31024316113008e-10]
	RefineElem[5: 2.44980000000000e+04, 1.93500000000000e+04, 1.94040000000000e+04, 1.94010000000000e+04, 1.30949335008464e-10]
	RefineElem[5: 3.98540000000000e+04, 3.46560000000000e+04, 3.46580000000000e+04, 3.46590000000000e+04, 1.30882869127963e-10]
	RefineElem[5: 7.93660000000000e+04, 7.52500000000000e+03, 7.52800000000000e+03, 9.71500000000000e+03, 1.30754065792870e-10]
	RefineElem[5: 7.61760000000000e+04, 1.00230000000000e+04, 1.00290000000000e+04, 1.00110000000000e+04, 1.30719712687485e-10]
	RefineElem[5: 4.01070000000000e+04, 3.48450000000000e+04, 3.47710000000000e+04, 3.47960000000000e+04, 1.30448859483265e-10]
	RefineElem[5: 2.44560000000000e+04, 2.07590000000000e+04, 2.07670000000000e+04, 1.96620000000000e+04, 1.30004754284747e-10]
	RefineElem[5: 6.45040000000000e+04, 2.52800000000000e+04, 2.53240000000000e+04, 2.54170000000000e+04, 1.29774308723952e-10]
	RefineElem[5: 7.84590000000000e+04, 2.02410000000000e+04, 2.00520000000000e+04, 2.01150000000000e+04, 1.29548245874453e-10]
	RefineElem[5: 7.73300000000000e+04, 2.61200000000000e+04, 2.50580000000000e+04, 2.51420000000000e+04, 1.29431403081076e-10]
	RefineElem[5: 2.44910000000000e+04, 1.94660000000000e+04, 1.95100000000000e+04, 1.95030000000000e+04, 1.29108915568459e-10]
	RefineElem[5: 7.13090000000000e+04, 2.33320000000000e+04, 2.36030000000000e+04, 2.35790000000000e+04, 1.29092059443117e-10]
	RefineElem[5: 7.84950000000000e+04, 3.81600000000000e+03, 3.62500000000000e+03, 3.64800000000000e+03, 1.28838535208391e-10]
	RefineElem[5: 6.56780000000000e+04, 2.73900000000000e+03, 1.83600000000000e+03, 1.84300000000000e+03, 1.28621855507305e-10]
	RefineElem[5: 2.80710000000000e+04, 2.53200000000000e+04, 2.53210000000000e+04, 2.53960000000000e+04, 1.28278873191679e-10]
	RefineElem[5: 2.64590000000000e+04, 2.32310000000000e+04, 2.32300000000000e+04, 2.07140000000000e+04, 1.28144229137945e-10]
	RefineElem[5: 7.83240000000000e+04, 1.47120000000000e+04, 1.47250000000000e+04, 1.47190000000000e+04, 1.27706859859454e-10]
	RefineElem[5: 4.06280000000000e+04, 3.51430000000000e+04, 3.51790000000000e+04, 3.51630000000000e+04, 1.27620257464398e-10]
	RefineElem[5: 7.86090000000000e+04, 4.83100000000000e+03, 4.83200000000000e+03, 3.63300000000000e+03, 1.27405153241443e-10]
	RefineElem[5: 7.98720000000000e+04, 3.09100000000000e+03, 5.67500000000000e+03, 5.68100000000000e+03, 1.26516341935908e-10]
	RefineElem[5: 8.16190000000000e+04, 2.43890000000000e+04, 2.43900000000000e+04, 2.45370000000000e+04, 1.26160016679993e-10]
	RefineElem[5: 5.99790000000000e+04, 2.55300000000000e+04, 2.55320000000000e+04, 2.55230000000000e+04, 1.25609478651888e-10]
	RefineElem[5: 7.82710000000000e+04, 7.29200000000000e+03, 7.33900000000000e+03, 7.25700000000000e+03, 1.25441689221409e-10]
	RefineElem[5: 7.13080000000000e+04, 2.35790000000000e+04, 2.33050000000000e+04, 2.33320000000000e+04, 1.25361277713949e-10]
	RefineElem[5: 1.12550000000000e+04, 1.15100000000000e+04, 9.86300000000000e+03, 1.15000000000000e+04, 1.25307259756278e-10]
	RefineElem[5: 7.51380000000000e+04, 2.15550000000000e+04, 1.95190000000000e+04, 1.94140000000000e+04, 1.25280250782320e-10]
	RefineElem[5: 4.04470000000000e+04, 3.50080000000000e+04, 3.49700000000000e+04, 3.49650000000000e+04, 1.24940190299698e-10]
	RefineElem[5: 7.23070000000000e+04, 1.15840000000000e+04, 9.70300000000000e+03, 9.71000000000000e+03, 1.24895951984764e-10]
	RefineElem[5: 3.03790000000000e+04, 2.82860000000000e+04, 2.82850000000000e+04, 2.57530000000000e+04, 1.24763968327978e-10]
	RefineElem[5: 7.86520000000000e+04, 9.24000000000000e+02, 1.83500000000000e+03, 1.82800000000000e+03, 1.24688869401275e-10]
	RefineElem[5: 7.53000000000000e+04, 2.24380000000000e+04, 2.24340000000000e+04, 2.32100000000000e+04, 1.24564670457501e-10]
	RefineElem[5: 7.77000000000000e+04, 2.01090000000000e+04, 2.00230000000000e+04, 2.00280000000000e+04, 1.24554111037223e-10]
	RefineElem[5: 7.80280000000000e+04, 2.01090000000000e+04, 2.02790000000000e+04, 2.01510000000000e+04, 1.24455744161729e-10]
	RefineElem[5: 7.32900000000000e+04, 2.39670000000000e+04, 2.17750000000000e+04, 2.17080000000000e+04, 1.24336923975740e-10]
	RefineElem[5: 2.43800000000000e+04, 2.13840000000000e+04, 2.13880000000000e+04, 1.92890000000000e+04, 1.24011780425098e-10]
	RefineElem[5: 7.84810000000000e+04, 7.12000000000000e+02, 8.84000000000000e+02, 8.70000000000000e+02, 1.23935680111476e-10]
	RefineElem[5: 6.87160000000000e+04, 2.11740000000000e+04, 2.07900000000000e+04, 2.07890000000000e+04, 1.23722681296009e-10]
	RefineElem[5: 8.04890000000000e+04, 3.48050000000000e+04, 3.47990000000000e+04, 3.47170000000000e+04, 1.23420427651958e-10]
	RefineElem[5: 4.02640000000000e+04, 3.48130000000000e+04, 3.84960000000000e+04, 3.84940000000000e+04, 1.23356686413744e-10]
	RefineElem[5: 1.13020000000000e+04, 1.00020000000000e+04, 1.16440000000000e+04, 1.16420000000000e+04, 1.23124810004361e-10]
	RefineElem[5: 6.38730000000000e+04, 1.78720000000000e+04, 1.78310000000000e+04, 1.78830000000000e+04, 1.22450638915050e-10]
	RefineElem[5: 4.09500000000000e+04, 3.53120000000000e+04, 3.52940000000000e+04, 3.52460000000000e+04, 1.22305474810687e-10]
	RefineElem[5: 3.11170000000000e+04, 2.52820000000000e+04, 2.53250000000000e+04, 2.78380000000000e+04, 1.21912656981152e-10]
	RefineElem[5: 7.89240000000000e+04, 2.13070000000000e+04, 1.92350000000000e+04, 1.92520000000000e+04, 1.21715808064934e-10]
	RefineElem[5: 2.92610000000000e+04, 2.91430000000000e+04, 2.91670000000000e+04, 2.91680000000000e+04, 1.21591832648068e-10]
	RefineElem[5: 6.46650000000000e+04, 2.83220000000000e+04, 2.71030000000000e+04, 2.71040000000000e+04, 1.21190239460527e-10]
	RefineElem[5: 4.24000000000000e+04, 3.62740000000000e+04, 3.61590000000000e+04, 3.61610000000000e+04, 1.21166143809259e-10]
	RefineElem[5: 4.03380000000000e+04, 3.87290000000000e+04, 3.48830000000000e+04, 3.49090000000000e+04, 1.20814157295298e-10]
	RefineElem[5: 8.35800000000000e+03, 5.34000000000000e+03, 4.00800000000000e+03, 9.30000000000000e+02, 1.20585219440628e-10]
	RefineElem[5: 7.67620000000000e+04, 2.76580000000000e+04, 2.76890000000000e+04, 2.77170000000000e+04, 1.20529347266477e-10]
	RefineElem[5: 7.82940000000000e+04, 1.00100000000000e+04, 9.99900000000000e+03, 1.14340000000000e+04, 1.20377659633634e-10]
	RefineElem[5: 7.03120000000000e+04, 2.32110000000000e+04, 2.35690000000000e+04, 2.35700000000000e+04, 1.19307594067833e-10]
	RefineElem[5: 3.10990000000000e+04, 2.79980000000000e+04, 2.91150000000000e+04, 2.66790000000000e+04, 1.19116426217284e-10]
	RefineElem[5: 7.84110000000000e+04, 1.18760000000000e+04, 9.87500000000000e+03, 9.89500000000000e+03, 1.18957671546025e-10]
	RefineElem[5: 7.42670000000000e+04, 9.68500000000000e+03, 7.53100000000000e+03, 7.53000000000000e+03, 1.18891226324237e-10]
	RefineElem[5: 2.48790000000000e+04, 2.24950000000000e+04, 2.24740000000000e+04, 2.24890000000000e+04, 1.18543744990410e-10]
	RefineElem[5: 3.03770000000000e+04, 2.82870000000000e+04, 2.82860000000000e+04, 2.57520000000000e+04, 1.18436974929775e-10]
	RefineElem[5: 6.07770000000000e+04, 3.48160000000000e+04, 3.48060000000000e+04, 3.48070000000000e+04, 1.18343989621570e-10]
	RefineElem[5: 8.00820000000000e+04, 2.31270000000000e+04, 2.26640000000000e+04, 2.26080000000000e+04, 1.18183251044409e-10]
	RefineElem[5: 7.05790000000000e+04, 5.41000000000000e+03, 5.40200000000000e+03, 5.41300000000000e+03, 1.17772254003448e-10]
	RefineElem[5: 3.08480000000000e+04, 2.42390000000000e+04, 2.67520000000000e+04, 2.67450000000000e+04, 1.17649438921312e-10]
	RefineElem[5: 3.10740000000000e+04, 2.90700000000000e+04, 2.79240000000000e+04, 2.55430000000000e+04, 1.17581248047630e-10]
	RefineElem[5: 6.40140000000000e+04, 2.03450000000000e+04, 2.03350000000000e+04, 2.03420000000000e+04, 1.17149225941755e-10]
	RefineElem[5: 5.98900000000000e+04, 2.46440000000000e+04, 2.46330000000000e+04, 2.46340000000000e+04, 1.16705218148312e-10]
	RefineElem[5: 7.90950000000000e+04, 2.27610000000000e+04, 2.26450000000000e+04, 2.27740000000000e+04, 1.16584845879060e-10]
	RefineElem[5: 6.07820000000000e+04, 3.48560000000000e+04, 3.47310000000000e+04, 3.48330000000000e+04, 1.16089423508153e-10]
	RefineElem[5: 8.04240000000000e+04, 3.87280000000000e+04, 2.38220000000000e+04, 2.18420000000000e+04, 1.16047011431245e-10]
	RefineElem[5: 7.80650000000000e+04, 2.44360000000000e+04, 2.46160000000000e+04, 2.46170000000000e+04, 1.15898935103268e-10]
	RefineElem[5: 7.12670000000000e+04, 2.84400000000000e+04, 2.91610000000000e+04, 2.84550000000000e+04, 1.15363820376337e-10]
	RefineElem[5: 8.10970000000000e+04, 2.28570000000000e+04, 2.29080000000000e+04, 2.29100000000000e+04, 1.15354179168816e-10]
	RefineElem[5: 8.13870000000000e+04, 2.43900000000000e+04, 2.44360000000000e+04, 2.45370000000000e+04, 1.15004259160967e-10]
	RefineElem[5: 1.56920000000000e+04, 1.00830000000000e+04, 1.01010000000000e+04, 7.44200000000000e+03, 1.14957211141405e-10]
	RefineElem[5: 6.96050000000000e+04, 2.11310000000000e+04, 1.95700000000000e+04, 1.95710000000000e+04, 1.14680206050531e-10]
	RefineElem[5: 8.37100000000000e+03, 5.03000000000000e+03, 5.25800000000000e+03, 3.48500000000000e+03, 1.14534120558551e-10]
	RefineElem[5: 6.72880000000000e+04, 2.31980000000000e+04, 2.32000000000000e+04, 2.33180000000000e+04, 1.14510209869017e-10]
	RefineElem[5: 3.10560000000000e+04, 2.76800000000000e+04, 2.77110000000000e+04, 2.54160000000000e+04, 1.14162697742815e-10]
	RefineElem[5: 3.08700000000000e+04, 2.63900000000000e+04, 2.89550000000000e+04, 2.68530000000000e+04, 1.14129022092295e-10]
	RefineElem[5: 7.81950000000000e+04, 1.35110000000000e+04, 1.25170000000000e+04, 1.44680000000000e+04, 1.14111856591688e-10]
	RefineElem[5: 5.36280000000000e+04, 3.73000000000000e+04, 3.89490000000000e+04, 3.50350000000000e+04, 1.13735198895365e-10]
	RefineElem[5: 7.86830000000000e+04, 4.27500000000000e+03, 3.65000000000000e+03, 3.62600000000000e+03, 1.13646828629142e-10]
	RefineElem[5: 6.08130000000000e+04, 3.49850000000000e+04, 3.49840000000000e+04, 3.49940000000000e+04, 1.13304343745638e-10]
	RefineElem[5: 3.15690000000000e+04, 2.65970000000000e+04, 2.44370000000000e+04, 2.65900000000000e+04, 1.12662712255288e-10]
	RefineElem[5: 7.02590000000000e+04, 1.96650000000000e+04, 1.96860000000000e+04, 2.16070000000000e+04, 1.12567246663020e-10]
	RefineElem[5: 7.67460000000000e+04, 2.75540000000000e+04, 2.86800000000000e+04, 2.86720000000000e+04, 1.12528064019259e-10]
	RefineElem[5: 6.47410000000000e+04, 3.94130000000000e+04, 2.77800000000000e+04, 2.81050000000000e+04, 1.12305949598948e-10]
	RefineElem[5: 7.81140000000000e+04, 7.12000000000000e+02, 1.82100000000000e+03, 1.81000000000000e+03, 1.12120440197231e-10]
	RefineElem[5: 1.94700000000000e+04, 1.35440000000000e+04, 1.54580000000000e+04, 1.54660000000000e+04, 1.11648193147045e-10]
	RefineElem[5: 7.22850000000000e+04, 8.85900000000000e+03, 8.86300000000000e+03, 1.22720000000000e+04, 1.11487549824122e-10]
	RefineElem[5: 6.77090000000000e+04, 2.87770000000000e+04, 2.82410000000000e+04, 2.82430000000000e+04, 1.11410289455410e-10]
	RefineElem[5: 4.02330000000000e+04, 3.48270000000000e+04, 3.48260000000000e+04, 3.47700000000000e+04, 1.11325863830076e-10]
	RefineElem[5: 2.69180000000000e+04, 1.92060000000000e+04, 2.17110000000000e+04, 2.17060000000000e+04, 1.11021684266158e-10]
	RefineElem[5: 6.53830000000000e+04, 2.02680000000000e+04, 2.06850000000000e+04, 2.03120000000000e+04, 1.10413175401793e-10]
	RefineElem[5: 7.87430000000000e+04, 7.91200000000000e+03, 7.57000000000000e+03, 7.55600000000000e+03, 1.10320369124859e-10]
	RefineElem[5: 1.65160000000000e+04, 9.83000000000000e+03, 1.14980000000000e+04, 1.24900000000000e+04, 1.10262912948700e-10]
	RefineElem[5: 7.51030000000000e+04, 2.04650000000000e+04, 2.06140000000000e+04, 2.06170000000000e+04, 1.10067297385371e-10]
	RefineElem[5: 7.73680000000000e+04, 2.75540000000000e+04, 2.86720000000000e+04, 2.86740000000000e+04, 1.10045198286922e-10]
	RefineElem[5: 5.91870000000000e+04, 1.86100000000000e+04, 1.86090000000000e+04, 1.86330000000000e+04, 1.09481578007817e-10]
	RefineElem[5: 2.81070000000000e+04, 2.55430000000000e+04, 2.55330000000000e+04, 2.55450000000000e+04, 1.09300638179600e-10]
	RefineElem[5: 7.51750000000000e+04, 2.39550000000000e+04, 2.39680000000000e+04, 3.87140000000000e+04, 1.09143460595150e-10]
	RefineElem[5: 7.03360000000000e+04, 2.46910000000000e+04, 2.47100000000000e+04, 2.47860000000000e+04, 1.08809026072033e-10]
	RefineElem[5: 2.44570000000000e+04, 1.96840000000000e+04, 1.97300000000000e+04, 2.07480000000000e+04, 1.08762161797068e-10]
	RefineElem[5: 4.00800000000000e+04, 3.48180000000000e+04, 3.48110000000000e+04, 3.48100000000000e+04, 1.08438751842276e-10]
	RefineElem[5: 8.10800000000000e+04, 2.29010000000000e+04, 2.28870000000000e+04, 2.28930000000000e+04, 1.08373159842651e-10]
	RefineElem[5: 2.69150000000000e+04, 1.91970000000000e+04, 2.17160000000000e+04, 2.17110000000000e+04, 1.08255468932231e-10]
	RefineElem[5: 3.97760000000000e+04, 3.45780000000000e+04, 3.45800000000000e+04, 3.45810000000000e+04, 1.08004761932136e-10]
	RefineElem[5: 4.02210000000000e+04, 3.48470000000000e+04, 3.48750000000000e+04, 3.47870000000000e+04, 1.07976097298846e-10]
	RefineElem[5: 2.76350000000000e+04, 2.42710000000000e+04, 2.42600000000000e+04, 2.42690000000000e+04, 1.07892319260766e-10]
	RefineElem[5: 2.69240000000000e+04, 2.14750000000000e+04, 2.16680000000000e+04, 2.40290000000000e+04, 1.07849438849761e-10]
	RefineElem[5: 7.67590000000000e+04, 2.76800000000000e+04, 2.77120000000000e+04, 2.77620000000000e+04, 1.07355551640386e-10]
	RefineElem[5: 7.28940000000000e+04, 1.93590000000000e+04, 1.93330000000000e+04, 2.12860000000000e+04, 1.07285199965596e-10]
	RefineElem[5: 7.04210000000000e+04, 2.79270000000000e+04, 2.81750000000000e+04, 2.80180000000000e+04, 1.07277835171717e-10]
	RefineElem[5: 7.84990000000000e+04, 4.73300000000000e+03, 3.62400000000000e+03, 3.61300000000000e+03, 1.07161756765924e-10]
	RefineElem[5: 3.03750000000000e+04, 2.82960000000000e+04, 2.82870000000000e+04, 2.57510000000000e+04, 1.07144964596440e-10]
	RefineElem[5: 6.38760000000000e+04, 1.78750000000000e+04, 1.78760000000000e+04, 1.78300000000000e+04, 1.06995814337268e-10]
	RefineElem[5: 6.75170000000000e+04, 2.63410000000000e+04, 2.63370000000000e+04, 2.44070000000000e+04, 1.06925771342510e-10]
	RefineElem[5: 2.44440000000000e+04, 2.10610000000000e+04, 2.10620000000000e+04, 2.07170000000000e+04, 1.06742433056856e-10]
	RefineElem[5: 4.20780000000000e+04, 3.60440000000000e+04, 3.60450000000000e+04, 3.60430000000000e+04, 1.06707717684942e-10]
	RefineElem[5: 5.78360000000000e+04, 8.79800000000000e+03, 8.79400000000000e+03, 8.84100000000000e+03, 1.06604581754150e-10]
	RefineElem[5: 8.86600000000000e+03, 6.76200000000000e+03, 6.76300000000000e+03, 6.75900000000000e+03, 1.06413013573354e-10]
	RefineElem[5: 6.76770000000000e+04, 2.83390000000000e+04, 2.83310000000000e+04, 2.83270000000000e+04, 1.06394212736671e-10]
	RefineElem[5: 4.05800000000000e+04, 3.87180000000000e+04, 3.50420000000000e+04, 3.50610000000000e+04, 1.06394006637601e-10]
	RefineElem[5: 8.14740000000000e+04, 2.88760000000000e+04, 2.12720000000000e+04, 2.12730000000000e+04, 1.05624393432639e-10]
	RefineElem[5: 6.45260000000000e+04, 2.51840000000000e+04, 2.57390000000000e+04, 2.57490000000000e+04, 1.05589675955084e-10]
	RefineElem[5: 6.89840000000000e+04, 2.62180000000000e+04, 2.58340000000000e+04, 2.58330000000000e+04, 1.04792055374570e-10]
	RefineElem[5: 5.90740000000000e+04, 1.72460000000000e+04, 1.72430000000000e+04, 1.72390000000000e+04, 1.04670510142131e-10]
	RefineElem[5: 6.07640000000000e+04, 3.47530000000000e+04, 3.47540000000000e+04, 3.47700000000000e+04, 1.04585308926128e-10]
	RefineElem[5: 2.42970000000000e+04, 2.07200000000000e+04, 2.10510000000000e+04, 2.10210000000000e+04, 1.04013542419738e-10]
	RefineElem[5: 3.08400000000000e+04, 2.42110000000000e+04, 2.42010000000000e+04, 2.67780000000000e+04, 1.03968175453851e-10]
	RefineElem[5: 5.36030000000000e+04, 3.72880000000000e+04, 3.89780000000000e+04, 3.48890000000000e+04, 1.03918815596172e-10]
	RefineElem[5: 7.50410000000000e+04, 2.08030000000000e+04, 2.02100000000000e+04, 2.02030000000000e+04, 1.03690140718350e-10]
	RefineElem[5: 6.90660000000000e+04, 2.73640000000000e+04, 2.73650000000000e+04, 2.73790000000000e+04, 1.03553826690555e-10]
	RefineElem[5: 7.20760000000000e+04, 9.95600000000000e+03, 9.97000000000000e+03, 9.96300000000000e+03, 1.03529873035921e-10]
	RefineElem[5: 2.76310000000000e+04, 2.42310000000000e+04, 2.42200000000000e+04, 2.42290000000000e+04, 1.03527665522236e-10]
	RefineElem[5: 8.02210000000000e+04, 2.67430000000000e+04, 2.67460000000000e+04, 2.67450000000000e+04, 1.03445189231265e-10]
	RefineElem[5: 8.16250000000000e+04, 2.54000000000000e+04, 2.57190000000000e+04, 2.54860000000000e+04, 1.03433412993290e-10]
	RefineElem[5: 6.39710000000000e+04, 2.07940000000000e+04, 1.98780000000000e+04, 1.98820000000000e+04, 1.03361930570545e-10]
	RefineElem[5: 2.69590000000000e+04, 2.41600000000000e+04, 2.41640000000000e+04, 2.15410000000000e+04, 1.03237908963716e-10]
	RefineElem[5: 2.75000000000000e+04, 2.12740000000000e+04, 3.93540000000000e+04, 1.94120000000000e+04, 1.03094615103342e-10]
	RefineElem[5: 2.52140000000000e+04, 2.24610000000000e+04, 2.23790000000000e+04, 2.36310000000000e+04, 1.02888423278241e-10]
	RefineElem[5: 6.74470000000000e+04, 2.53980000000000e+04, 3.90920000000000e+04, 2.56440000000000e+04, 1.02660196123304e-10]
	RefineElem[5: 6.07950000000000e+04, 3.49490000000000e+04, 3.49300000000000e+04, 3.49290000000000e+04, 1.02565405120971e-10]
	RefineElem[5: 4.08650000000000e+04, 3.52460000000000e+04, 3.52660000000000e+04, 3.52530000000000e+04, 1.02271126716521e-10]
	RefineElem[5: 8.05010000000000e+04, 3.49250000000000e+04, 3.49430000000000e+04, 3.49550000000000e+04, 1.02175127784203e-10]
	RefineElem[5: 7.32390000000000e+04, 2.27360000000000e+04, 2.28330000000000e+04, 2.28300000000000e+04, 1.02057342391642e-10]
	RefineElem[5: 3.03980000000000e+04, 2.82750000000000e+04, 2.57650000000000e+04, 2.57630000000000e+04, 1.01822891347216e-10]
	RefineElem[5: 5.93130000000000e+04, 2.02080000000000e+04, 2.02020000000000e+04, 2.01850000000000e+04, 1.01807209370459e-10]
	RefineElem[5: 7.10580000000000e+04, 3.88480000000000e+04, 2.55080000000000e+04, 2.56540000000000e+04, 1.01787358130608e-10]
	RefineElem[5: 8.16120000000000e+04, 2.63190000000000e+04, 2.63180000000000e+04, 2.44350000000000e+04, 1.01588462492851e-10]
	RefineElem[5: 7.51480000000000e+04, 2.37100000000000e+04, 2.37370000000000e+04, 2.36940000000000e+04, 1.01462150282219e-10]
	RefineElem[5: 8.03520000000000e+04, 1.95250000000000e+04, 2.15980000000000e+04, 2.16000000000000e+04, 1.01399829510605e-10]
	RefineElem[5: 6.61750000000000e+04, 7.29800000000000e+03, 7.55600000000000e+03, 7.55900000000000e+03, 1.01296272669136e-10]
	RefineElem[5: 6.74490000000000e+04, 2.53980000000000e+04, 2.56440000000000e+04, 2.53910000000000e+04, 1.00907331481055e-10]
	RefineElem[5: 5.94940000000000e+04, 2.18580000000000e+04, 2.18550000000000e+04, 2.19120000000000e+04, 1.00883590530714e-10]
	RefineElem[5: 7.67490000000000e+04, 2.74810000000000e+04, 2.74820000000000e+04, 2.82860000000000e+04, 1.00581098702732e-10]
	RefineElem[5: 6.49360000000000e+04, 3.41190000000000e+04, 3.40930000000000e+04, 3.41110000000000e+04, 1.00472779133231e-10]
	RefineElem[5: 7.30330000000000e+04, 3.92820000000000e+04, 2.04260000000000e+04, 2.04210000000000e+04, 1.00468250212711e-10]
	RefineElem[5: 4.03460000000000e+04, 3.87350000000000e+04, 3.48900000000000e+04, 3.49050000000000e+04, 1.00261736748509e-10]
	RefineElem[5: 2.44200000000000e+04, 1.96110000000000e+04, 2.15810000000000e+04, 2.15820000000000e+04, 1.00086351446968e-10]
	RefineElem[5: 7.65950000000000e+04, 2.31040000000000e+04, 2.28340000000000e+04, 2.27700000000000e+04, 9.96924976178539e-11]
	RefineElem[5: 7.87450000000000e+04, 7.39300000000000e+03, 7.43100000000000e+03, 8.67700000000000e+03, 9.96147693264051e-11]
	RefineElem[5: 8.11130000000000e+04, 1.92280000000000e+04, 1.93040000000000e+04, 1.92160000000000e+04, 9.94939792613496e-11]
	RefineElem[5: 7.49910000000000e+04, 1.98440000000000e+04, 1.98270000000000e+04, 1.98280000000000e+04, 9.92726736135835e-11]
	RefineElem[5: 6.98540000000000e+04, 2.74050000000000e+04, 2.86010000000000e+04, 2.74700000000000e+04, 9.91679934535893e-11]
	RefineElem[5: 7.89340000000000e+04, 2.78790000000000e+04, 2.79160000000000e+04, 2.79600000000000e+04, 9.88236115476054e-11]
	RefineElem[5: 7.84650000000000e+04, 2.24050000000000e+04, 2.22950000000000e+04, 2.23210000000000e+04, 9.85477919353848e-11]
	RefineElem[5: 1.93270000000000e+04, 1.45240000000000e+04, 1.45210000000000e+04, 1.25320000000000e+04, 9.85203421788663e-11]
	RefineElem[5: 7.71430000000000e+04, 1.94130000000000e+04, 1.95940000000000e+04, 1.95950000000000e+04, 9.84221145450083e-11]
	RefineElem[5: 7.40700000000000e+04, 3.59200000000000e+03, 3.58500000000000e+03, 4.68900000000000e+03, 9.84052020377494e-11]
	RefineElem[5: 1.61680000000000e+04, 9.58100000000000e+03, 9.57700000000000e+03, 1.16470000000000e+04, 9.83281524184683e-11]
	RefineElem[5: 6.00260000000000e+04, 2.60700000000000e+04, 2.57640000000000e+04, 2.57770000000000e+04, 9.82635184086737e-11]
	RefineElem[5: 7.81170000000000e+04, 7.12000000000000e+02, 1.81000000000000e+03, 1.81100000000000e+03, 9.80501857752869e-11]
	RefineElem[5: 4.13370000000000e+04, 3.55520000000000e+04, 3.55720000000000e+04, 3.55640000000000e+04, 9.78096418050682e-11]
	RefineElem[5: 6.49960000000000e+04, 3.47460000000000e+04, 3.47650000000000e+04, 3.47500000000000e+04, 9.76396142696200e-11]
	RefineElem[5: 6.21170000000000e+04, 4.23000000000000e+02, 4.35000000000000e+02, 4.07000000000000e+02, 9.75645402825280e-11]
	RefineElem[5: 7.33660000000000e+04, 2.58940000000000e+04, 2.47530000000000e+04, 2.47540000000000e+04, 9.71540844017260e-11]
	RefineElem[5: 5.97050000000000e+04, 2.25390000000000e+04, 2.31450000000000e+04, 2.31470000000000e+04, 9.70771442382293e-11]
	RefineElem[5: 6.96860000000000e+04, 2.32120000000000e+04, 2.35700000000000e+04, 2.35910000000000e+04, 9.70683256781234e-11]
	RefineElem[5: 2.76170000000000e+04, 3.94630000000000e+04, 2.03470000000000e+04, 2.03480000000000e+04, 9.69772458162118e-11]
	RefineElem[5: 6.89280000000000e+04, 2.48340000000000e+04, 2.48560000000000e+04, 2.48550000000000e+04, 9.66004068389277e-11]
	RefineElem[5: 2.64600000000000e+04, 2.07140000000000e+04, 2.07180000000000e+04, 2.32310000000000e+04, 9.65934047638232e-11]
	RefineElem[5: 7.09910000000000e+04, 3.92430000000000e+04, 2.04660000000000e+04, 2.06100000000000e+04, 9.61246159355788e-11]
	RefineElem[5: 2.65000000000000e+04, 2.07480000000000e+04, 2.07470000000000e+04, 2.32050000000000e+04, 9.60445624686038e-11]
	RefineElem[5: 6.98590000000000e+04, 2.81040000000000e+04, 2.79550000000000e+04, 2.79510000000000e+04, 9.58488939104271e-11]
	RefineElem[5: 3.04480000000000e+04, 2.58030000000000e+04, 2.58010000000000e+04, 2.82370000000000e+04, 9.54911728399127e-11]
	RefineElem[5: 3.05100000000000e+04, 2.58450000000000e+04, 2.58440000000000e+04, 2.81990000000000e+04, 9.54469921659855e-11]
	RefineElem[5: 2.34100000000000e+04, 1.89000000000000e+04, 1.88930000000000e+04, 1.88960000000000e+04, 9.51947950608491e-11]
	RefineElem[5: 7.77560000000000e+04, 2.48070000000000e+04, 2.60630000000000e+04, 2.60860000000000e+04, 9.51008682906242e-11]
	RefineElem[5: 7.34940000000000e+04, 2.57660000000000e+04, 2.57760000000000e+04, 2.57690000000000e+04, 9.46243926427386e-11]
	RefineElem[5: 7.05580000000000e+04, 3.37100000000000e+03, 3.36600000000000e+03, 3.37800000000000e+03, 9.46240495554804e-11]
	RefineElem[5: 3.10820000000000e+04, 2.79360000000000e+04, 2.79440000000000e+04, 2.55210000000000e+04, 9.46081613822753e-11]
	RefineElem[5: 5.36000000000000e+04, 3.72890000000000e+04, 3.89770000000000e+04, 3.48870000000000e+04, 9.42741843971972e-11]
	RefineElem[5: 3.04950000000000e+04, 2.82030000000000e+04, 2.82020000000000e+04, 2.58410000000000e+04, 9.39938458979319e-11]
	RefineElem[5: 2.34090000000000e+04, 1.88960000000000e+04, 1.88950000000000e+04, 1.89020000000000e+04, 9.39526643981697e-11]
	RefineElem[5: 3.11180000000000e+04, 2.78380000000000e+04, 2.77470000000000e+04, 2.52820000000000e+04, 9.36974484728040e-11]
	RefineElem[5: 7.04120000000000e+04, 2.46890000000000e+04, 2.47120000000000e+04, 2.66530000000000e+04, 9.31555995946305e-11]
	RefineElem[5: 2.50920000000000e+04, 2.31750000000000e+04, 2.31760000000000e+04, 2.31770000000000e+04, 9.29919794323511e-11]
	RefineElem[5: 3.08710000000000e+04, 2.68530000000000e+04, 2.43160000000000e+04, 2.63900000000000e+04, 9.28958872940720e-11]
	RefineElem[5: 7.94040000000000e+04, 9.68300000000000e+03, 9.65700000000000e+03, 1.16060000000000e+04, 9.26683515227646e-11]
	RefineElem[5: 7.84900000000000e+04, 3.13200000000000e+03, 1.06800000000000e+03, 7.12000000000000e+02, 9.20212786642167e-11]
	RefineElem[5: 5.70570000000000e+04, 2.74700000000000e+03, 2.74100000000000e+03, 2.75000000000000e+03, 9.19237967711663e-11]
	RefineElem[5: 2.93010000000000e+04, 2.82270000000000e+04, 2.82190000000000e+04, 2.82250000000000e+04, 9.18285972640749e-11]
	RefineElem[5: 4.03160000000000e+04, 3.49000000000000e+04, 3.48990000000000e+04, 3.49110000000000e+04, 9.17968661719683e-11]
	RefineElem[5: 7.41540000000000e+04, 3.69500000000000e+03, 4.37000000000000e+03, 7.44000000000000e+02, 9.16329952621873e-11]
	RefineElem[5: 8.04270000000000e+04, 2.77810000000000e+04, 2.77740000000000e+04, 2.81800000000000e+04, 9.14867281698277e-11]
	RefineElem[5: 4.03170000000000e+04, 3.49100000000000e+04, 3.49090000000000e+04, 3.49010000000000e+04, 9.14614515659064e-11]
	RefineElem[5: 5.40810000000000e+04, 3.98640000000000e+04, 3.74300000000000e+04, 3.98410000000000e+04, 9.12203040559865e-11]
	RefineElem[5: 6.69830000000000e+04, 3.93690000000000e+04, 1.93440000000000e+04, 1.93450000000000e+04, 9.11514639895971e-11]
	RefineElem[5: 7.27890000000000e+04, 1.35270000000000e+04, 1.54670000000000e+04, 1.54760000000000e+04, 9.06317413058153e-11]
	RefineElem[5: 1.93360000000000e+04, 1.25200000000000e+04, 1.45050000000000e+04, 1.64120000000000e+04, 9.05781920420894e-11]
	RefineElem[5: 7.82270000000000e+04, 1.96640000000000e+04, 2.15730000000000e+04, 1.97590000000000e+04, 9.02895089296637e-11]
	RefineElem[5: 7.84200000000000e+04, 1.00010000000000e+04, 1.12940000000000e+04, 1.13070000000000e+04, 9.01856429274471e-11]
	RefineElem[5: 6.47420000000000e+04, 2.81050000000000e+04, 2.77800000000000e+04, 2.77870000000000e+04, 9.01385083298118e-11]
	RefineElem[5: 2.65570000000000e+04, 2.31560000000000e+04, 2.07930000000000e+04, 2.07920000000000e+04, 9.01027834144752e-11]
	RefineElem[5: 2.81590000000000e+04, 2.58050000000000e+04, 2.58010000000000e+04, 2.58030000000000e+04, 8.99800757465608e-11]
	RefineElem[5: 2.51260000000000e+04, 2.32570000000000e+04, 2.32620000000000e+04, 2.31960000000000e+04, 8.97066781848235e-11]
	RefineElem[5: 2.42470000000000e+04, 2.08380000000000e+04, 2.08460000000000e+04, 1.95160000000000e+04, 8.95697647886401e-11]
	RefineElem[5: 6.88700000000000e+04, 2.38470000000000e+04, 2.18730000000000e+04, 2.38350000000000e+04, 8.94457969140537e-11]
	RefineElem[5: 6.70030000000000e+04, 1.95180000000000e+04, 1.95900000000000e+04, 2.08860000000000e+04, 8.92315667740258e-11]
	RefineElem[5: 6.65080000000000e+04, 1.06970000000000e+04, 1.16430000000000e+04, 1.06860000000000e+04, 8.89057286478947e-11]
	RefineElem[5: 7.89900000000000e+04, 2.03550000000000e+04, 2.03590000000000e+04, 2.05980000000000e+04, 8.88568744532339e-11]
	RefineElem[5: 7.16600000000000e+04, 5.97100000000000e+03, 3.57300000000000e+03, 5.98400000000000e+03, 8.87569804574714e-11]
	RefineElem[5: 5.76430000000000e+04, 6.77200000000000e+03, 6.77400000000000e+03, 6.77600000000000e+03, 8.86612109470301e-11]
	RefineElem[5: 5.97940000000000e+04, 2.39690000000000e+04, 2.38190000000000e+04, 3.87080000000000e+04, 8.86057266504989e-11]
	RefineElem[5: 6.46790000000000e+04, 2.71690000000000e+04, 2.70730000000000e+04, 2.88200000000000e+04, 8.85921808620301e-11]
	RefineElem[5: 9.02800000000000e+03, 6.89200000000000e+03, 6.80200000000000e+03, 6.79300000000000e+03, 8.83764657087748e-11]
	RefineElem[5: 7.51100000000000e+04, 2.07700000000000e+04, 2.07770000000000e+04, 2.07790000000000e+04, 8.81421305389145e-11]
	RefineElem[5: 2.05030000000000e+04, 1.71030000000000e+04, 1.70610000000000e+04, 1.70590000000000e+04, 8.80922468409656e-11]
	RefineElem[5: 6.86290000000000e+04, 1.95200000000000e+04, 1.95190000000000e+04, 2.15690000000000e+04, 8.80013573620970e-11]
	RefineElem[5: 4.13520000000000e+04, 3.56000000000000e+04, 3.56180000000000e+04, 3.56090000000000e+04, 8.79192968117393e-11]
	RefineElem[5: 7.76710000000000e+04, 1.94450000000000e+04, 1.95080000000000e+04, 1.95090000000000e+04, 8.77301396875391e-11]
	RefineElem[5: 8.15720000000000e+04, 2.79460000000000e+04, 2.79450000000000e+04, 2.79410000000000e+04, 8.76626170082980e-11]
	RefineElem[5: 8.10550000000000e+04, 2.28800000000000e+04, 2.28750000000000e+04, 2.40200000000000e+04, 8.72770836423533e-11]
	RefineElem[5: 6.55000000000000e+02, 4.23000000000000e+02, 4.24000000000000e+02, 4.25000000000000e+02, 8.72729034313112e-11]
	RefineElem[5: 7.86060000000000e+04, 4.85300000000000e+03, 4.83000000000000e+03, 3.63300000000000e+03, 8.71002457866594e-11]
	RefineElem[5: 7.44560000000000e+04, 1.25210000000000e+04, 1.25200000000000e+04, 1.45270000000000e+04, 8.70505381435475e-11]
	RefineElem[5: 7.81530000000000e+04, 7.52900000000000e+03, 9.67500000000000e+03, 9.66200000000000e+03, 8.67409994656202e-11]
	RefineElem[5: 8.11230000000000e+04, 2.04670000000000e+04, 2.04680000000000e+04, 2.04260000000000e+04, 8.66604018682984e-11]
	RefineElem[5: 5.94220000000000e+04, 2.15450000000000e+04, 1.94140000000000e+04, 2.12660000000000e+04, 8.62779451432256e-11]
	RefineElem[5: 7.54890000000000e+04, 2.53020000000000e+04, 2.52540000000000e+04, 2.52100000000000e+04, 8.62424597689756e-11]
	RefineElem[5: 8.15160000000000e+04, 3.93540000000000e+04, 2.88750000000000e+04, 2.88760000000000e+04, 8.61722302127921e-11]
	RefineElem[5: 4.69370000000000e+04, 2.82890000000000e+04, 2.82880000000000e+04, 2.07050000000000e+04, 8.59271434014035e-11]
	RefineElem[5: 7.01780000000000e+04, 2.08590000000000e+04, 2.08500000000000e+04, 1.97290000000000e+04, 8.54251680911725e-11]
	RefineElem[5: 2.83830000000000e+04, 2.61050000000000e+04, 2.61060000000000e+04, 2.57610000000000e+04, 8.53995828711438e-11]
	RefineElem[5: 3.05040000000000e+04, 2.81980000000000e+04, 2.81970000000000e+04, 2.58460000000000e+04, 8.49439171014205e-11]
	RefineElem[5: 7.30750000000000e+04, 1.96280000000000e+04, 2.09110000000000e+04, 1.95900000000000e+04, 8.49130026408339e-11]
	RefineElem[5: 4.03400000000000e+04, 3.87310000000000e+04, 3.48840000000000e+04, 3.49100000000000e+04, 8.46855278323849e-11]
	RefineElem[5: 4.10990000000000e+04, 3.54490000000000e+04, 3.54860000000000e+04, 3.54670000000000e+04, 8.46249590603648e-11]
	RefineElem[5: 2.90260000000000e+04, 2.82330000000000e+04, 2.82370000000000e+04, 2.82380000000000e+04, 8.45308642743669e-11]
	RefineElem[5: 8.16380000000000e+04, 2.54000000000000e+04, 2.53990000000000e+04, 2.57190000000000e+04, 8.44740416814749e-11]
	RefineElem[5: 7.17690000000000e+04, 4.15000000000000e+03, 3.69500000000000e+03, 7.54000000000000e+02, 8.44597126201450e-11]
	RefineElem[5: 7.93030000000000e+04, 2.04830000000000e+04, 2.04800000000000e+04, 2.04710000000000e+04, 8.42564175914449e-11]
	RefineElem[5: 3.03720000000000e+04, 2.57440000000000e+04, 2.57430000000000e+04, 2.82900000000000e+04, 8.39281871020912e-11]
	RefineElem[5: 4.03480000000000e+04, 3.89630000000000e+04, 3.48920000000000e+04, 3.49060000000000e+04, 8.35481923874833e-11]
	RefineElem[5: 4.02240000000000e+04, 3.47720000000000e+04, 3.47870000000000e+04, 3.48750000000000e+04, 8.35395808863113e-11]
	RefineElem[5: 7.11280000000000e+04, 2.29730000000000e+04, 2.31200000000000e+04, 2.31280000000000e+04, 8.33222478552315e-11]
	RefineElem[5: 7.50510000000000e+04, 2.02490000000000e+04, 2.01640000000000e+04, 2.02520000000000e+04, 8.33120758383209e-11]
	RefineElem[5: 3.10910000000000e+04, 2.79610000000000e+04, 2.79730000000000e+04, 2.54890000000000e+04, 8.28743688831014e-11]
	RefineElem[5: 7.07250000000000e+04, 2.21060000000000e+04, 2.20980000000000e+04, 2.36910000000000e+04, 8.27755192027022e-11]
	RefineElem[5: 7.67330000000000e+04, 2.84740000000000e+04, 2.74080000000000e+04, 2.74240000000000e+04, 8.27456811427543e-11]
	RefineElem[5: 7.14080000000000e+04, 2.68840000000000e+04, 2.89310000000000e+04, 2.67400000000000e+04, 8.27002568216578e-11]
	RefineElem[5: 7.93280000000000e+04, 2.91120000000000e+04, 2.91160000000000e+04, 2.66770000000000e+04, 8.26218629053970e-11]
	RefineElem[5: 7.87090000000000e+04, 7.43000000000000e+02, 1.95600000000000e+03, 1.95700000000000e+03, 8.26214931521553e-11]
	RefineElem[5: 6.00920000000000e+04, 2.65860000000000e+04, 2.65890000000000e+04, 2.63030000000000e+04, 8.25671016144785e-11]
	RefineElem[5: 7.31750000000000e+04, 2.37600000000000e+04, 2.21190000000000e+04, 2.21210000000000e+04, 8.25059428625381e-11]
	RefineElem[5: 7.50420000000000e+04, 2.02110000000000e+04, 2.02100000000000e+04, 2.08030000000000e+04, 8.24895704293043e-11]
	RefineElem[5: 2.76110000000000e+04, 2.39480000000000e+04, 2.17090000000000e+04, 2.17110000000000e+04, 8.24807632386510e-11]
	RefineElem[5: 6.10840000000000e+04, 3.62290000000000e+04, 3.62110000000000e+04, 3.62130000000000e+04, 8.23610457267667e-11]
	RefineElem[5: 6.77220000000000e+04, 2.68920000000000e+04, 2.68580000000000e+04, 2.88920000000000e+04, 8.21721386390109e-11]
	RefineElem[5: 4.16020000000000e+04, 3.57740000000000e+04, 3.57910000000000e+04, 3.57080000000000e+04, 8.21106585700039e-11]
	RefineElem[5: 7.81710000000000e+04, 1.00110000000000e+04, 1.12640000000000e+04, 1.12730000000000e+04, 8.18370384659728e-11]
	RefineElem[5: 3.10840000000000e+04, 2.55130000000000e+04, 2.55210000000000e+04, 2.79440000000000e+04, 8.18161236329551e-11]
	RefineElem[5: 3.11140000000000e+04, 2.78870000000000e+04, 2.78940000000000e+04, 2.54240000000000e+04, 8.15042879061899e-11]
	RefineElem[5: 7.92540000000000e+04, 2.18300000000000e+04, 2.18270000000000e+04, 2.20050000000000e+04, 8.14871853984258e-11]
	RefineElem[5: 2.52480000000000e+04, 2.37250000000000e+04, 2.37210000000000e+04, 2.20080000000000e+04, 8.13448231566279e-11]
	RefineElem[5: 7.79710000000000e+04, 1.00020000000000e+04, 1.00110000000000e+04, 1.00010000000000e+04, 8.11165206525414e-11]
	RefineElem[5: 2.05180000000000e+04, 1.71030000000000e+04, 1.71040000000000e+04, 3.84760000000000e+04, 8.10861294575787e-11]
	RefineElem[5: 7.99110000000000e+04, 2.30670000000000e+04, 2.30700000000000e+04, 2.27260000000000e+04, 8.09927251629033e-11]
	RefineElem[5: 3.08560000000000e+04, 2.42600000000000e+04, 2.67250000000000e+04, 2.67230000000000e+04, 8.07085237636986e-11]
	RefineElem[5: 6.08150000000000e+04, 3.50150000000000e+04, 3.49150000000000e+04, 3.50100000000000e+04, 8.06829073105080e-11]
	RefineElem[5: 2.50770000000000e+04, 2.31180000000000e+04, 2.26630000000000e+04, 2.26640000000000e+04, 8.05718466192127e-11]
	RefineElem[5: 7.41920000000000e+04, 5.90900000000000e+03, 5.90700000000000e+03, 2.86800000000000e+03, 8.05178442128922e-11]
	RefineElem[5: 7.86480000000000e+04, 8.94000000000000e+02, 9.24000000000000e+02, 2.17600000000000e+03, 8.04457906429142e-11]
	RefineElem[5: 3.05030000000000e+04, 2.81990000000000e+04, 2.81980000000000e+04, 2.58450000000000e+04, 8.04407901379554e-11]
	RefineElem[5: 3.04190000000000e+04, 2.82550000000000e+04, 2.82540000000000e+04, 2.57920000000000e+04, 8.04269526398791e-11]
	RefineElem[5: 8.02580000000000e+04, 2.44360000000000e+04, 2.44370000000000e+04, 2.46320000000000e+04, 8.03885612232925e-11]
	RefineElem[5: 7.73290000000000e+04, 2.61240000000000e+04, 2.51420000000000e+04, 2.61120000000000e+04, 8.02726583670619e-11]
	RefineElem[5: 7.51730000000000e+04, 2.18080000000000e+04, 3.87140000000000e+04, 2.38170000000000e+04, 8.01244695091830e-11]
	RefineElem[5: 7.99690000000000e+04, 2.28940000000000e+04, 2.28980000000000e+04, 2.29010000000000e+04, 8.00946302369003e-11]
	RefineElem[5: 8.04220000000000e+04, 2.63780000000000e+04, 2.43850000000000e+04, 2.42840000000000e+04, 7.96957800976918e-11]
	RefineElem[5: 4.20530000000000e+04, 3.60190000000000e+04, 3.60180000000000e+04, 3.60200000000000e+04, 7.96612208669078e-11]
	RefineElem[5: 3.08470000000000e+04, 2.42290000000000e+04, 2.67570000000000e+04, 2.67520000000000e+04, 7.93247436208834e-11]
	RefineElem[5: 2.81580000000000e+04, 2.58040000000000e+04, 2.58030000000000e+04, 2.58060000000000e+04, 7.92720234225241e-11]
	RefineElem[5: 7.73100000000000e+04, 2.59980000000000e+04, 2.50580000000000e+04, 2.60580000000000e+04, 7.92063840886377e-11]
	RefineElem[5: 7.14040000000000e+04, 2.89200000000000e+04, 2.67330000000000e+04, 2.67440000000000e+04, 7.91293437942082e-11]
	RefineElem[5: 5.92530000000000e+04, 1.96240000000000e+04, 1.96080000000000e+04, 1.95180000000000e+04, 7.91102131288319e-11]
	RefineElem[5: 7.83450000000000e+04, 2.23210000000000e+04, 2.24510000000000e+04, 2.24950000000000e+04, 7.90386698642823e-11]
	RefineElem[5: 6.97810000000000e+04, 2.60430000000000e+04, 2.61230000000000e+04, 2.61100000000000e+04, 7.89901407466918e-11]
	RefineElem[5: 6.50570000000000e+04, 3.52440000000000e+04, 3.53140000000000e+04, 3.53220000000000e+04, 7.87168545722757e-11]
	RefineElem[5: 7.93340000000000e+04, 2.40570000000000e+04, 2.40610000000000e+04, 2.16310000000000e+04, 7.87161099604280e-11]
	RefineElem[5: 3.10830000000000e+04, 2.79440000000000e+04, 2.79510000000000e+04, 2.55130000000000e+04, 7.86091618687790e-11]
	RefineElem[5: 6.73270000000000e+04, 2.38450000000000e+04, 2.19260000000000e+04, 2.19330000000000e+04, 7.85592210155161e-11]
	RefineElem[5: 7.88700000000000e+04, 2.54710000000000e+04, 2.54200000000000e+04, 2.77590000000000e+04, 7.85043956994926e-11]
	RefineElem[5: 3.13360000000000e+04, 2.42400000000000e+04, 2.42500000000000e+04, 2.42530000000000e+04, 7.82536678069534e-11]
	RefineElem[5: 7.85300000000000e+04, 1.00000000000000e+04, 1.13310000000000e+04, 1.13490000000000e+04, 7.81929914393327e-11]
	RefineElem[5: 7.53420000000000e+04, 2.42680000000000e+04, 2.63510000000000e+04, 2.43940000000000e+04, 7.81255325585041e-11]
	RefineElem[5: 7.03410000000000e+04, 2.55170000000000e+04, 2.56300000000000e+04, 2.54020000000000e+04, 7.80733711419635e-11]
	RefineElem[5: 2.41860000000000e+04, 2.06990000000000e+04, 2.07000000000000e+04, 2.07010000000000e+04, 7.78090340493877e-11]
	RefineElem[5: 5.91890000000000e+04, 1.86330000000000e+04, 1.86260000000000e+04, 1.86240000000000e+04, 7.77742183489730e-11]
	RefineElem[5: 7.97840000000000e+04, 1.67550000000000e+04, 1.67510000000000e+04, 1.67460000000000e+04, 7.76064093942257e-11]
	RefineElem[5: 2.51210000000000e+04, 2.32390000000000e+04, 2.32440000000000e+04, 2.32400000000000e+04, 7.74359987973814e-11]
	RefineElem[5: 8.04950000000000e+04, 3.49710000000000e+04, 3.49130000000000e+04, 3.49170000000000e+04, 7.74141906376586e-11]
	RefineElem[5: 8.00970000000000e+04, 2.27400000000000e+04, 1.67740000000000e+04, 1.67720000000000e+04, 7.73962683856643e-11]
	RefineElem[5: 4.21400000000000e+04, 3.61260000000000e+04, 3.61310000000000e+04, 3.60140000000000e+04, 7.73958578944713e-11]
	RefineElem[5: 3.10440000000000e+04, 2.74050000000000e+04, 2.74230000000000e+04, 2.50590000000000e+04, 7.72504618874332e-11]
	RefineElem[5: 7.02750000000000e+04, 2.30500000000000e+04, 2.30440000000000e+04, 3.90910000000000e+04, 7.72000524808511e-11]
	RefineElem[5: 7.75140000000000e+04, 7.29300000000000e+03, 9.73400000000000e+03, 7.51400000000000e+03, 7.71497072549565e-11]
	RefineElem[5: 7.55020000000000e+04, 2.52490000000000e+04, 2.52790000000000e+04, 2.57070000000000e+04, 7.69190001438845e-11]
	RefineElem[5: 7.02870000000000e+04, 2.35870000000000e+04, 2.35650000000000e+04, 2.33140000000000e+04, 7.68618140077651e-11]
	RefineElem[5: 7.86940000000000e+04, 1.62580000000000e+04, 1.46740000000000e+04, 1.62590000000000e+04, 7.67521630353727e-11]
	RefineElem[5: 7.96410000000000e+04, 2.13340000000000e+04, 1.93600000000000e+04, 1.92590000000000e+04, 7.67318182672657e-11]
	RefineElem[5: 7.67450000000000e+04, 2.75730000000000e+04, 2.75850000000000e+04, 2.75540000000000e+04, 7.66068380505130e-11]
	RefineElem[5: 7.78910000000000e+04, 3.61200000000000e+03, 3.60800000000000e+03, 5.13000000000000e+03, 7.64745732854586e-11]
	RefineElem[5: 7.52550000000000e+04, 2.26190000000000e+04, 2.27670000000000e+04, 2.26420000000000e+04, 7.62545328911765e-11]
	RefineElem[5: 7.65740000000000e+04, 2.24350000000000e+04, 2.24360000000000e+04, 2.32360000000000e+04, 7.58545217468772e-11]
	RefineElem[5: 4.05740000000000e+04, 3.87130000000000e+04, 3.50360000000000e+04, 3.50620000000000e+04, 7.55729859551378e-11]
	RefineElem[5: 7.72440000000000e+04, 2.21930000000000e+04, 2.20610000000000e+04, 2.33460000000000e+04, 7.54400354240043e-11]
	RefineElem[5: 1.12830000000000e+04, 1.15990000000000e+04, 1.16050000000000e+04, 1.16040000000000e+04, 7.51790709504160e-11]
	RefineElem[5: 7.22240000000000e+04, 7.30500000000000e+03, 1.08740000000000e+04, 9.90300000000000e+03, 7.51737709640365e-11]
	RefineElem[5: 5.36250000000000e+04, 3.73010000000000e+04, 3.89470000000000e+04, 3.50470000000000e+04, 7.50247636932123e-11]
	RefineElem[5: 7.05560000000000e+04, 3.36800000000000e+03, 3.37300000000000e+03, 3.37100000000000e+03, 7.49369714792546e-11]
	RefineElem[5: 6.89700000000000e+04, 2.56450000000000e+04, 2.56440000000000e+04, 3.90920000000000e+04, 7.46356910039607e-11]
	RefineElem[5: 3.08350000000000e+04, 2.90840000000000e+04, 2.68070000000000e+04, 2.65200000000000e+04, 7.45770292780778e-11]
	RefineElem[5: 6.73310000000000e+04, 2.39960000000000e+04, 2.17680000000000e+04, 3.93620000000000e+04, 7.45511713905651e-11]
	RefineElem[5: 5.94250000000000e+04, 1.92240000000000e+04, 2.13870000000000e+04, 2.13910000000000e+04, 7.45034991292256e-11]
	RefineElem[5: 6.00130000000000e+04, 2.58800000000000e+04, 2.57970000000000e+04, 2.58900000000000e+04, 7.41688502300030e-11]
	RefineElem[5: 7.05780000000000e+04, 5.41300000000000e+03, 5.41400000000000e+03, 5.42500000000000e+03, 7.39602009889183e-11]
	RefineElem[5: 7.36050000000000e+04, 2.73590000000000e+04, 2.73660000000000e+04, 2.73640000000000e+04, 7.39249116043243e-11]
	RefineElem[5: 6.71460000000000e+04, 2.14100000000000e+04, 1.92130000000000e+04, 3.92760000000000e+04, 7.39121694569232e-11]
	RefineElem[5: 7.71490000000000e+04, 1.94130000000000e+04, 2.08220000000000e+04, 2.08120000000000e+04, 7.37072343971490e-11]
	RefineElem[5: 6.97370000000000e+04, 2.44130000000000e+04, 2.44630000000000e+04, 2.45090000000000e+04, 7.35319375407657e-11]
	RefineElem[5: 7.93470000000000e+04, 2.32250000000000e+04, 2.32100000000000e+04, 2.32240000000000e+04, 7.34536787737013e-11]
	RefineElem[5: 8.03790000000000e+04, 3.88350000000000e+04, 2.55180000000000e+04, 2.56330000000000e+04, 7.34472881883759e-11]
	RefineElem[5: 7.66570000000000e+04, 2.48640000000000e+04, 2.47260000000000e+04, 2.46570000000000e+04, 7.33821801351385e-11]
	RefineElem[5: 7.98770000000000e+04, 5.68100000000000e+03, 3.10000000000000e+03, 3.09100000000000e+03, 7.33096213831277e-11]
	RefineElem[5: 2.71400000000000e+04, 2.03820000000000e+04, 2.03940000000000e+04, 2.28360000000000e+04, 7.32316564805954e-11]
	RefineElem[5: 7.66680000000000e+04, 2.50520000000000e+04, 2.51410000000000e+04, 2.51400000000000e+04, 7.25113639406841e-11]
	RefineElem[5: 6.75100000000000e+04, 2.61820000000000e+04, 2.61920000000000e+04, 2.61840000000000e+04, 7.19956777816833e-11]
	RefineElem[5: 7.30450000000000e+04, 2.07220000000000e+04, 2.07320000000000e+04, 2.07250000000000e+04, 7.19297576476679e-11]
	RefineElem[5: 7.47000000000000e+03, 4.88100000000000e+03, 6.03000000000000e+03, 2.70600000000000e+03, 7.19209855770288e-11]
	RefineElem[5: 2.43870000000000e+04, 2.13940000000000e+04, 2.13920000000000e+04, 1.92890000000000e+04, 7.18283141732504e-11]
	RefineElem[5: 7.77240000000000e+04, 2.25480000000000e+04, 2.25460000000000e+04, 2.25150000000000e+04, 7.14851613633078e-11]
	RefineElem[5: 3.04260000000000e+04, 2.57960000000000e+04, 2.57950000000000e+04, 2.82490000000000e+04, 7.14848222782045e-11]
	RefineElem[5: 5.97810000000000e+04, 2.37150000000000e+04, 2.37070000000000e+04, 2.37110000000000e+04, 7.12620429220062e-11]
	RefineElem[5: 7.82960000000000e+04, 9.99900000000000e+03, 1.00280000000000e+04, 1.13980000000000e+04, 7.12092403134545e-11]
	RefineElem[5: 2.81290000000000e+04, 2.52230000000000e+04, 2.57400000000000e+04, 2.57390000000000e+04, 7.05763829170938e-11]
	RefineElem[5: 7.30490000000000e+04, 2.07320000000000e+04, 2.07140000000000e+04, 2.07190000000000e+04, 7.05024438882703e-11]
	RefineElem[5: 7.67850000000000e+04, 2.86710000000000e+04, 2.86720000000000e+04, 2.86760000000000e+04, 7.04631341021349e-11]
	RefineElem[5: 2.64940000000000e+04, 2.07510000000000e+04, 2.07500000000000e+04, 2.32010000000000e+04, 7.00036380847057e-11]
	RefineElem[5: 8.15350000000000e+04, 2.68710000000000e+04, 2.68720000000000e+04, 2.70480000000000e+04, 6.97916029167057e-11]
	RefineElem[5: 7.55370000000000e+04, 2.58350000000000e+04, 2.58120000000000e+04, 2.58130000000000e+04, 6.97492059182386e-11]
	RefineElem[5: 7.92420000000000e+04, 2.68770000000000e+04, 2.67210000000000e+04, 2.67300000000000e+04, 6.97106253247158e-11]
	RefineElem[5: 4.05050000000000e+04, 3.74360000000000e+04, 3.49980000000000e+04, 3.50010000000000e+04, 6.97099066035489e-11]
	RefineElem[5: 6.41950000000000e+04, 2.20490000000000e+04, 2.21280000000000e+04, 2.21310000000000e+04, 6.96144429247183e-11]
	RefineElem[5: 8.03690000000000e+04, 2.68810000000000e+04, 2.68790000000000e+04, 2.70480000000000e+04, 6.95644502437013e-11]
	RefineElem[5: 1.61730000000000e+04, 1.16430000000000e+04, 1.16420000000000e+04, 9.60200000000000e+03, 6.94952214074210e-11]
	RefineElem[5: 7.96220000000000e+04, 2.04970000000000e+04, 2.05010000000000e+04, 2.04900000000000e+04, 6.93411130294426e-11]
	RefineElem[5: 4.69270000000000e+04, 2.07060000000000e+04, 2.82940000000000e+04, 2.82890000000000e+04, 6.93399043350039e-11]
	RefineElem[5: 1.56980000000000e+04, 1.07290000000000e+04, 7.35300000000000e+03, 7.36500000000000e+03, 6.93245771574166e-11]
	RefineElem[5: 7.92830000000000e+04, 1.88740000000000e+04, 1.88960000000000e+04, 1.88930000000000e+04, 6.92993197491210e-11]
	RefineElem[5: 5.93420000000000e+04, 2.05970000000000e+04, 2.06010000000000e+04, 2.03550000000000e+04, 6.92851132847697e-11]
	RefineElem[5: 8.15510000000000e+04, 2.88770000000000e+04, 2.88780000000000e+04, 2.68850000000000e+04, 6.92561220039266e-11]
	RefineElem[5: 8.14840000000000e+04, 2.69010000000000e+04, 2.69490000000000e+04, 2.69430000000000e+04, 6.92322214915413e-11]
	RefineElem[5: 8.00490000000000e+04, 2.88670000000000e+04, 2.70470000000000e+04, 2.69420000000000e+04, 6.92280361312434e-11]
	RefineElem[5: 7.94660000000000e+04, 1.88800000000000e+04, 1.88920000000000e+04, 1.88950000000000e+04, 6.87652334211194e-11]
	RefineElem[5: 8.18050000000000e+04, 2.55010000000000e+04, 2.55000000000000e+04, 2.55090000000000e+04, 6.86584968418462e-11]
	RefineElem[5: 7.82040000000000e+04, 1.54310000000000e+04, 1.54110000000000e+04, 1.54200000000000e+04, 6.86555556109167e-11]
	RefineElem[5: 2.71180000000000e+04, 2.29110000000000e+04, 2.29230000000000e+04, 2.04470000000000e+04, 6.85837246906451e-11]
	RefineElem[5: 3.10970000000000e+04, 2.79890000000000e+04, 2.79980000000000e+04, 2.65460000000000e+04, 6.84284372301652e-11]
	RefineElem[5: 5.40870000000000e+04, 3.74350000000000e+04, 3.98680000000000e+04, 3.98590000000000e+04, 6.84146747490030e-11]
	RefineElem[5: 9.12400000000000e+03, 3.77060000000000e+04, 6.86900000000000e+03, 6.87400000000000e+03, 6.82658448227538e-11]
	RefineElem[5: 3.03740000000000e+04, 2.57510000000000e+04, 2.57440000000000e+04, 2.82960000000000e+04, 6.82339602061649e-11]
	RefineElem[5: 7.89290000000000e+04, 2.78810000000000e+04, 2.78790000000000e+04, 2.79570000000000e+04, 6.82107097926478e-11]
	RefineElem[5: 7.13990000000000e+04, 2.18410000000000e+04, 2.38760000000000e+04, 2.16940000000000e+04, 6.81537709869213e-11]
	RefineElem[5: 4.22350000000000e+04, 3.60490000000000e+04, 3.61290000000000e+04, 3.61350000000000e+04, 6.80720452481362e-11]
	RefineElem[5: 3.14060000000000e+04, 2.89470000000000e+04, 2.92300000000000e+04, 2.67230000000000e+04, 6.78650844911689e-11]
	RefineElem[5: 8.13190000000000e+04, 2.42620000000000e+04, 2.42630000000000e+04, 2.42510000000000e+04, 6.78630742272964e-11]
	RefineElem[5: 4.03250000000000e+04, 3.49060000000000e+04, 3.49050000000000e+04, 3.48970000000000e+04, 6.75535718365448e-11]
	RefineElem[5: 4.03240000000000e+04, 3.48960000000000e+04, 3.49020000000000e+04, 3.49080000000000e+04, 6.73311945167958e-11]
	RefineElem[5: 7.59590000000000e+04, 3.71900000000000e+03, 3.72500000000000e+03, 3.63300000000000e+03, 6.73028347959286e-11]
	RefineElem[5: 7.52940000000000e+04, 2.30600000000000e+04, 2.30610000000000e+04, 3.91520000000000e+04, 6.72148628053007e-11]
	RefineElem[5: 2.72410000000000e+04, 3.88140000000000e+04, 2.27430000000000e+04, 2.27340000000000e+04, 6.71242732033465e-11]
	RefineElem[5: 7.80310000000000e+04, 2.10720000000000e+04, 2.10700000000000e+04, 2.02810000000000e+04, 6.68578686854849e-11]
	RefineElem[5: 2.53340000000000e+04, 2.40870000000000e+04, 2.41110000000000e+04, 2.41120000000000e+04, 6.66506813828635e-11]
	RefineElem[5: 4.03130000000000e+04, 3.48840000000000e+04, 3.49090000000000e+04, 3.49100000000000e+04, 6.66141642060175e-11]
	RefineElem[5: 7.60730000000000e+04, 9.63500000000000e+03, 9.63300000000000e+03, 7.42100000000000e+03, 6.65539400180168e-11]
	RefineElem[5: 7.82800000000000e+04, 7.39100000000000e+03, 9.67200000000000e+03, 9.67600000000000e+03, 6.63781475191604e-11]
	RefineElem[5: 8.03480000000000e+04, 2.40830000000000e+04, 2.40910000000000e+04, 2.20010000000000e+04, 6.63019093446396e-11]
	RefineElem[5: 8.14820000000000e+04, 2.69430000000000e+04, 2.88750000000000e+04, 2.88740000000000e+04, 6.62785620905619e-11]
	RefineElem[5: 1.05160000000000e+04, 9.60200000000000e+03, 7.39700000000000e+03, 9.60400000000000e+03, 6.61855314859964e-11]
	RefineElem[5: 7.60780000000000e+04, 7.42100000000000e+03, 9.63900000000000e+03, 9.64000000000000e+03, 6.59065103675066e-11]
	RefineElem[5: 6.71760000000000e+04, 3.94520000000000e+04, 2.17130000000000e+04, 2.39460000000000e+04, 6.58402613575809e-11]
	RefineElem[5: 7.10570000000000e+04, 2.56540000000000e+04, 2.56570000000000e+04, 3.88480000000000e+04, 6.57692581694582e-11]
	RefineElem[5: 8.11490000000000e+04, 2.04860000000000e+04, 2.04870000000000e+04, 2.04440000000000e+04, 6.56395497148903e-11]
	RefineElem[5: 2.71160000000000e+04, 2.04590000000000e+04, 2.29120000000000e+04, 2.29110000000000e+04, 6.55370895796060e-11]
	RefineElem[5: 1.94680000000000e+04, 1.54660000000000e+04, 1.44210000000000e+04, 1.35440000000000e+04, 6.54903626551774e-11]
	RefineElem[5: 5.96920000000000e+04, 2.27280000000000e+04, 2.30560000000000e+04, 2.30740000000000e+04, 6.54899558925296e-11]
	RefineElem[5: 2.04970000000000e+04, 1.71000000000000e+04, 1.71080000000000e+04, 1.70500000000000e+04, 6.54865468383887e-11]
	RefineElem[5: 2.60880000000000e+04, 2.10210000000000e+04, 2.10190000000000e+04, 2.35770000000000e+04, 6.53329252974607e-11]
	RefineElem[5: 3.05130000000000e+04, 2.57400000000000e+04, 2.81960000000000e+04, 2.82980000000000e+04, 6.52853892378251e-11]
	RefineElem[5: 7.60680000000000e+04, 7.42100000000000e+03, 9.62900000000000e+03, 9.63000000000000e+03, 6.52300478532472e-11]
	RefineElem[5: 7.75340000000000e+04, 7.41600000000000e+03, 7.39700000000000e+03, 7.42100000000000e+03, 6.50357175627811e-11]
	RefineElem[5: 4.21320000000000e+04, 3.60420000000000e+04, 3.61120000000000e+04, 3.61020000000000e+04, 6.49958464227415e-11]
	RefineElem[5: 8.03210000000000e+04, 2.28990000000000e+04, 2.28920000000000e+04, 2.30640000000000e+04, 6.45139571398355e-11]
	RefineElem[5: 6.43900000000000e+04, 2.43720000000000e+04, 2.43730000000000e+04, 2.63270000000000e+04, 6.43193713310596e-11]
	RefineElem[5: 7.97460000000000e+04, 1.67500000000000e+04, 1.67570000000000e+04, 1.67540000000000e+04, 6.42950313783238e-11]
	RefineElem[5: 8.03640000000000e+04, 2.78090000000000e+04, 2.76940000000000e+04, 2.78230000000000e+04, 6.42884924711597e-11]
	RefineElem[5: 4.24030000000000e+04, 3.61610000000000e+04, 3.62750000000000e+04, 3.62740000000000e+04, 6.42067487005425e-11]
	RefineElem[5: 2.69890000000000e+04, 2.41330000000000e+04, 2.41320000000000e+04, 2.15620000000000e+04, 6.40917069355222e-11]
	RefineElem[5: 6.66740000000000e+04, 1.14890000000000e+04, 1.24850000000000e+04, 1.24810000000000e+04, 6.39878492755372e-11]
	RefineElem[5: 4.13340000000000e+04, 3.55640000000000e+04, 3.55650000000000e+04, 3.55520000000000e+04, 6.39279413500448e-11]
	RefineElem[5: 7.85440000000000e+04, 1.28160000000000e+04, 1.42910000000000e+04, 1.27850000000000e+04, 6.37941268764293e-11]
	RefineElem[5: 7.30080000000000e+04, 2.02700000000000e+04, 2.03190000000000e+04, 2.02690000000000e+04, 6.37704853576812e-11]
	RefineElem[5: 2.70970000000000e+04, 2.40730000000000e+04, 2.40790000000000e+04, 2.16200000000000e+04, 6.37328867104842e-11]
	RefineElem[5: 8.16870000000000e+04, 2.63380000000000e+04, 2.44080000000000e+04, 2.44090000000000e+04, 6.37120408143404e-11]
	RefineElem[5: 1.95190000000000e+04, 1.34790000000000e+04, 1.34920000000000e+04, 1.54340000000000e+04, 6.36806241553498e-11]
	RefineElem[5: 7.73430000000000e+04, 2.82310000000000e+04, 2.82300000000000e+04, 2.82290000000000e+04, 6.35333474158268e-11]
	RefineElem[5: 2.69750000000000e+04, 2.41470000000000e+04, 2.41440000000000e+04, 2.15550000000000e+04, 6.35062972769690e-11]
	RefineElem[5: 7.51740000000000e+04, 2.38240000000000e+04, 3.87140000000000e+04, 2.39680000000000e+04, 6.33986241128081e-11]
	RefineElem[5: 8.02630000000000e+04, 2.44370000000000e+04, 2.45390000000000e+04, 2.46310000000000e+04, 6.33723047346693e-11]
	RefineElem[5: 7.58810000000000e+04, 9.87000000000000e+02, 3.11700000000000e+03, 2.17100000000000e+03, 6.33511725262555e-11]
	RefineElem[5: 4.05580000000000e+04, 3.50480000000000e+04, 3.50540000000000e+04, 3.50590000000000e+04, 6.33212776967745e-11]
	RefineElem[5: 2.51250000000000e+04, 2.31960000000000e+04, 2.32560000000000e+04, 2.32570000000000e+04, 6.32980971839713e-11]
	RefineElem[5: 7.65920000000000e+04, 2.27690000000000e+04, 2.27680000000000e+04, 2.26450000000000e+04, 6.32228658568910e-11]
	RefineElem[5: 2.44000000000000e+04, 2.14860000000000e+04, 2.04990000000000e+04, 2.14890000000000e+04, 6.31694916747082e-11]
	RefineElem[5: 4.05660000000000e+04, 3.87030000000000e+04, 3.50440000000000e+04, 3.50580000000000e+04, 6.31630291534444e-11]
	RefineElem[5: 4.05590000000000e+04, 3.50580000000000e+04, 3.50610000000000e+04, 3.50500000000000e+04, 6.29929034610537e-11]
	RefineElem[5: 8.07570000000000e+04, 1.88780000000000e+04, 1.88950000000000e+04, 1.88960000000000e+04, 6.28285860638134e-11]
	RefineElem[5: 7.81970000000000e+04, 1.35110000000000e+04, 1.34800000000000e+04, 1.35180000000000e+04, 6.27249929612977e-11]
	RefineElem[5: 7.59550000000000e+04, 3.71400000000000e+03, 3.63300000000000e+03, 3.64700000000000e+03, 6.25975416476055e-11]
	RefineElem[5: 1.95160000000000e+04, 1.50280000000000e+04, 1.50000000000000e+04, 1.30410000000000e+04, 6.25792838375653e-11]
	RefineElem[5: 4.02800000000000e+04, 3.85010000000000e+04, 3.48220000000000e+04, 3.84870000000000e+04, 6.24230484010502e-11]
	RefineElem[5: 2.60870000000000e+04, 2.35770000000000e+04, 2.35730000000000e+04, 2.10210000000000e+04, 6.21442966834314e-11]
	RefineElem[5: 7.13510000000000e+04, 2.83820000000000e+04, 2.86580000000000e+04, 2.86340000000000e+04, 6.21012324406611e-11]
	RefineElem[5: 7.84190000000000e+04, 1.13070000000000e+04, 1.13140000000000e+04, 1.00010000000000e+04, 6.20407614672552e-11]
	RefineElem[5: 2.72010000000000e+04, 2.17960000000000e+04, 2.18000000000000e+04, 1.92540000000000e+04, 6.19862641183064e-11]
	RefineElem[5: 7.67480000000000e+04, 2.82860000000000e+04, 2.74780000000000e+04, 2.74810000000000e+04, 6.19405918753457e-11]
	RefineElem[5: 5.94440000000000e+04, 2.15400000000000e+04, 2.15430000000000e+04, 2.12590000000000e+04, 6.18662978649977e-11]
	RefineElem[5: 4.05720000000000e+04, 3.87100000000000e+04, 3.50330000000000e+04, 3.50600000000000e+04, 6.16984897851716e-11]
	RefineElem[5: 1.61720000000000e+04, 9.60200000000000e+03, 9.59300000000000e+03, 1.16430000000000e+04, 6.16306890011939e-11]
	RefineElem[5: 3.15060000000000e+04, 3.90950000000000e+04, 2.53980000000000e+04, 2.53200000000000e+04, 6.16275542742019e-11]
	RefineElem[5: 7.87930000000000e+04, 2.75830000000000e+04, 2.75530000000000e+04, 2.75720000000000e+04, 6.16182219534537e-11]
	RefineElem[5: 3.90030000000000e+04, 3.41810000000000e+04, 3.41830000000000e+04, 3.40270000000000e+04, 6.15977467139632e-11]
	RefineElem[5: 7.79200000000000e+04, 7.42900000000000e+03, 7.42100000000000e+03, 8.55400000000000e+03, 6.13543258412510e-11]
	RefineElem[5: 2.69900000000000e+04, 2.15620000000000e+04, 2.15610000000000e+04, 2.41330000000000e+04, 6.12955339153517e-11]
	RefineElem[5: 4.02390000000000e+04, 3.48190000000000e+04, 3.48200000000000e+04, 3.85000000000000e+04, 6.12319863720855e-11]
	RefineElem[5: 9.02900000000000e+03, 6.79300000000000e+03, 6.88500000000000e+03, 6.89200000000000e+03, 6.10071571213450e-11]
	RefineElem[5: 2.69170000000000e+04, 2.17060000000000e+04, 1.92150000000000e+04, 1.92060000000000e+04, 6.08351460777303e-11]
	RefineElem[5: 7.10560000000000e+04, 2.56570000000000e+04, 2.56580000000000e+04, 2.55070000000000e+04, 6.05621246744232e-11]
	RefineElem[5: 7.40040000000000e+04, 2.42400000000000e+03, 2.52900000000000e+03, 2.03000000000000e+03, 6.05141096479378e-11]
	RefineElem[5: 1.49780000000000e+04, 1.23470000000000e+04, 8.83700000000000e+03, 8.79400000000000e+03, 6.02651352622679e-11]
	RefineElem[5: 8.07680000000000e+04, 1.67850000000000e+04, 1.67900000000000e+04, 1.67720000000000e+04, 6.01866625167148e-11]
	RefineElem[5: 7.94110000000000e+04, 1.01970000000000e+04, 1.02030000000000e+04, 1.16060000000000e+04, 6.01764932237762e-11]
	RefineElem[5: 7.14130000000000e+04, 2.16960000000000e+04, 2.17740000000000e+04, 2.18420000000000e+04, 6.01356082112488e-11]
	RefineElem[5: 2.74410000000000e+04, 2.03520000000000e+04, 3.92770000000000e+04, 2.03480000000000e+04, 5.98521079831610e-11]
	RefineElem[5: 6.38660000000000e+04, 1.75820000000000e+04, 1.75510000000000e+04, 1.75520000000000e+04, 5.97993538636548e-11]
	RefineElem[5: 7.89030000000000e+04, 3.47290000000000e+04, 3.47300000000000e+04, 3.47930000000000e+04, 5.97877672310215e-11]
	RefineElem[5: 6.10980000000000e+04, 3.62770000000000e+04, 3.62760000000000e+04, 3.61600000000000e+04, 5.97818587974694e-11]
	RefineElem[5: 7.06120000000000e+04, 9.07400000000000e+03, 9.07300000000000e+03, 9.06100000000000e+03, 5.97706400095709e-11]
	RefineElem[5: 2.81300000000000e+04, 2.57390000000000e+04, 2.51840000000000e+04, 2.52230000000000e+04, 5.97391455857348e-11]
	RefineElem[5: 7.65050000000000e+04, 2.04200000000000e+04, 2.04160000000000e+04, 2.04330000000000e+04, 5.96119924108271e-11]
	RefineElem[5: 2.71050000000000e+04, 2.40150000000000e+04, 2.28750000000000e+04, 2.04990000000000e+04, 5.94198689788297e-11]
	RefineElem[5: 8.00800000000000e+03, 3.15300000000000e+03, 5.60800000000000e+03, 5.61600000000000e+03, 5.93188910771190e-11]
	RefineElem[5: 7.44450000000000e+04, 9.65200000000000e+03, 9.64600000000000e+03, 1.16200000000000e+04, 5.93164345053556e-11]
	RefineElem[5: 8.15180000000000e+04, 2.88750000000000e+04, 3.93540000000000e+04, 2.12740000000000e+04, 5.91372105447250e-11]
	RefineElem[5: 6.72040000000000e+04, 2.20860000000000e+04, 2.20880000000000e+04, 2.21150000000000e+04, 5.90206511848049e-11]
	RefineElem[5: 7.72500000000000e+04, 2.35020000000000e+04, 2.23620000000000e+04, 2.24220000000000e+04, 5.89873081814009e-11]
	RefineElem[5: 2.67090000000000e+04, 2.06060000000000e+04, 2.06070000000000e+04, 2.30420000000000e+04, 5.89208421172292e-11]
	RefineElem[5: 7.83970000000000e+04, 7.43600000000000e+03, 7.43000000000000e+03, 7.39300000000000e+03, 5.88331208928543e-11]
	RefineElem[5: 2.67110000000000e+04, 2.30410000000000e+04, 2.30430000000000e+04, 2.06040000000000e+04, 5.87569477116194e-11]
	RefineElem[5: 7.56360000000000e+04, 2.76660000000000e+04, 2.76640000000000e+04, 2.81940000000000e+04, 5.87421796640400e-11]
	RefineElem[5: 8.11250000000000e+04, 2.04590000000000e+04, 2.04380000000000e+04, 2.04680000000000e+04, 5.86617647164429e-11]
	RefineElem[5: 3.89890000000000e+04, 3.41500000000000e+04, 3.41530000000000e+04, 3.40590000000000e+04, 5.84005573221287e-11]
	RefineElem[5: 4.21470000000000e+04, 3.60590000000000e+04, 3.61080000000000e+04, 3.61070000000000e+04, 5.83741168285040e-11]
	RefineElem[5: 3.10510000000000e+04, 2.52810000000000e+04, 2.52500000000000e+04, 2.76160000000000e+04, 5.82708930853241e-11]
	RefineElem[5: 6.98410000000000e+04, 2.71660000000000e+04, 2.71600000000000e+04, 2.70630000000000e+04, 5.82627839685049e-11]
	RefineElem[5: 7.84690000000000e+04, 2.23100000000000e+04, 2.23210000000000e+04, 2.22980000000000e+04, 5.82625280899600e-11]
	RefineElem[5: 7.56520000000000e+04, 2.78150000000000e+04, 2.77180000000000e+04, 2.77190000000000e+04, 5.81176003240964e-11]
	RefineElem[5: 7.03190000000000e+04, 2.37200000000000e+04, 2.20120000000000e+04, 2.21010000000000e+04, 5.79123469028577e-11]
	RefineElem[5: 7.84920000000000e+04, 3.13100000000000e+03, 3.13200000000000e+03, 7.12000000000000e+02, 5.78938599852858e-11]
	RefineElem[5: 7.78360000000000e+04, 7.22000000000000e+02, 1.75200000000000e+03, 1.75300000000000e+03, 5.77556327487670e-11]
	RefineElem[5: 6.88170000000000e+04, 2.31660000000000e+04, 2.31750000000000e+04, 2.31690000000000e+04, 5.76674607439952e-11]
	RefineElem[5: 8.15380000000000e+04, 2.68790000000000e+04, 2.68800000000000e+04, 2.70480000000000e+04, 5.74921585547732e-11]
	RefineElem[5: 6.88080000000000e+04, 2.30760000000000e+04, 2.30540000000000e+04, 2.29010000000000e+04, 5.74090716149859e-11]
	RefineElem[5: 5.63860000000000e+04, 3.84910000000000e+04, 3.84890000000000e+04, 3.95020000000000e+04, 5.73536648188108e-11]
	RefineElem[5: 2.82910000000000e+04, 2.62480000000000e+04, 2.45020000000000e+04, 2.62490000000000e+04, 5.73038515505914e-11]
	RefineElem[5: 6.25930000000000e+04, 4.64900000000000e+03, 3.58000000000000e+03, 3.57400000000000e+03, 5.72592807887993e-11]
	RefineElem[5: 4.20920000000000e+04, 3.60190000000000e+04, 3.60210000000000e+04, 3.60690000000000e+04, 5.71437800633153e-11]
	RefineElem[5: 3.90810000000000e+04, 3.40840000000000e+04, 3.40820000000000e+04, 3.78120000000000e+04, 5.71193307592912e-11]
	RefineElem[5: 3.03990000000000e+04, 2.57630000000000e+04, 2.82760000000000e+04, 2.82750000000000e+04, 5.70810673005710e-11]
	RefineElem[5: 7.32380000000000e+04, 2.27410000000000e+04, 2.27380000000000e+04, 2.28330000000000e+04, 5.70298614229328e-11]
	RefineElem[5: 3.03780000000000e+04, 2.57530000000000e+04, 2.57520000000000e+04, 2.82860000000000e+04, 5.70283290033647e-11]
	RefineElem[5: 4.22680000000000e+04, 3.61420000000000e+04, 3.61430000000000e+04, 3.61390000000000e+04, 5.69240752822731e-11]
	RefineElem[5: 2.90740000000000e+04, 2.82500000000000e+04, 2.82520000000000e+04, 2.83670000000000e+04, 5.68945248730805e-11]
	RefineElem[5: 8.14580000000000e+04, 2.63260000000000e+04, 2.63250000000000e+04, 2.44350000000000e+04, 5.67027162577210e-11]
	RefineElem[5: 7.30970000000000e+04, 2.11500000000000e+04, 2.11720000000000e+04, 2.11570000000000e+04, 5.67019911150361e-11]
	RefineElem[5: 8.04350000000000e+04, 2.53060000000000e+04, 2.52930000000000e+04, 2.52560000000000e+04, 5.65371898087168e-11]
	RefineElem[5: 1.95230000000000e+04, 1.30410000000000e+04, 1.30530000000000e+04, 1.50280000000000e+04, 5.64748824307257e-11]
	RefineElem[5: 8.11200000000000e+04, 1.93660000000000e+04, 1.93610000000000e+04, 1.93040000000000e+04, 5.64555314791885e-11]
	RefineElem[5: 3.08440000000000e+04, 2.42200000000000e+04, 2.67620000000000e+04, 2.67570000000000e+04, 5.64533286865497e-11]
	RefineElem[5: 5.94050000000000e+04, 2.11710000000000e+04, 2.11720000000000e+04, 2.11620000000000e+04, 5.63294455556611e-11]
	RefineElem[5: 1.93300000000000e+04, 1.25320000000000e+04, 1.25310000000000e+04, 1.45240000000000e+04, 5.63162581240681e-11]
	RefineElem[5: 1.56990000000000e+04, 7.36500000000000e+03, 1.07320000000000e+04, 1.07290000000000e+04, 5.61902147123761e-11]
	RefineElem[5: 6.96040000000000e+04, 1.95710000000000e+04, 1.95080000000000e+04, 2.11310000000000e+04, 5.61579907765027e-11]
	RefineElem[5: 7.55380000000000e+04, 2.58350000000000e+04, 2.58340000000000e+04, 2.58120000000000e+04, 5.60893131941466e-11]
	RefineElem[5: 3.10890000000000e+04, 2.55010000000000e+04, 2.79620000000000e+04, 2.79610000000000e+04, 5.59196195349982e-11]
	RefineElem[5: 8.11190000000000e+04, 2.12770000000000e+04, 3.93330000000000e+04, 1.93040000000000e+04, 5.58106749700096e-11]
	RefineElem[5: 2.43020000000000e+04, 2.07170000000000e+04, 2.10620000000000e+04, 2.10630000000000e+04, 5.57820223937429e-11]
	RefineElem[5: 7.44150000000000e+04, 7.26500000000000e+03, 9.90300000000000e+03, 1.09920000000000e+04, 5.57397422321164e-11]
	RefineElem[5: 7.73860000000000e+04, 1.98270000000000e+04, 1.99820000000000e+04, 2.00160000000000e+04, 5.57022258711067e-11]
	RefineElem[5: 7.03730000000000e+04, 2.49300000000000e+04, 2.49180000000000e+04, 2.59820000000000e+04, 5.56776424131874e-11]
	RefineElem[5: 7.58630000000000e+04, 2.92200000000000e+03, 9.24000000000000e+02, 2.28800000000000e+03, 5.56471085783175e-11]
	RefineElem[5: 6.50020000000000e+04, 3.47480000000000e+04, 3.47370000000000e+04, 3.47460000000000e+04, 5.55704070126406e-11]
	RefineElem[5: 6.97470000000000e+04, 2.46110000000000e+04, 2.45770000000000e+04, 2.45260000000000e+04, 5.53990934842381e-11]
	RefineElem[5: 7.87060000000000e+04, 1.96100000000000e+03, 1.96000000000000e+03, 7.43000000000000e+02, 5.53724144507960e-11]
	RefineElem[5: 3.10980000000000e+04, 2.66790000000000e+04, 2.65460000000000e+04, 2.79980000000000e+04, 5.52709405847646e-11]
	RefineElem[5: 7.83500000000000e+04, 2.23210000000000e+04, 2.24850000000000e+04, 2.24840000000000e+04, 5.52454815768539e-11]
	RefineElem[5: 7.37840000000000e+04, 2.06080000000000e+04, 2.06120000000000e+04, 2.03520000000000e+04, 5.51607119170027e-11]
	RefineElem[5: 8.14120000000000e+04, 2.55410000000000e+04, 2.55450000000000e+04, 2.55330000000000e+04, 5.50484701737780e-11]
	RefineElem[5: 7.89330000000000e+04, 2.79600000000000e+04, 3.94580000000000e+04, 2.78790000000000e+04, 5.48562445287870e-11]
	RefineElem[5: 7.85920000000000e+04, 3.60900000000000e+03, 4.72800000000000e+03, 4.71000000000000e+03, 5.47009800569139e-11]
	RefineElem[5: 5.91840000000000e+04, 1.86400000000000e+04, 1.86270000000000e+04, 1.86260000000000e+04, 5.46991054029213e-11]
	RefineElem[5: 6.87390000000000e+04, 2.10050000000000e+04, 2.10020000000000e+04, 2.10150000000000e+04, 5.45153810314856e-11]
	RefineElem[5: 2.69060000000000e+04, 2.40290000000000e+04, 2.17590000000000e+04, 2.14750000000000e+04, 5.44516990496929e-11]
	RefineElem[5: 4.21360000000000e+04, 3.60020000000000e+04, 3.61280000000000e+04, 3.61090000000000e+04, 5.44274502126686e-11]
	RefineElem[5: 8.15630000000000e+04, 2.81150000000000e+04, 2.79470000000000e+04, 3.91080000000000e+04, 5.44012632988133e-11]
	RefineElem[5: 8.36000000000000e+03, 4.00800000000000e+03, 3.99700000000000e+03, 9.25000000000000e+02, 5.43535621054764e-11]
	RefineElem[5: 8.04750000000000e+04, 3.47270000000000e+04, 3.47290000000000e+04, 3.48000000000000e+04, 5.43320309588807e-11]
	RefineElem[5: 7.84730000000000e+04, 2.74500000000000e+04, 2.73380000000000e+04, 2.73640000000000e+04, 5.43155339122039e-11]
	RefineElem[5: 7.58060000000000e+04, 2.01210000000000e+04, 2.00650000000000e+04, 2.00990000000000e+04, 5.42321512228394e-11]
	RefineElem[5: 6.90080000000000e+04, 2.60930000000000e+04, 2.47540000000000e+04, 2.47530000000000e+04, 5.42190746393643e-11]
	RefineElem[5: 7.44180000000000e+04, 1.09920000000000e+04, 7.26200000000000e+03, 7.26500000000000e+03, 5.41621723641823e-11]
	RefineElem[5: 7.87940000000000e+04, 2.75530000000000e+04, 2.75830000000000e+04, 2.52240000000000e+04, 5.41291808217409e-11]
	RefineElem[5: 8.13820000000000e+04, 2.43870000000000e+04, 2.43890000000000e+04, 2.45370000000000e+04, 5.40818357088566e-11]
	RefineElem[5: 2.71250000000000e+04, 2.16330000000000e+04, 2.15000000000000e+04, 2.29480000000000e+04, 5.40534337070993e-11]
	RefineElem[5: 6.88670000000000e+04, 2.17820000000000e+04, 2.17800000000000e+04, 2.38250000000000e+04, 5.38236961701637e-11]
	RefineElem[5: 6.32260000000000e+04, 1.06970000000000e+04, 1.00030000000000e+04, 1.16430000000000e+04, 5.38211542191855e-11]
	RefineElem[5: 5.80040000000000e+04, 9.59300000000000e+03, 9.60200000000000e+03, 9.60300000000000e+03, 5.37820298784509e-11]
	RefineElem[5: 6.75570000000000e+04, 2.90240000000000e+04, 2.90020000000000e+04, 2.88860000000000e+04, 5.37785740420223e-11]
	RefineElem[5: 5.83960000000000e+04, 1.23750000000000e+04, 1.23440000000000e+04, 1.23760000000000e+04, 5.37064883612786e-11]
	RefineElem[5: 4.69390000000000e+04, 2.07040000000000e+04, 2.82890000000000e+04, 2.07050000000000e+04, 5.36723114111223e-11]
	RefineElem[5: 5.99800000000000e+04, 2.54020000000000e+04, 2.56300000000000e+04, 2.56360000000000e+04, 5.35583652735878e-11]
	RefineElem[5: 6.31420000000000e+04, 9.85100000000000e+03, 9.83200000000000e+03, 9.73900000000000e+03, 5.35553571196559e-11]
	RefineElem[5: 7.61040000000000e+04, 7.43000000000000e+03, 7.43600000000000e+03, 8.63400000000000e+03, 5.35144892703073e-11]
	RefineElem[5: 3.04270000000000e+04, 2.82490000000000e+04, 2.82470000000000e+04, 2.57960000000000e+04, 5.35001239166485e-11]
	RefineElem[5: 5.99500000000000e+04, 2.52430000000000e+04, 2.52370000000000e+04, 2.52190000000000e+04, 5.33581966826592e-11]
	RefineElem[5: 7.94790000000000e+04, 2.28970000000000e+04, 2.30630000000000e+04, 2.30590000000000e+04, 5.33503993295159e-11]
	RefineElem[5: 7.49880000000000e+04, 1.97000000000000e+04, 1.98440000000000e+04, 1.98320000000000e+04, 5.33086988096133e-11]
	RefineElem[5: 6.88550000000000e+04, 2.37090000000000e+04, 2.36980000000000e+04, 2.36990000000000e+04, 5.32309681064573e-11]
	RefineElem[5: 6.99150000000000e+04, 3.92110000000000e+04, 2.89980000000000e+04, 2.89920000000000e+04, 5.31574672884419e-11]
	RefineElem[5: 7.59720000000000e+04, 3.64700000000000e+03, 3.82500000000000e+03, 3.71300000000000e+03, 5.30533997172275e-11]
	RefineElem[5: 2.53510000000000e+04, 2.41810000000000e+04, 2.16770000000000e+04, 2.41820000000000e+04, 5.30261479322688e-11]
	RefineElem[5: 7.72780000000000e+04, 2.43840000000000e+04, 2.63310000000000e+04, 2.43270000000000e+04, 5.30227896057458e-11]
	RefineElem[5: 3.04350000000000e+04, 2.82370000000000e+04, 2.82330000000000e+04, 2.58030000000000e+04, 5.29402253329244e-11]
	RefineElem[5: 3.15300000000000e+04, 2.90030000000000e+04, 2.67550000000000e+04, 2.67570000000000e+04, 5.29167709397449e-11]
	RefineElem[5: 8.88300000000000e+03, 6.80400000000000e+03, 6.79400000000000e+03, 6.79300000000000e+03, 5.27880396762955e-11]
	RefineElem[5: 1.61690000000000e+04, 1.16470000000000e+04, 1.16450000000000e+04, 9.58100000000000e+03, 5.27708029874182e-11]
	RefineElem[5: 6.42240000000000e+04, 2.23530000000000e+04, 2.23360000000000e+04, 2.23190000000000e+04, 5.27467908911326e-11]
	RefineElem[5: 7.37810000000000e+04, 2.03520000000000e+04, 2.06060000000000e+04, 2.06040000000000e+04, 5.26890052861566e-11]
	RefineElem[5: 8.04000000000000e+04, 2.20060000000000e+04, 2.20050000000000e+04, 2.18270000000000e+04, 5.25822712555827e-11]
	RefineElem[5: 5.97870000000000e+04, 2.37380000000000e+04, 2.31840000000000e+04, 2.37170000000000e+04, 5.25203434646974e-11]
	RefineElem[5: 2.52930000000000e+04, 2.39390000000000e+04, 2.39430000000000e+04, 2.17760000000000e+04, 5.24185185423361e-11]
	RefineElem[5: 3.04150000000000e+04, 2.57850000000000e+04, 2.57720000000000e+04, 2.82640000000000e+04, 5.23788400996199e-11]
	RefineElem[5: 6.41800000000000e+04, 2.32720000000000e+04, 2.20610000000000e+04, 2.20620000000000e+04, 5.22991802828935e-11]
	RefineElem[5: 8.03700000000000e+04, 2.70480000000000e+04, 2.70470000000000e+04, 2.68710000000000e+04, 5.22073122802294e-11]
	RefineElem[5: 7.51250000000000e+04, 2.33150000000000e+04, 2.33300000000000e+04, 2.32560000000000e+04, 5.19837343626832e-11]
	RefineElem[5: 6.50840000000000e+04, 3.55500000000000e+04, 3.56200000000000e+04, 3.56250000000000e+04, 5.19180962493393e-11]
	RefineElem[5: 2.71260000000000e+04, 2.29480000000000e+04, 2.40600000000000e+04, 2.16330000000000e+04, 5.19054885683795e-11]
	RefineElem[5: 7.14960000000000e+04, 8.07000000000000e+02, 7.51000000000000e+02, 8.33000000000000e+02, 5.18656554980616e-11]
	RefineElem[5: 6.96240000000000e+04, 2.14110000000000e+04, 2.14140000000000e+04, 3.93830000000000e+04, 5.17658522014541e-11]
	RefineElem[5: 6.88890000000000e+04, 2.41650000000000e+04, 2.19000000000000e+04, 2.41510000000000e+04, 5.17038313751421e-11]
	RefineElem[5: 2.79880000000000e+04, 2.51840000000000e+04, 2.51400000000000e+04, 2.51410000000000e+04, 5.16333383018732e-11]
	RefineElem[5: 6.78840000000000e+04, 2.41460000000000e+04, 2.19770000000000e+04, 2.19960000000000e+04, 5.15985243204109e-11]
	RefineElem[5: 7.09760000000000e+04, 1.12070000000000e+04, 1.21480000000000e+04, 1.21460000000000e+04, 5.14832684242944e-11]
	RefineElem[5: 4.05460000000000e+04, 3.50440000000000e+04, 3.50610000000000e+04, 3.50580000000000e+04, 5.14553363986915e-11]
	RefineElem[5: 3.10430000000000e+04, 2.50590000000000e+04, 2.50280000000000e+04, 2.74050000000000e+04, 5.14181031034385e-11]
	RefineElem[5: 6.45510000000000e+04, 2.58820000000000e+04, 2.45370000000000e+04, 2.58710000000000e+04, 5.12877755544256e-11]
	RefineElem[5: 4.08630000000000e+04, 3.52630000000000e+04, 3.52670000000000e+04, 3.52480000000000e+04, 5.11974330555819e-11]
	RefineElem[5: 6.40300000000000e+04, 2.03520000000000e+04, 2.06120000000000e+04, 2.06110000000000e+04, 5.11358728523372e-11]
	RefineElem[5: 7.52730000000000e+04, 2.28270000000000e+04, 2.28130000000000e+04, 2.27650000000000e+04, 5.10767994008285e-11]
	RefineElem[5: 7.80970000000000e+04, 2.76810000000000e+04, 2.76170000000000e+04, 2.86820000000000e+04, 5.07928724664022e-11]
	RefineElem[5: 7.82020000000000e+04, 1.53100000000000e+04, 1.53090000000000e+04, 1.52900000000000e+04, 5.07013831392327e-11]
	RefineElem[5: 7.36290000000000e+04, 2.81980000000000e+04, 2.75220000000000e+04, 2.75740000000000e+04, 5.06689032674774e-11]
	RefineElem[5: 3.08390000000000e+04, 2.42000000000000e+04, 2.67880000000000e+04, 2.67780000000000e+04, 5.05816052104970e-11]
	RefineElem[5: 7.90710000000000e+04, 2.03220000000000e+04, 2.06790000000000e+04, 2.03260000000000e+04, 5.04418954732631e-11]
	RefineElem[5: 7.59600000000000e+04, 3.72500000000000e+03, 3.72400000000000e+03, 3.63300000000000e+03, 5.04090799818185e-11]
	RefineElem[5: 6.76590000000000e+04, 2.81040000000000e+04, 2.79100000000000e+04, 3.93530000000000e+04, 5.03799867484426e-11]
	RefineElem[5: 5.93750000000000e+04, 2.08360000000000e+04, 2.07530000000000e+04, 2.08460000000000e+04, 5.03265545056138e-11]
	RefineElem[5: 1.93730000000000e+04, 1.30670000000000e+04, 1.30730000000000e+04, 1.49940000000000e+04, 5.02198442168960e-11]
	RefineElem[5: 7.71910000000000e+04, 2.00230000000000e+04, 2.07070000000000e+04, 2.00210000000000e+04, 5.01445008805949e-11]
	RefineElem[5: 7.96700000000000e+04, 1.44710000000000e+04, 1.64500000000000e+04, 1.64390000000000e+04, 5.01189934585303e-11]
	RefineElem[5: 7.10350000000000e+04, 2.32120000000000e+04, 2.35670000000000e+04, 2.33010000000000e+04, 5.00729485444282e-11]
	RefineElem[5: 2.72340000000000e+04, 3.87720000000000e+04, 2.18450000000000e+04, 2.18090000000000e+04, 5.00460051942044e-11]
	RefineElem[5: 6.97330000000000e+04, 2.42370000000000e+04, 2.64560000000000e+04, 2.63230000000000e+04, 4.99629998210446e-11]
	RefineElem[5: 6.45450000000000e+04, 2.58540000000000e+04, 2.58550000000000e+04, 2.46180000000000e+04, 4.99612190351127e-11]
	RefineElem[5: 5.97860000000000e+04, 2.37170000000000e+04, 2.37370000000000e+04, 2.37380000000000e+04, 4.99114817724387e-11]
	RefineElem[5: 7.73700000000000e+04, 2.85570000000000e+04, 2.74070000000000e+04, 2.74680000000000e+04, 4.98976770157131e-11]
	RefineElem[5: 6.48100000000000e+04, 2.83390000000000e+04, 2.83440000000000e+04, 2.83310000000000e+04, 4.98872343808517e-11]
	RefineElem[5: 2.47990000000000e+04, 2.23420000000000e+04, 2.23510000000000e+04, 2.23310000000000e+04, 4.97312488020669e-11]
	RefineElem[5: 7.30830000000000e+04, 2.36010000000000e+04, 2.35770000000000e+04, 2.10050000000000e+04, 4.96947942735765e-11]
	RefineElem[5: 1.57060000000000e+04, 7.44800000000000e+03, 9.33000000000000e+03, 1.19390000000000e+04, 4.95533481494654e-11]
	RefineElem[5: 7.56210000000000e+04, 2.82860000000000e+04, 2.82870000000000e+04, 2.75730000000000e+04, 4.95370795363697e-11]
	RefineElem[5: 6.90890000000000e+04, 2.83620000000000e+04, 2.83770000000000e+04, 2.83730000000000e+04, 4.94798575370608e-11]
	RefineElem[5: 2.52420000000000e+04, 2.36990000000000e+04, 2.37100000000000e+04, 2.36940000000000e+04, 4.94406555191962e-11]
	RefineElem[5: 7.72060000000000e+04, 2.17230000000000e+04, 2.17680000000000e+04, 2.17940000000000e+04, 4.94343598860903e-11]
	RefineElem[5: 7.65860000000000e+04, 2.25210000000000e+04, 2.25250000000000e+04, 2.25370000000000e+04, 4.93780451425865e-11]
	RefineElem[5: 7.51300000000000e+04, 2.12790000000000e+04, 1.93030000000000e+04, 3.93930000000000e+04, 4.93735826099780e-11]
	RefineElem[5: 7.99230000000000e+04, 2.89940000000000e+04, 2.89980000000000e+04, 2.88810000000000e+04, 4.92827535824615e-11]
	RefineElem[5: 8.00000000000000e+03, 5.70800000000000e+03, 5.66900000000000e+03, 3.11700000000000e+03, 4.91143389566675e-11]
	RefineElem[5: 5.97980000000000e+04, 2.17130000000000e+04, 2.39370000000000e+04, 2.39460000000000e+04, 4.90572258745250e-11]
	RefineElem[5: 5.93460000000000e+04, 2.06720000000000e+04, 2.02810000000000e+04, 2.06650000000000e+04, 4.90117327299346e-11]
	RefineElem[5: 8.16620000000000e+04, 2.52980000000000e+04, 2.53060000000000e+04, 2.53510000000000e+04, 4.89359835794638e-11]
	RefineElem[5: 7.62640000000000e+04, 1.32440000000000e+04, 1.32180000000000e+04, 1.40860000000000e+04, 4.88785170166210e-11]
	RefineElem[5: 2.65660000000000e+04, 2.07980000000000e+04, 2.07970000000000e+04, 2.31520000000000e+04, 4.88689878654611e-11]
	RefineElem[5: 7.73120000000000e+04, 2.60580000000000e+04, 2.50580000000000e+04, 2.60460000000000e+04, 4.86222121198223e-11]
	RefineElem[5: 6.95320000000000e+04, 2.12780000000000e+04, 1.92830000000000e+04, 1.92130000000000e+04, 4.85344477763166e-11]
	RefineElem[5: 7.65810000000000e+04, 2.25190000000000e+04, 2.24220000000000e+04, 2.25170000000000e+04, 4.84512624584358e-11]
	RefineElem[5: 6.43920000000000e+04, 2.44090000000000e+04, 2.44080000000000e+04, 2.44570000000000e+04, 4.83549426688897e-11]
	RefineElem[5: 6.87150000000000e+04, 2.07900000000000e+04, 2.11740000000000e+04, 2.11750000000000e+04, 4.82883495109672e-11]
	RefineElem[5: 7.52390000000000e+04, 2.26170000000000e+04, 2.26150000000000e+04, 2.31440000000000e+04, 4.82285088777469e-11]
	RefineElem[5: 9.14400000000000e+03, 6.87300000000000e+03, 6.87000000000000e+03, 3.77080000000000e+04, 4.82265173686934e-11]
	RefineElem[5: 7.35020000000000e+04, 2.58130000000000e+04, 2.58310000000000e+04, 2.58350000000000e+04, 4.82058288068852e-11]
	RefineElem[5: 6.87950000000000e+04, 2.23210000000000e+04, 2.23220000000000e+04, 2.23360000000000e+04, 4.81790346537559e-11]
	RefineElem[5: 2.19260000000000e+04, 3.78600000000000e+04, 1.78130000000000e+04, 1.79270000000000e+04, 4.80382198129189e-11]
	RefineElem[5: 2.51000000000000e+04, 2.31890000000000e+04, 2.31920000000000e+04, 2.31870000000000e+04, 4.80255296880472e-11]
	RefineElem[5: 8.01080000000000e+04, 2.04770000000000e+04, 2.04820000000000e+04, 2.04710000000000e+04, 4.79983900773679e-11]
	RefineElem[5: 2.70980000000000e+04, 2.16200000000000e+04, 2.16220000000000e+04, 2.40730000000000e+04, 4.78537261293706e-11]
	RefineElem[5: 4.10890000000000e+04, 3.54670000000000e+04, 3.54680000000000e+04, 3.54490000000000e+04, 4.78232935638829e-11]
	RefineElem[5: 2.65670000000000e+04, 2.31520000000000e+04, 2.31510000000000e+04, 2.07980000000000e+04, 4.77280734092561e-11]
	RefineElem[5: 1.95420000000000e+04, 1.45730000000000e+04, 1.45780000000000e+04, 1.25480000000000e+04, 4.77056278280443e-11]
	RefineElem[5: 7.00550000000000e+04, 7.50400000000000e+03, 7.50300000000000e+03, 7.29700000000000e+03, 4.76220929660173e-11]
	RefineElem[5: 4.03060000000000e+04, 3.48800000000000e+04, 3.49010000000000e+04, 3.49030000000000e+04, 4.75654036757385e-11]
	RefineElem[5: 6.76580000000000e+04, 2.79480000000000e+04, 3.91130000000000e+04, 2.81260000000000e+04, 4.74794318146502e-11]
	RefineElem[5: 6.88680000000000e+04, 2.38260000000000e+04, 2.18090000000000e+04, 2.17760000000000e+04, 4.72778303482437e-11]
	RefineElem[5: 6.40280000000000e+04, 2.05960000000000e+04, 2.05970000000000e+04, 2.03550000000000e+04, 4.72774185633509e-11]
	RefineElem[5: 2.83900000000000e+04, 2.58470000000000e+04, 2.57400000000000e+04, 2.52230000000000e+04, 4.72771294967608e-11]
	RefineElem[5: 2.82370000000000e+04, 2.60650000000000e+04, 2.61050000000000e+04, 2.57640000000000e+04, 4.72647257831443e-11]
	RefineElem[5: 6.97830000000000e+04, 2.51980000000000e+04, 2.52130000000000e+04, 2.52520000000000e+04, 4.71354612760225e-11]
	RefineElem[5: 8.35900000000000e+03, 9.25000000000000e+02, 9.30000000000000e+02, 4.00800000000000e+03, 4.70745887049937e-11]
	RefineElem[5: 8.06600000000000e+04, 1.67480000000000e+04, 1.67540000000000e+04, 1.67550000000000e+04, 4.70608945918630e-11]
	RefineElem[5: 8.06490000000000e+04, 1.88570000000000e+04, 1.88580000000000e+04, 1.88540000000000e+04, 4.68747038075942e-11]
	RefineElem[5: 7.11050000000000e+04, 2.83630000000000e+04, 2.83760000000000e+04, 2.83770000000000e+04, 4.67769242409881e-11]
	RefineElem[5: 4.05170000000000e+04, 3.49880000000000e+04, 3.49860000000000e+04, 3.50030000000000e+04, 4.67698389058398e-11]
	RefineElem[5: 7.02220000000000e+04, 1.99020000000000e+04, 1.98900000000000e+04, 2.09380000000000e+04, 4.67549753729485e-11]
	RefineElem[5: 4.69350000000000e+04, 2.82880000000000e+04, 2.82920000000000e+04, 2.07020000000000e+04, 4.66637785135201e-11]
	RefineElem[5: 4.14240000000000e+04, 3.56180000000000e+04, 3.56000000000000e+04, 3.55520000000000e+04, 4.66578339514501e-11]
	RefineElem[5: 6.45030000000000e+04, 2.52790000000000e+04, 2.52800000000000e+04, 2.54080000000000e+04, 4.66423013885791e-11]
	RefineElem[5: 2.64840000000000e+04, 2.32140000000000e+04, 2.32070000000000e+04, 2.07410000000000e+04, 4.64581513903681e-11]
	RefineElem[5: 8.02080000000000e+04, 2.28990000000000e+04, 2.28960000000000e+04, 2.28920000000000e+04, 4.64375700639918e-11]
	RefineElem[5: 7.75820000000000e+04, 9.96100000000000e+03, 9.96900000000000e+03, 1.05700000000000e+04, 4.64255105939545e-11]
	RefineElem[5: 7.66210000000000e+04, 2.33450000000000e+04, 2.34470000000000e+04, 2.34650000000000e+04, 4.64152022972112e-11]
	RefineElem[5: 2.66950000000000e+04, 2.30710000000000e+04, 2.30730000000000e+04, 2.05960000000000e+04, 4.64121516801325e-11]
	RefineElem[5: 7.80890000000000e+04, 2.82980000000000e+04, 2.77150000000000e+04, 2.82880000000000e+04, 4.64028961630083e-11]
	RefineElem[5: 2.66940000000000e+04, 2.05980000000000e+04, 2.05910000000000e+04, 2.30720000000000e+04, 4.63741902857901e-11]
	RefineElem[5: 1.95830000000000e+04, 1.27100000000000e+04, 1.27230000000000e+04, 1.47300000000000e+04, 4.63667601476649e-11]
	RefineElem[5: 3.08370000000000e+04, 2.67880000000000e+04, 2.42000000000000e+04, 2.65130000000000e+04, 4.63089547826180e-11]
	RefineElem[5: 7.71930000000000e+04, 2.00260000000000e+04, 2.07070000000000e+04, 2.07080000000000e+04, 4.63045658611648e-11]
	RefineElem[5: 3.15010000000000e+04, 2.67650000000000e+04, 2.67620000000000e+04, 2.67710000000000e+04, 4.62972828063149e-11]
	RefineElem[5: 4.21030000000000e+04, 3.60530000000000e+04, 3.60850000000000e+04, 3.60030000000000e+04, 4.62228328840976e-11]
	RefineElem[5: 6.72630000000000e+04, 2.26980000000000e+04, 2.27880000000000e+04, 2.27940000000000e+04, 4.62211832305771e-11]
	RefineElem[5: 8.02780000000000e+04, 2.68210000000000e+04, 2.67490000000000e+04, 2.90120000000000e+04, 4.60720162684430e-11]
	RefineElem[5: 7.35910000000000e+04, 2.88150000000000e+04, 2.71610000000000e+04, 2.71630000000000e+04, 4.59723829207220e-11]
	RefineElem[5: 7.81160000000000e+04, 1.78200000000000e+03, 1.78300000000000e+03, 7.12000000000000e+02, 4.58598822713209e-11]
	RefineElem[5: 7.79000000000000e+04, 7.26000000000000e+03, 7.30000000000000e+03, 7.29300000000000e+03, 4.58078127495622e-11]
	RefineElem[5: 8.37000000000000e+03, 3.48500000000000e+03, 6.69000000000000e+02, 5.03000000000000e+03, 4.56894943577438e-11]
	RefineElem[5: 7.52540000000000e+04, 2.26700000000000e+04, 2.26420000000000e+04, 2.27670000000000e+04, 4.55515876415600e-11]
	RefineElem[5: 7.86640000000000e+04, 1.84800000000000e+03, 1.85000000000000e+03, 9.24000000000000e+02, 4.54622394759454e-11]
	RefineElem[5: 8.13560000000000e+04, 2.63210000000000e+04, 2.63190000000000e+04, 2.44350000000000e+04, 4.53991360187557e-11]
	RefineElem[5: 7.61510000000000e+04, 1.01390000000000e+04, 1.01420000000000e+04, 9.95600000000000e+03, 4.53872927796052e-11]
	RefineElem[5: 3.97750000000000e+04, 3.45770000000000e+04, 3.45760000000000e+04, 3.45780000000000e+04, 4.53706210402552e-11]
	RefineElem[5: 6.88140000000000e+04, 3.91390000000000e+04, 2.29000000000000e+04, 2.30750000000000e+04, 4.53310289335562e-11]
	RefineElem[5: 3.10950000000000e+04, 2.79730000000000e+04, 2.65400000000000e+04, 2.54890000000000e+04, 4.53245961959423e-11]
	RefineElem[5: 3.13190000000000e+04, 2.42290000000000e+04, 2.42420000000000e+04, 2.64460000000000e+04, 4.53143517543041e-11]
	RefineElem[5: 7.50990000000000e+04, 2.06180000000000e+04, 2.06190000000000e+04, 2.04650000000000e+04, 4.52563912156416e-11]
	RefineElem[5: 4.22690000000000e+04, 3.61390000000000e+04, 3.61380000000000e+04, 3.61420000000000e+04, 4.52261522052430e-11]
	RefineElem[5: 7.85660000000000e+04, 2.24070000000000e+04, 2.23210000000000e+04, 2.24490000000000e+04, 4.51377041517407e-11]
	RefineElem[5: 6.88760000000000e+04, 2.40130000000000e+04, 2.30260000000000e+04, 2.27170000000000e+04, 4.51185561922550e-11]
	RefineElem[5: 8.01870000000000e+04, 2.78240000000000e+04, 2.76930000000000e+04, 2.77310000000000e+04, 4.50890204482770e-11]
	RefineElem[5: 2.82400000000000e+04, 2.57610000000000e+04, 2.61060000000000e+04, 2.61070000000000e+04, 4.50836901602533e-11]
	RefineElem[5: 2.65680000000000e+04, 2.07990000000000e+04, 2.07980000000000e+04, 2.31510000000000e+04, 4.50617942487358e-11]
	RefineElem[5: 1.93820000000000e+04, 1.49940000000000e+04, 1.50080000000000e+04, 1.30670000000000e+04, 4.50009994974132e-11]
	RefineElem[5: 2.64950000000000e+04, 2.32010000000000e+04, 2.31990000000000e+04, 2.07510000000000e+04, 4.49526919492024e-11]
	RefineElem[5: 2.33820000000000e+04, 1.88660000000000e+04, 1.88570000000000e+04, 1.88620000000000e+04, 4.49489212211961e-11]
	RefineElem[5: 3.10550000000000e+04, 2.54160000000000e+04, 2.53240000000000e+04, 2.76800000000000e+04, 4.49483952881623e-11]
	RefineElem[5: 6.44990000000000e+04, 2.53850000000000e+04, 2.53120000000000e+04, 2.53880000000000e+04, 4.49459474859325e-11]
	RefineElem[5: 6.95340000000000e+04, 2.13890000000000e+04, 2.12750000000000e+04, 3.93150000000000e+04, 4.48858065905608e-11]
	RefineElem[5: 7.56760000000000e+04, 2.82600000000000e+04, 2.82800000000000e+04, 2.82810000000000e+04, 4.47465450971938e-11]
	RefineElem[5: 2.45640000000000e+04, 2.18860000000000e+04, 2.18170000000000e+04, 2.18750000000000e+04, 4.46742381827487e-11]
	RefineElem[5: 8.02120000000000e+04, 2.14910000000000e+04, 2.14890000000000e+04, 2.04990000000000e+04, 4.45641829465548e-11]
	RefineElem[5: 2.72330000000000e+04, 3.87720000000000e+04, 2.38300000000000e+04, 2.18450000000000e+04, 4.45183683362434e-11]
	RefineElem[5: 7.17770000000000e+04, 7.54000000000000e+02, 8.37000000000000e+02, 4.15000000000000e+03, 4.45025373342955e-11]
	RefineElem[5: 7.54420000000000e+04, 2.61070000000000e+04, 2.50570000000000e+04, 2.57610000000000e+04, 4.44518790151043e-11]
	RefineElem[5: 2.33810000000000e+04, 1.88620000000000e+04, 1.88610000000000e+04, 1.88680000000000e+04, 4.43355578535097e-11]
	RefineElem[5: 4.24600000000000e+04, 3.62360000000000e+04, 3.62040000000000e+04, 3.83000000000000e+04, 4.43181663013776e-11]
	RefineElem[5: 2.52970000000000e+04, 2.18080000000000e+04, 2.39610000000000e+04, 2.39620000000000e+04, 4.42861364506946e-11]
	RefineElem[5: 6.89040000000000e+04, 2.62540000000000e+04, 2.45220000000000e+04, 2.45770000000000e+04, 4.42546183154817e-11]
	RefineElem[5: 2.90560000000000e+04, 2.82460000000000e+04, 2.83060000000000e+04, 2.83070000000000e+04, 4.42538446815438e-11]
	RefineElem[5: 7.96350000000000e+04, 2.79300000000000e+04, 2.79250000000000e+04, 2.79240000000000e+04, 4.41139969870482e-11]
	RefineElem[5: 7.83540000000000e+04, 2.26670000000000e+04, 2.26390000000000e+04, 2.26720000000000e+04, 4.41138969832359e-11]
	RefineElem[5: 8.17730000000000e+04, 2.77710000000000e+04, 2.81730000000000e+04, 2.78750000000000e+04, 4.40496282464230e-11]
	RefineElem[5: 7.41670000000000e+04, 4.49300000000000e+03, 4.52200000000000e+03, 6.95000000000000e+02, 4.40391930944484e-11]
	RefineElem[5: 6.90070000000000e+04, 2.60490000000000e+04, 2.60460000000000e+04, 2.60590000000000e+04, 4.39196532630595e-11]
	RefineElem[5: 8.15650000000000e+04, 2.81800000000000e+04, 2.81150000000000e+04, 2.79410000000000e+04, 4.37706491966419e-11]
	RefineElem[5: 6.70800000000000e+04, 2.05980000000000e+04, 2.05960000000000e+04, 2.03550000000000e+04, 4.37171040661303e-11]
	RefineElem[5: 7.50800000000000e+04, 2.05820000000000e+04, 2.04230000000000e+04, 3.93230000000000e+04, 4.37061831618416e-11]
	RefineElem[5: 7.64660000000000e+04, 2.08070000000000e+04, 1.96630000000000e+04, 1.97270000000000e+04, 4.35618469719746e-11]
	RefineElem[5: 4.05380000000000e+04, 3.50430000000000e+04, 3.50500000000000e+04, 3.50510000000000e+04, 4.35506631055343e-11]
	RefineElem[5: 7.69020000000000e+04, 5.66700000000000e+03, 5.66900000000000e+03, 3.81600000000000e+03, 4.34514576244114e-11]
	RefineElem[5: 8.01980000000000e+04, 3.87540000000000e+04, 2.63510000000000e+04, 2.42600000000000e+04, 4.34108517663786e-11]
	RefineElem[5: 2.50960000000000e+04, 2.31880000000000e+04, 2.31850000000000e+04, 2.31830000000000e+04, 4.33907934072784e-11]
	RefineElem[5: 7.86100000000000e+04, 4.83200000000000e+03, 4.84100000000000e+03, 3.63300000000000e+03, 4.33880465184166e-11]
	RefineElem[5: 6.97820000000000e+04, 2.61100000000000e+04, 2.51110000000000e+04, 2.60430000000000e+04, 4.33800292556787e-11]
	RefineElem[5: 1.65150000000000e+04, 1.24900000000000e+04, 9.83700000000000e+03, 9.83000000000000e+03, 4.33106008428495e-11]
	RefineElem[5: 2.64920000000000e+04, 2.07500000000000e+04, 2.07490000000000e+04, 2.32030000000000e+04, 4.32187491497034e-11]
	RefineElem[5: 7.67380000000000e+04, 2.74240000000000e+04, 2.84840000000000e+04, 2.84850000000000e+04, 4.31644258183155e-11]
	RefineElem[5: 7.81380000000000e+04, 3.63900000000000e+03, 3.61300000000000e+03, 3.62400000000000e+03, 4.31429440947173e-11]
	RefineElem[5: 7.11450000000000e+04, 2.29930000000000e+04, 2.28890000000000e+04, 2.28740000000000e+04, 4.31077142482953e-11]
	RefineElem[5: 8.14000000000000e+04, 2.65380000000000e+04, 2.55370000000000e+04, 2.54100000000000e+04, 4.30405751678492e-11]
	RefineElem[5: 1.95720000000000e+04, 1.47300000000000e+04, 1.47290000000000e+04, 1.27100000000000e+04, 4.30231975498523e-11]
	RefineElem[5: 3.88150000000000e+04, 3.40260000000000e+04, 3.40280000000000e+04, 3.40290000000000e+04, 4.30222156656913e-11]
	RefineElem[5: 7.87950000000000e+04, 2.52240000000000e+04, 2.51430000000000e+04, 2.75530000000000e+04, 4.29222479773494e-11]
	RefineElem[5: 5.38810000000000e+04, 3.73530000000000e+04, 3.94850000000000e+04, 3.94830000000000e+04, 4.27696172417199e-11]
	RefineElem[5: 5.35830000000000e+04, 3.87260000000000e+04, 3.72930000000000e+04, 3.72910000000000e+04, 4.26709650853905e-11]
	RefineElem[5: 8.91500000000000e+03, 6.85000000000000e+03, 6.87200000000000e+03, 6.85300000000000e+03, 4.26707970194285e-11]
	RefineElem[5: 2.67000000000000e+04, 2.06010000000000e+04, 2.05970000000000e+04, 2.30740000000000e+04, 4.26407563580266e-11]
	RefineElem[5: 5.96910000000000e+04, 2.30420000000000e+04, 2.30580000000000e+04, 2.27340000000000e+04, 4.25858516182443e-11]
	RefineElem[5: 2.51970000000000e+04, 2.35730000000000e+04, 2.35770000000000e+04, 2.35890000000000e+04, 4.25523094520479e-11]
	RefineElem[5: 7.77180000000000e+04, 2.25080000000000e+04, 2.25460000000000e+04, 2.25280000000000e+04, 4.24940648829943e-11]
	RefineElem[5: 2.67010000000000e+04, 2.30550000000000e+04, 2.06000000000000e+04, 2.06010000000000e+04, 4.24620366484132e-11]
	RefineElem[5: 2.71240000000000e+04, 2.29390000000000e+04, 2.29480000000000e+04, 2.15000000000000e+04, 4.24081711738419e-11]
	RefineElem[5: 1.47780000000000e+04, 7.29800000000000e+03, 7.29600000000000e+03, 9.87900000000000e+03, 4.23633206518281e-11]
	RefineElem[5: 7.65170000000000e+04, 2.17930000000000e+04, 3.94470000000000e+04, 2.17240000000000e+04, 4.22977676338271e-11]
	RefineElem[5: 8.16710000000000e+04, 2.42460000000000e+04, 2.42530000000000e+04, 2.42570000000000e+04, 4.22811836269641e-11]
	RefineElem[5: 7.04350000000000e+04, 2.83620000000000e+04, 2.83740000000000e+04, 2.83710000000000e+04, 4.22638006770981e-11]
	RefineElem[5: 4.03340000000000e+04, 3.87230000000000e+04, 3.48940000000000e+04, 3.49080000000000e+04, 4.22099951644963e-11]
	RefineElem[5: 7.73010000000000e+04, 2.59930000000000e+04, 2.49180000000000e+04, 2.50580000000000e+04, 4.22042265405578e-11]
	RefineElem[5: 6.72860000000000e+04, 2.32380000000000e+04, 2.32390000000000e+04, 2.32480000000000e+04, 4.21865584131227e-11]
	RefineElem[5: 7.52290000000000e+04, 2.24650000000000e+04, 2.24790000000000e+04, 2.25130000000000e+04, 4.21640458980186e-11]
	RefineElem[5: 2.73350000000000e+04, 2.16870000000000e+04, 2.16900000000000e+04, 2.16980000000000e+04, 4.20430032107739e-11]
	RefineElem[5: 7.80430000000000e+04, 2.22080000000000e+04, 2.21630000000000e+04, 2.22160000000000e+04, 4.20427912143572e-11]
	RefineElem[5: 2.55180000000000e+04, 2.13890000000000e+04, 2.14000000000000e+04, 2.39690000000000e+04, 4.20066962393455e-11]
	RefineElem[5: 4.02430000000000e+04, 3.48210000000000e+04, 3.48460000000000e+04, 3.84900000000000e+04, 4.19619023474971e-11]
	RefineElem[5: 6.42830000000000e+04, 2.28700000000000e+04, 2.29260000000000e+04, 2.29200000000000e+04, 4.19253041554646e-11]
	RefineElem[5: 5.60000000000000e+04, 3.83230000000000e+04, 3.95080000000000e+04, 3.94660000000000e+04, 4.19156592136115e-11]
	RefineElem[5: 2.55230000000000e+04, 2.39540000000000e+04, 2.39530000000000e+04, 2.13840000000000e+04, 4.18938562292995e-11]
	RefineElem[5: 7.56510000000000e+04, 2.76680000000000e+04, 2.78150000000000e+04, 2.76920000000000e+04, 4.18559414648850e-11]
	RefineElem[5: 7.87210000000000e+04, 7.55600000000000e+03, 7.18400000000000e+03, 7.18600000000000e+03, 4.18472804660347e-11]
	RefineElem[5: 5.97790000000000e+04, 2.37070000000000e+04, 2.37080000000000e+04, 2.37110000000000e+04, 4.18082255143649e-11]
	RefineElem[5: 3.90300000000000e+04, 3.40600000000000e+04, 3.40580000000000e+04, 3.41520000000000e+04, 4.18002082567751e-11]
	RefineElem[5: 2.55190000000000e+04, 2.39680000000000e+04, 2.39550000000000e+04, 2.13900000000000e+04, 4.17666984250380e-11]
	RefineElem[5: 7.93460000000000e+04, 2.32240000000000e+04, 2.32100000000000e+04, 2.32210000000000e+04, 4.17280006658743e-11]
	RefineElem[5: 5.95310000000000e+04, 2.21180000000000e+04, 2.20200000000000e+04, 2.20210000000000e+04, 4.16983078565549e-11]
	RefineElem[5: 2.64510000000000e+04, 2.32350000000000e+04, 2.32340000000000e+04, 2.07100000000000e+04, 4.16954094022224e-11]
	RefineElem[5: 8.15410000000000e+04, 2.83360000000000e+04, 2.83340000000000e+04, 2.68800000000000e+04, 4.16943225182351e-11]
	RefineElem[5: 6.32820000000000e+04, 1.22480000000000e+04, 1.12950000000000e+04, 1.13000000000000e+04, 4.16643148714879e-11]
	RefineElem[5: 2.55220000000000e+04, 2.13830000000000e+04, 2.13900000000000e+04, 2.39550000000000e+04, 4.16039177070837e-11]
	RefineElem[5: 2.55200000000000e+04, 2.13900000000000e+04, 2.13890000000000e+04, 2.39680000000000e+04, 4.14939629079765e-11]
	RefineElem[5: 2.55210000000000e+04, 2.39550000000000e+04, 2.39540000000000e+04, 2.13830000000000e+04, 4.14441024347428e-11]
	RefineElem[5: 2.71900000000000e+04, 1.93780000000000e+04, 1.94150000000000e+04, 2.19680000000000e+04, 4.14390542828401e-11]
	RefineElem[5: 3.13000000000000e+04, 2.42250000000000e+04, 2.42200000000000e+04, 2.42320000000000e+04, 4.12556726114446e-11]
	RefineElem[5: 5.92560000000000e+04, 1.96220000000000e+04, 1.96110000000000e+04, 1.96120000000000e+04, 4.12040052365006e-11]
	RefineElem[5: 2.04980000000000e+04, 1.70500000000000e+04, 1.70460000000000e+04, 1.71000000000000e+04, 4.12020578703374e-11]
	RefineElem[5: 7.92650000000000e+04, 1.88620000000000e+04, 1.88570000000000e+04, 1.88560000000000e+04, 4.11726455510635e-11]
	RefineElem[5: 8.16290000000000e+04, 2.57190000000000e+04, 2.54660000000000e+04, 2.54860000000000e+04, 4.11617366626785e-11]
	RefineElem[5: 5.22840000000000e+04, 1.88730000000000e+04, 1.88770000000000e+04, 1.88810000000000e+04, 4.09791200815284e-11]
	RefineElem[5: 8.10320000000000e+04, 1.43960000000000e+04, 1.25400000000000e+04, 1.42830000000000e+04, 4.09715792131266e-11]
	RefineElem[5: 8.00940000000000e+04, 3.92870000000000e+04, 2.03440000000000e+04, 2.03470000000000e+04, 4.09360053698752e-11]
	RefineElem[5: 6.86390000000000e+04, 1.95590000000000e+04, 1.95890000000000e+04, 1.95690000000000e+04, 4.08701415215830e-11]
	RefineElem[5: 2.64900000000000e+04, 2.07490000000000e+04, 2.07480000000000e+04, 2.32040000000000e+04, 4.08469066318110e-11]
	RefineElem[5: 3.08880000000000e+04, 2.92160000000000e+04, 2.92200000000000e+04, 2.65870000000000e+04, 4.07905893243412e-11]
	RefineElem[5: 7.87290000000000e+04, 7.43100000000000e+03, 7.55600000000000e+03, 7.19800000000000e+03, 4.07359845678121e-11]
	RefineElem[5: 4.10700000000000e+04, 3.53940000000000e+04, 3.53920000000000e+04, 3.53860000000000e+04, 4.07219972941877e-11]
	RefineElem[5: 7.83730000000000e+04, 1.52600000000000e+03, 6.92000000000000e+02, 7.22000000000000e+02, 4.06200964333296e-11]
	RefineElem[5: 7.73730000000000e+04, 2.74720000000000e+04, 2.85580000000000e+04, 2.74680000000000e+04, 4.06131518243647e-11]
	RefineElem[5: 6.39670000000000e+04, 1.98300000000000e+04, 1.98060000000000e+04, 1.98140000000000e+04, 4.06063735052059e-11]
	RefineElem[5: 6.04180000000000e+04, 2.86070000000000e+04, 2.74060000000000e+04, 2.85310000000000e+04, 4.03487466311121e-11]
	RefineElem[5: 3.09190000000000e+04, 2.66080000000000e+04, 2.66070000000000e+04, 2.91890000000000e+04, 4.03314418714277e-11]
	RefineElem[5: 8.06470000000000e+04, 1.88520000000000e+04, 1.88540000000000e+04, 1.88580000000000e+04, 4.02845829506654e-11]
	RefineElem[5: 7.77910000000000e+04, 2.52500000000000e+04, 2.51420000000000e+04, 2.51510000000000e+04, 4.02207720502069e-11]
	RefineElem[5: 6.43150000000000e+04, 2.33170000000000e+04, 2.33020000000000e+04, 2.33030000000000e+04, 4.02190235825224e-11]
	RefineElem[5: 7.77960000000000e+04, 2.76170000000000e+04, 2.86890000000000e+04, 2.86770000000000e+04, 4.02180296640899e-11]
	RefineElem[5: 2.84430000000000e+04, 2.67210000000000e+04, 2.67250000000000e+04, 2.67350000000000e+04, 4.02007510915621e-11]
	RefineElem[5: 7.95680000000000e+04, 2.19320000000000e+04, 2.38470000000000e+04, 2.38450000000000e+04, 4.01916636990501e-11]
	RefineElem[5: 6.87930000000000e+04, 2.23050000000000e+04, 2.22990000000000e+04, 2.23100000000000e+04, 4.01800476494161e-11]
	RefineElem[5: 7.11110000000000e+04, 2.82620000000000e+04, 2.86220000000000e+04, 2.83510000000000e+04, 4.01610788580139e-11]
	RefineElem[5: 7.09860000000000e+04, 2.08520000000000e+04, 2.08530000000000e+04, 1.97290000000000e+04, 4.01256354937718e-11]
	RefineElem[5: 2.67130000000000e+04, 2.30430000000000e+04, 2.30380000000000e+04, 2.06050000000000e+04, 4.01137230450828e-11]
	RefineElem[5: 7.69860000000000e+04, 1.05440000000000e+04, 9.99900000000000e+03, 1.01650000000000e+04, 4.00189678358677e-11]
	RefineElem[5: 2.67120000000000e+04, 2.06040000000000e+04, 2.06060000000000e+04, 2.30410000000000e+04, 3.99896715847233e-11]
	RefineElem[5: 7.87760000000000e+04, 7.18500000000000e+03, 7.18300000000000e+03, 1.00090000000000e+04, 3.99449297482492e-11]
	RefineElem[5: 7.83040000000000e+04, 1.14060000000000e+04, 1.00560000000000e+04, 9.99900000000000e+03, 3.99151706317253e-11]
	RefineElem[5: 7.72100000000000e+04, 2.17210000000000e+04, 2.17310000000000e+04, 2.17680000000000e+04, 3.97001187625889e-11]
	RefineElem[5: 3.11130000000000e+04, 2.54240000000000e+04, 2.54390000000000e+04, 2.78870000000000e+04, 3.96829477156412e-11]
	RefineElem[5: 6.73970000000000e+04, 2.48180000000000e+04, 2.48510000000000e+04, 2.48270000000000e+04, 3.95886898457587e-11]
	RefineElem[5: 1.51560000000000e+04, 1.22250000000000e+04, 1.22240000000000e+04, 8.93500000000000e+03, 3.95553120702249e-11]
	RefineElem[5: 6.71370000000000e+04, 2.12970000000000e+04, 2.12930000000000e+04, 1.93840000000000e+04, 3.95384566478720e-11]
	RefineElem[5: 2.52880000000000e+04, 2.17760000000000e+04, 2.39380000000000e+04, 2.39390000000000e+04, 3.93943275397646e-11]
	RefineElem[5: 7.89130000000000e+04, 2.77890000000000e+04, 2.77860000000000e+04, 2.78830000000000e+04, 3.93723459878277e-11]
	RefineElem[5: 2.71460000000000e+04, 2.02130000000000e+04, 2.02420000000000e+04, 2.26980000000000e+04, 3.93480908803606e-11]
	RefineElem[5: 7.99980000000000e+04, 2.80960000000000e+04, 2.81000000000000e+04, 2.79590000000000e+04, 3.93002154222020e-11]
	RefineElem[5: 6.33490000000000e+04, 1.18330000000000e+04, 1.18310000000000e+04, 1.18170000000000e+04, 3.91893675391532e-11]
	RefineElem[5: 8.00330000000000e+04, 2.69640000000000e+04, 2.69560000000000e+04, 2.88940000000000e+04, 3.91414125134396e-11]
	RefineElem[5: 2.65560000000000e+04, 2.07920000000000e+04, 2.31570000000000e+04, 2.31560000000000e+04, 3.91413043988385e-11]
	RefineElem[5: 7.85850000000000e+04, 3.60900000000000e+03, 3.59100000000000e+03, 4.64600000000000e+03, 3.90538396035559e-11]
	RefineElem[5: 8.15530000000000e+04, 2.68820000000000e+04, 2.68850000000000e+04, 2.88780000000000e+04, 3.89797922592947e-11]
	RefineElem[5: 4.08790000000000e+04, 3.52940000000000e+04, 3.53120000000000e+04, 3.53050000000000e+04, 3.88659515541282e-11]
	RefineElem[5: 7.08090000000000e+04, 2.79570000000000e+04, 2.80940000000000e+04, 2.77840000000000e+04, 3.88503674350144e-11]
	RefineElem[5: 4.20800000000000e+04, 3.60430000000000e+04, 3.59850000000000e+04, 3.60440000000000e+04, 3.88406935556436e-11]
	RefineElem[5: 2.72260000000000e+04, 2.17740000000000e+04, 3.87210000000000e+04, 2.38180000000000e+04, 3.88213219276412e-11]
	RefineElem[5: 7.50550000000000e+04, 2.02620000000000e+04, 2.02160000000000e+04, 2.01760000000000e+04, 3.88202172764836e-11]
	RefineElem[5: 5.80690000000000e+04, 9.85400000000000e+03, 9.73900000000000e+03, 9.83200000000000e+03, 3.88043321017681e-11]
	RefineElem[5: 8.14850000000000e+04, 2.69430000000000e+04, 2.69490000000000e+04, 2.69800000000000e+04, 3.87755569757203e-11]
	RefineElem[5: 6.66070000000000e+04, 1.18170000000000e+04, 1.18180000000000e+04, 1.18340000000000e+04, 3.86350215972836e-11]
	RefineElem[5: 6.93000000000000e+02, 4.99000000000000e+02, 5.18000000000000e+02, 4.97000000000000e+02, 3.86028469396432e-11]
	RefineElem[5: 2.71410000000000e+04, 2.28360000000000e+04, 2.28430000000000e+04, 2.03820000000000e+04, 3.85446167118898e-11]
	RefineElem[5: 6.31190000000000e+04, 9.67000000000000e+03, 9.68300000000000e+03, 9.68500000000000e+03, 3.84883282014157e-11]
	RefineElem[5: 7.79230000000000e+04, 8.55300000000000e+03, 8.55400000000000e+03, 7.42100000000000e+03, 3.84835142822494e-11]
	RefineElem[5: 7.39200000000000e+04, 7.02000000000000e+02, 7.12000000000000e+02, 1.79800000000000e+03, 3.84313386932040e-11]
	RefineElem[5: 2.75020000000000e+04, 1.92370000000000e+04, 3.93550000000000e+04, 1.92260000000000e+04, 3.84165716986952e-11]
	RefineElem[5: 7.14750000000000e+04, 7.35000000000000e+02, 2.86800000000000e+03, 2.86900000000000e+03, 3.84009048500892e-11]
	RefineElem[5: 2.92650000000000e+04, 2.91430000000000e+04, 2.91720000000000e+04, 2.91670000000000e+04, 3.83545266527406e-11]
	RefineElem[5: 2.90290000000000e+04, 2.82370000000000e+04, 2.82420000000000e+04, 2.82380000000000e+04, 3.83466026383000e-11]
	RefineElem[5: 7.06650000000000e+04, 2.09350000000000e+04, 2.09910000000000e+04, 2.09150000000000e+04, 3.83442770591716e-11]
	RefineElem[5: 2.71910000000000e+04, 2.19680000000000e+04, 2.19670000000000e+04, 1.93780000000000e+04, 3.82521686834144e-11]
	RefineElem[5: 4.53840000000000e+04, 3.92870000000000e+04, 2.03470000000000e+04, 2.77870000000000e+04, 3.82496953755537e-11]
	RefineElem[5: 8.10740000000000e+04, 2.28840000000000e+04, 2.28850000000000e+04, 2.28740000000000e+04, 3.80301043005632e-11]
	RefineElem[5: 2.76090000000000e+04, 3.91470000000000e+04, 2.17090000000000e+04, 2.39480000000000e+04, 3.79829833105627e-11]
	RefineElem[5: 7.51130000000000e+04, 2.07850000000000e+04, 2.07860000000000e+04, 2.07790000000000e+04, 3.79186622813691e-11]
	RefineElem[5: 3.04870000000000e+04, 2.82060000000000e+04, 2.58370000000000e+04, 2.58360000000000e+04, 3.78432734794825e-11]
	RefineElem[5: 6.91520000000000e+04, 2.92210000000000e+04, 2.69420000000000e+04, 2.92070000000000e+04, 3.78393796395863e-11]
	RefineElem[5: 7.56750000000000e+04, 2.74840000000000e+04, 2.82600000000000e+04, 2.82810000000000e+04, 3.77717872501809e-11]
	RefineElem[5: 7.86860000000000e+04, 1.41910000000000e+04, 1.42940000000000e+04, 1.28990000000000e+04, 3.77330925842081e-11]
	RefineElem[5: 7.29670000000000e+04, 2.00320000000000e+04, 2.00520000000000e+04, 2.00290000000000e+04, 3.76094872852617e-11]
	RefineElem[5: 2.90580000000000e+04, 2.83120000000000e+04, 2.83110000000000e+04, 2.82460000000000e+04, 3.75794405135310e-11]
	RefineElem[5: 5.78700000000000e+04, 8.95100000000000e+03, 8.92500000000000e+03, 8.93500000000000e+03, 3.75261564800816e-11]
	RefineElem[5: 4.24080000000000e+04, 3.62050000000000e+04, 3.62370000000000e+04, 3.62390000000000e+04, 3.75219884729940e-11]
	RefineElem[5: 2.75540000000000e+04, 2.04870000000000e+04, 2.04890000000000e+04, 2.04800000000000e+04, 3.74699699235516e-11]
	RefineElem[5: 7.30820000000000e+04, 2.35770000000000e+04, 2.10190000000000e+04, 2.10050000000000e+04, 3.73957146114196e-11]
	RefineElem[5: 5.85200000000000e+04, 1.33080000000000e+04, 1.33100000000000e+04, 1.33000000000000e+04, 3.73672475605572e-11]
	RefineElem[5: 7.83460000000000e+04, 2.24930000000000e+04, 2.24910000000000e+04, 2.23210000000000e+04, 3.73360851731234e-11]
	RefineElem[5: 7.81250000000000e+04, 3.60800000000000e+03, 3.61200000000000e+03, 4.75800000000000e+03, 3.73095834803654e-11]
	RefineElem[5: 7.60490000000000e+04, 1.01380000000000e+04, 7.51700000000000e+03, 7.52900000000000e+03, 3.72962454238499e-11]
	RefineElem[5: 6.06050000000000e+04, 3.41090000000000e+04, 3.40950000000000e+04, 3.41030000000000e+04, 3.70307351498976e-11]
	RefineElem[5: 6.00780000000000e+04, 2.65500000000000e+04, 2.65400000000000e+04, 2.65610000000000e+04, 3.70055755480750e-11]
	RefineElem[5: 5.16190000000000e+04, 2.69810000000000e+04, 2.69800000000000e+04, 1.94470000000000e+04, 3.69934285740898e-11]
	RefineElem[5: 7.44550000000000e+04, 1.25200000000000e+04, 1.25210000000000e+04, 1.25220000000000e+04, 3.69817175109346e-11]
	RefineElem[5: 7.77900000000000e+04, 2.52490000000000e+04, 2.51420000000000e+04, 2.52500000000000e+04, 3.69228928565613e-11]
	RefineElem[5: 2.65060000000000e+04, 2.07670000000000e+04, 2.07590000000000e+04, 2.31830000000000e+04, 3.69172360220393e-11]
	RefineElem[5: 7.08170000000000e+04, 2.86230000000000e+04, 2.86380000000000e+04, 2.83490000000000e+04, 3.68759823253583e-11]
	RefineElem[5: 7.19030000000000e+04, 2.70200000000000e+03, 6.08400000000000e+03, 4.88100000000000e+03, 3.68233883185906e-11]
	RefineElem[5: 2.69070000000000e+04, 2.14750000000000e+04, 2.17590000000000e+04, 2.17560000000000e+04, 3.67809748278290e-11]
	RefineElem[5: 8.03870000000000e+04, 3.90270000000000e+04, 2.78190000000000e+04, 2.81540000000000e+04, 3.67626360218004e-11]
	RefineElem[5: 3.08890000000000e+04, 2.65870000000000e+04, 2.65860000000000e+04, 2.92160000000000e+04, 3.66947663857404e-11]
	RefineElem[5: 7.04370000000000e+04, 2.83650000000000e+04, 2.83710000000000e+04, 2.83720000000000e+04, 3.66637944803502e-11]
	RefineElem[5: 7.29840000000000e+04, 2.02040000000000e+04, 2.01830000000000e+04, 2.01430000000000e+04, 3.66145807039464e-11]
	RefineElem[5: 7.69730000000000e+04, 1.00000000000000e+04, 9.97500000000000e+03, 1.16270000000000e+04, 3.64982174436328e-11]
	RefineElem[5: 8.12660000000000e+04, 2.17000000000000e+04, 2.17010000000000e+04, 2.16900000000000e+04, 3.64830749149912e-11]
	RefineElem[5: 6.72000000000000e+02, 4.27000000000000e+02, 4.41000000000000e+02, 4.53000000000000e+02, 3.64795546255926e-11]
	RefineElem[5: 7.84340000000000e+04, 1.27550000000000e+04, 1.27520000000000e+04, 1.26760000000000e+04, 3.64533044285646e-11]
	RefineElem[5: 8.12420000000000e+04, 2.06730000000000e+04, 2.06750000000000e+04, 2.02790000000000e+04, 3.64519103755851e-11]
	RefineElem[5: 2.51060000000000e+04, 2.32100000000000e+04, 2.32110000000000e+04, 2.32080000000000e+04, 3.64243241703546e-11]
	RefineElem[5: 7.98980000000000e+04, 2.28810000000000e+04, 2.28760000000000e+04, 2.28750000000000e+04, 3.64176832174633e-11]
	RefineElem[5: 8.12030000000000e+04, 2.03540000000000e+04, 3.93850000000000e+04, 2.77760000000000e+04, 3.64165539761176e-11]
	RefineElem[5: 7.79260000000000e+04, 8.56400000000000e+03, 8.55300000000000e+03, 7.42100000000000e+03, 3.62879325206279e-11]
	RefineElem[5: 7.43950000000000e+04, 7.39400000000000e+03, 1.04470000000000e+04, 1.07320000000000e+04, 3.62391001512234e-11]
	RefineElem[5: 7.68940000000000e+04, 3.64700000000000e+03, 3.63300000000000e+03, 3.62500000000000e+03, 3.62029034798125e-11]
	RefineElem[5: 7.91550000000000e+04, 2.41740000000000e+04, 2.41820000000000e+04, 2.16770000000000e+04, 3.61772750009191e-11]
	RefineElem[5: 7.81940000000000e+04, 1.35450000000000e+04, 1.35110000000000e+04, 1.44750000000000e+04, 3.60751332136776e-11]
	RefineElem[5: 5.94100000000000e+04, 2.12110000000000e+04, 2.12120000000000e+04, 1.96340000000000e+04, 3.60458585624006e-11]
	RefineElem[5: 7.04230000000000e+04, 2.81000000000000e+04, 2.80940000000000e+04, 3.94160000000000e+04, 3.60298119889127e-11]
	RefineElem[5: 6.69440000000000e+04, 1.78720000000000e+04, 1.78830000000000e+04, 1.78650000000000e+04, 3.60162194813662e-11]
	RefineElem[5: 6.48810000000000e+04, 2.70180000000000e+04, 2.92020000000000e+04, 2.92010000000000e+04, 3.59834915802303e-11]
	RefineElem[5: 6.07630000000000e+04, 3.47700000000000e+04, 3.47510000000000e+04, 3.47530000000000e+04, 3.58893271651368e-11]
	RefineElem[5: 6.00720000000000e+04, 2.65210000000000e+04, 2.65130000000000e+04, 2.65110000000000e+04, 3.58748694225698e-11]
	RefineElem[5: 7.37770000000000e+04, 2.56500000000000e+04, 2.53950000000000e+04, 2.53910000000000e+04, 3.57453140154699e-11]
	RefineElem[5: 8.04250000000000e+04, 3.87280000000000e+04, 2.18420000000000e+04, 2.17740000000000e+04, 3.57434093339702e-11]
	RefineElem[5: 6.62810000000000e+04, 8.57100000000000e+03, 7.44500000000000e+03, 8.52800000000000e+03, 3.56926059883198e-11]
	RefineElem[5: 3.10670000000000e+04, 2.66660000000000e+04, 2.66680000000000e+04, 2.91280000000000e+04, 3.56398099163426e-11]
	RefineElem[5: 2.92930000000000e+04, 2.82870000000000e+04, 2.82960000000000e+04, 2.75730000000000e+04, 3.56313831506991e-11]
	RefineElem[5: 8.01890000000000e+04, 2.76930000000000e+04, 2.77030000000000e+04, 2.77360000000000e+04, 3.56125009517084e-11]
	RefineElem[5: 6.98220000000000e+04, 2.64850000000000e+04, 2.63370000000000e+04, 2.63410000000000e+04, 3.55818213096409e-11]
	RefineElem[5: 2.64930000000000e+04, 2.32030000000000e+04, 2.32010000000000e+04, 2.07500000000000e+04, 3.55157684852763e-11]
	RefineElem[5: 9.06000000000000e+02, 4.85000000000000e+02, 4.89000000000000e+02, 3.77800000000000e+04, 3.54213365626818e-11]
	RefineElem[5: 6.56870000000000e+04, 2.77100000000000e+03, 1.83600000000000e+03, 2.73500000000000e+03, 3.52793206640623e-11]
	RefineElem[5: 2.81530000000000e+04, 2.57950000000000e+04, 2.57960000000000e+04, 2.57970000000000e+04, 3.52656775723018e-11]
	RefineElem[5: 7.11400000000000e+04, 2.81700000000000e+04, 2.81780000000000e+04, 2.80230000000000e+04, 3.52654883856172e-11]
	RefineElem[5: 6.47240000000000e+04, 2.75680000000000e+04, 2.75530000000000e+04, 2.74660000000000e+04, 3.52600005813054e-11]
	RefineElem[5: 7.51140000000000e+04, 2.07690000000000e+04, 2.07790000000000e+04, 2.07860000000000e+04, 3.52468614626992e-11]
	RefineElem[5: 7.49030000000000e+04, 1.92040000000000e+04, 3.92710000000000e+04, 1.92840000000000e+04, 3.52451612478610e-11]
	RefineElem[5: 7.17970000000000e+04, 4.52200000000000e+03, 4.56700000000000e+03, 6.83000000000000e+02, 3.51050898549013e-11]
	RefineElem[5: 2.92620000000000e+04, 2.91520000000000e+04, 2.91690000000000e+04, 2.91600000000000e+04, 3.50598225248974e-11]
	RefineElem[5: 7.73260000000000e+04, 2.57510000000000e+04, 2.50550000000000e+04, 2.50560000000000e+04, 3.50490918101566e-11]
	RefineElem[5: 7.28910000000000e+04, 1.94010000000000e+04, 1.93330000000000e+04, 1.93500000000000e+04, 3.50486282229939e-11]
	RefineElem[5: 3.10660000000000e+04, 2.91280000000000e+04, 2.91340000000000e+04, 2.66660000000000e+04, 3.50476032992423e-11]
	RefineElem[5: 7.83150000000000e+04, 1.27140000000000e+04, 1.27560000000000e+04, 1.26760000000000e+04, 3.49864224925509e-11]
	RefineElem[5: 7.69240000000000e+04, 7.53400000000000e+03, 7.51600000000000e+03, 7.25900000000000e+03, 3.49382930552318e-11]
	RefineElem[5: 8.10440000000000e+04, 1.26160000000000e+04, 1.26200000000000e+04, 1.42850000000000e+04, 3.48320520373191e-11]
	RefineElem[5: 2.43340000000000e+04, 2.11490000000000e+04, 2.11560000000000e+04, 2.11440000000000e+04, 3.47851180181357e-11]
	RefineElem[5: 6.01860000000000e+04, 2.71000000000000e+04, 2.70470000000000e+04, 2.70480000000000e+04, 3.47843465070258e-11]
	RefineElem[5: 6.90730000000000e+04, 2.78100000000000e+04, 2.78070000000000e+04, 2.77180000000000e+04, 3.47364561332978e-11]
	RefineElem[5: 4.20700000000000e+04, 3.60360000000000e+04, 3.60380000000000e+04, 3.60390000000000e+04, 3.46951936230855e-11]
	RefineElem[5: 5.67900000000000e+04, 4.64000000000000e+02, 4.61000000000000e+02, 4.55000000000000e+02, 3.46842978550598e-11]
	RefineElem[5: 6.30870000000000e+04, 9.41800000000000e+03, 9.41900000000000e+03, 9.40700000000000e+03, 3.46731960005624e-11]
	RefineElem[5: 8.36400000000000e+03, 7.44000000000000e+02, 7.54000000000000e+02, 3.69500000000000e+03, 3.46581213758144e-11]
	RefineElem[5: 8.14900000000000e+04, 2.42660000000000e+04, 2.42610000000000e+04, 2.42600000000000e+04, 3.46107975425119e-11]
	RefineElem[5: 7.85910000000000e+04, 3.60900000000000e+03, 4.71800000000000e+03, 4.72800000000000e+03, 3.45929497398664e-11]
	RefineElem[5: 3.03890000000000e+04, 2.82810000000000e+04, 2.82800000000000e+04, 2.57580000000000e+04, 3.45295597425882e-11]
	RefineElem[5: 7.31530000000000e+04, 2.19370000000000e+04, 2.19030000000000e+04, 2.19450000000000e+04, 3.44754549171860e-11]
	RefineElem[5: 8.02600000000000e+04, 2.44370000000000e+04, 2.66000000000000e+04, 2.66010000000000e+04, 3.44735950009278e-11]
	RefineElem[5: 8.10340000000000e+04, 1.42830000000000e+04, 1.25390000000000e+04, 1.25440000000000e+04, 3.44054748462000e-11]
	RefineElem[5: 7.96340000000000e+04, 2.79270000000000e+04, 2.78750000000000e+04, 2.81750000000000e+04, 3.42271930004706e-11]
	RefineElem[5: 4.03050000000000e+04, 3.49030000000000e+04, 3.49020000000000e+04, 3.48810000000000e+04, 3.41715336138073e-11]
	RefineElem[5: 8.07670000000000e+04, 3.88140000000000e+04, 1.67720000000000e+04, 1.67680000000000e+04, 3.41604208317758e-11]
	RefineElem[5: 3.10610000000000e+04, 2.46740000000000e+04, 2.66590000000000e+04, 2.91780000000000e+04, 3.40730760733858e-11]
	RefineElem[5: 5.83950000000000e+04, 1.23510000000000e+04, 1.23440000000000e+04, 1.23710000000000e+04, 3.40688800940616e-11]
	RefineElem[5: 3.89400000000000e+04, 3.41530000000000e+04, 3.41500000000000e+04, 3.41510000000000e+04, 3.40409860838519e-11]
	RefineElem[5: 2.84450000000000e+04, 2.67360000000000e+04, 2.67450000000000e+04, 2.67460000000000e+04, 3.40335743548237e-11]
	RefineElem[5: 3.10520000000000e+04, 2.76160000000000e+04, 2.76570000000000e+04, 2.52810000000000e+04, 3.40306871433473e-11]
	RefineElem[5: 5.09560000000000e+04, 2.87770000000000e+04, 2.87740000000000e+04, 2.11420000000000e+04, 3.39912224029921e-11]
	RefineElem[5: 6.96820000000000e+04, 2.34930000000000e+04, 2.34950000000000e+04, 2.34840000000000e+04, 3.39675224845118e-11]
	RefineElem[5: 5.74730000000000e+04, 5.86100000000000e+03, 5.86400000000000e+03, 5.86700000000000e+03, 3.39315157836287e-11]
	RefineElem[5: 1.47810000000000e+04, 9.88300000000000e+03, 9.92200000000000e+03, 7.55600000000000e+03, 3.39087061303320e-11]
	RefineElem[5: 2.69100000000000e+04, 1.91770000000000e+04, 2.17410000000000e+04, 2.17320000000000e+04, 3.38941139620473e-11]
	RefineElem[5: 3.99180000000000e+04, 3.45790000000000e+04, 3.45810000000000e+04, 3.46570000000000e+04, 3.38508622709696e-11]
	RefineElem[5: 5.79600000000000e+04, 9.41900000000000e+03, 9.40900000000000e+03, 9.40700000000000e+03, 3.38075209867320e-11]
	RefineElem[5: 7.81150000000000e+04, 1.82100000000000e+03, 7.12000000000000e+02, 7.22000000000000e+02, 3.37866576721762e-11]
	RefineElem[5: 6.00750000000000e+04, 2.65400000000000e+04, 2.65390000000000e+04, 2.54970000000000e+04, 3.37765384854463e-11]
	RefineElem[5: 7.55550000000000e+04, 2.83650000000000e+04, 2.83800000000000e+04, 2.83060000000000e+04, 3.37658662448324e-11]
	RefineElem[5: 7.80600000000000e+04, 2.42950000000000e+04, 2.42060000000000e+04, 2.42970000000000e+04, 3.37356452135885e-11]
	RefineElem[5: 7.75090000000000e+04, 3.61300000000000e+03, 3.57800000000000e+03, 4.88300000000000e+03, 3.37349352734448e-11]
	RefineElem[5: 7.02420000000000e+04, 1.95820000000000e+04, 1.95830000000000e+04, 2.11470000000000e+04, 3.37300244210420e-11]
	RefineElem[5: 7.71700000000000e+04, 1.98900000000000e+04, 1.99650000000000e+04, 2.00290000000000e+04, 3.37268775064846e-11]
	RefineElem[5: 7.93550000000000e+04, 2.38200000000000e+04, 1.88560000000000e+04, 1.88540000000000e+04, 3.36494205321792e-11]
	RefineElem[5: 1.74990000000000e+04, 1.52150000000000e+04, 1.52160000000000e+04, 1.52130000000000e+04, 3.36332040482917e-11]
	RefineElem[5: 7.56570000000000e+04, 2.76970000000000e+04, 2.78150000000000e+04, 2.76680000000000e+04, 3.36070357483750e-11]
	RefineElem[5: 8.11030000000000e+04, 2.29040000000000e+04, 2.29080000000000e+04, 2.28630000000000e+04, 3.35830350826326e-11]
	RefineElem[5: 2.82350000000000e+04, 2.57640000000000e+04, 2.60950000000000e+04, 2.60650000000000e+04, 3.35812264770132e-11]
	RefineElem[5: 5.74370000000000e+04, 5.71900000000000e+03, 5.70800000000000e+03, 5.68100000000000e+03, 3.35639986634711e-11]
	RefineElem[5: 7.60760000000000e+04, 9.63900000000000e+03, 7.42100000000000e+03, 9.63700000000000e+03, 3.35004318676678e-11]
	RefineElem[5: 3.08410000000000e+04, 2.67780000000000e+04, 2.67730000000000e+04, 2.42110000000000e+04, 3.34974464940160e-11]
	RefineElem[5: 7.59010000000000e+04, 3.59100000000000e+03, 3.58000000000000e+03, 4.64700000000000e+03, 3.32937589295959e-11]
	RefineElem[5: 7.36590000000000e+04, 2.82480000000000e+04, 2.82460000000000e+04, 2.82490000000000e+04, 3.32706085348442e-11]
	RefineElem[5: 5.79620000000000e+04, 9.41000000000000e+03, 9.41900000000000e+03, 9.42600000000000e+03, 3.32396798830114e-11]
	RefineElem[5: 6.03750000000000e+04, 2.83110000000000e+04, 2.83190000000000e+04, 2.70490000000000e+04, 3.32197805646314e-11]
	RefineElem[5: 6.77390000000000e+04, 2.91840000000000e+04, 2.91430000000000e+04, 2.91680000000000e+04, 3.31896175571408e-11]
	RefineElem[5: 7.72660000000000e+04, 2.25060000000000e+04, 2.24300000000000e+04, 2.24310000000000e+04, 3.31754361475005e-11]
	RefineElem[5: 2.49920000000000e+04, 2.26710000000000e+04, 2.26680000000000e+04, 2.27580000000000e+04, 3.31116644938456e-11]
	RefineElem[5: 6.20640000000000e+04, 2.43730000000000e+04, 3.90520000000000e+04, 2.63270000000000e+04, 3.30745599792229e-11]
	RefineElem[5: 6.58820000000000e+04, 4.93100000000000e+03, 3.58600000000000e+03, 4.61700000000000e+03, 3.29666688262818e-11]
	RefineElem[5: 7.21240000000000e+04, 1.00110000000000e+04, 1.00020000000000e+04, 1.00120000000000e+04, 3.29282261347974e-11]
	RefineElem[5: 2.46020000000000e+04, 2.19400000000000e+04, 2.19420000000000e+04, 2.19380000000000e+04, 3.29244876221619e-11]
	RefineElem[5: 6.47860000000000e+04, 2.77870000000000e+04, 2.77820000000000e+04, 2.81070000000000e+04, 3.29215835592406e-11]
	RefineElem[5: 8.88000000000000e+03, 6.79300000000000e+03, 6.80200000000000e+03, 6.80400000000000e+03, 3.28941353303968e-11]
	RefineElem[5: 6.61240000000000e+04, 6.79000000000000e+03, 6.78600000000000e+03, 6.80800000000000e+03, 3.28739647378612e-11]
	RefineElem[5: 3.11740000000000e+04, 2.68420000000000e+04, 2.68470000000000e+04, 2.42790000000000e+04, 3.28589997674075e-11]
	RefineElem[5: 7.86820000000000e+04, 3.62600000000000e+03, 3.65000000000000e+03, 3.64900000000000e+03, 3.28573544438473e-11]
	RefineElem[5: 1.95910000000000e+04, 1.27630000000000e+04, 1.27930000000000e+04, 1.47910000000000e+04, 3.27978749064432e-11]
	RefineElem[5: 7.87880000000000e+04, 2.51430000000000e+04, 2.51120000000000e+04, 2.75070000000000e+04, 3.27938632006990e-11]
	RefineElem[5: 7.72800000000000e+04, 2.43270000000000e+04, 2.43680000000000e+04, 2.43800000000000e+04, 3.27781688559625e-11]
	RefineElem[5: 4.02840000000000e+04, 3.48150000000000e+04, 3.84940000000000e+04, 3.84920000000000e+04, 3.27405501786038e-11]
	RefineElem[5: 2.53350000000000e+04, 2.40960000000000e+04, 2.41130000000000e+04, 2.41040000000000e+04, 3.26942408237201e-11]
	RefineElem[5: 2.50600000000000e+04, 2.30400000000000e+04, 2.30470000000000e+04, 2.28250000000000e+04, 3.26348365354671e-11]
	RefineElem[5: 7.29990000000000e+04, 2.03680000000000e+04, 2.02410000000000e+04, 2.03700000000000e+04, 3.26097796232593e-11]
	RefineElem[5: 6.91610000000000e+04, 3.50110000000000e+04, 3.49960000000000e+04, 3.50040000000000e+04, 3.25967249927697e-11]
	RefineElem[5: 7.62010000000000e+04, 1.45270000000000e+04, 1.64120000000000e+04, 1.64160000000000e+04, 3.25952906181060e-11]
	RefineElem[5: 8.11510000000000e+04, 1.92220000000000e+04, 1.92210000000000e+04, 1.93040000000000e+04, 3.25649097978407e-11]
	RefineElem[5: 7.79270000000000e+04, 7.42100000000000e+03, 8.50300000000000e+03, 8.50100000000000e+03, 3.25331634859969e-11]
	RefineElem[5: 7.44500000000000e+04, 7.33600000000000e+03, 1.08250000000000e+04, 1.08740000000000e+04, 3.24754951784933e-11]
	RefineElem[5: 8.15770000000000e+04, 2.67420000000000e+04, 2.67430000000000e+04, 2.67500000000000e+04, 3.24320770528531e-11]
	RefineElem[5: 3.98630000000000e+04, 3.46670000000000e+04, 3.46640000000000e+04, 3.46650000000000e+04, 3.24080856882121e-11]
	RefineElem[5: 7.65930000000000e+04, 2.27670000000000e+04, 2.26450000000000e+04, 2.27680000000000e+04, 3.23042856921547e-11]
	RefineElem[5: 7.87610000000000e+04, 9.98000000000000e+03, 9.99800000000000e+03, 1.00090000000000e+04, 3.21784101727632e-11]
	RefineElem[5: 7.66980000000000e+04, 2.68380000000000e+04, 3.90660000000000e+04, 2.67700000000000e+04, 3.20900464913262e-11]
	RefineElem[5: 2.66930000000000e+04, 2.30720000000000e+04, 2.30710000000000e+04, 2.05980000000000e+04, 3.20867524742660e-11]
	RefineElem[5: 7.30350000000000e+04, 2.04210000000000e+04, 2.04660000000000e+04, 3.92820000000000e+04, 3.20837947932674e-11]
	RefineElem[5: 2.66920000000000e+04, 2.05910000000000e+04, 2.05900000000000e+04, 2.30660000000000e+04, 3.20593328574735e-11]
	RefineElem[5: 6.39960000000000e+04, 2.01430000000000e+04, 2.01450000000000e+04, 2.02040000000000e+04, 3.20425250412319e-11]
	RefineElem[5: 7.43280000000000e+04, 9.98100000000000e+03, 9.96300000000000e+03, 9.97500000000000e+03, 3.19877016232179e-11]
	RefineElem[5: 1.47790000000000e+04, 9.87900000000000e+03, 9.88300000000000e+03, 7.29800000000000e+03, 3.19825728518248e-11]
	RefineElem[5: 6.03270000000000e+04, 2.79450000000000e+04, 2.79360000000000e+04, 2.79400000000000e+04, 3.19766806061503e-11]
	RefineElem[5: 8.04960000000000e+04, 3.87100000000000e+04, 3.49170000000000e+04, 3.49130000000000e+04, 3.19200841474408e-11]
	RefineElem[5: 7.06140000000000e+04, 9.07300000000000e+03, 9.05800000000000e+03, 9.07500000000000e+03, 3.19055775966121e-11]
	RefineElem[5: 6.41000000000000e+04, 2.11440000000000e+04, 2.11450000000000e+04, 2.11480000000000e+04, 3.18898610188164e-11]
	RefineElem[5: 7.49040000000000e+04, 1.92830000000000e+04, 3.92710000000000e+04, 1.92130000000000e+04, 3.18652139085042e-11]
	RefineElem[5: 6.63720000000000e+04, 9.42300000000000e+03, 9.41800000000000e+03, 9.40600000000000e+03, 3.18539630782788e-11]
	RefineElem[5: 7.20730000000000e+04, 1.01420000000000e+04, 1.01270000000000e+04, 9.88200000000000e+03, 3.18539519429780e-11]
	RefineElem[5: 7.75620000000000e+04, 1.01290000000000e+04, 1.15720000000000e+04, 1.15800000000000e+04, 3.18496592325061e-11]
	RefineElem[5: 1.57030000000000e+04, 9.90300000000000e+03, 7.26500000000000e+03, 7.30500000000000e+03, 3.18340043803645e-11]
	RefineElem[5: 7.16760000000000e+04, 6.10300000000000e+03, 6.10800000000000e+03, 3.57500000000000e+03, 3.17951225915206e-11]
	RefineElem[5: 4.53290000000000e+04, 3.92000000000000e+04, 3.93720000000000e+04, 2.77780000000000e+04, 3.17699487959835e-11]
	RefineElem[5: 6.48460000000000e+04, 2.70500000000000e+04, 2.87740000000000e+04, 2.87770000000000e+04, 3.17697006640440e-11]
	RefineElem[5: 7.87860000000000e+04, 2.75070000000000e+04, 2.75530000000000e+04, 2.51430000000000e+04, 3.17679503693972e-11]
	RefineElem[5: 8.03720000000000e+04, 2.68810000000000e+04, 2.70480000000000e+04, 2.68730000000000e+04, 3.17548953357321e-11]
	RefineElem[5: 7.74440000000000e+04, 7.35000000000000e+02, 1.45900000000000e+03, 2.86800000000000e+03, 3.17482603413182e-11]
	RefineElem[5: 2.13080000000000e+04, 1.76350000000000e+04, 1.76170000000000e+04, 1.76330000000000e+04, 3.17417225448975e-11]
	RefineElem[5: 7.51170000000000e+04, 2.07490000000000e+04, 2.07500000000000e+04, 2.07530000000000e+04, 3.16853176453469e-11]
	RefineElem[5: 6.74950000000000e+04, 2.60580000000000e+04, 2.60460000000000e+04, 2.60490000000000e+04, 3.16727043651069e-11]
	RefineElem[5: 7.72530000000000e+04, 2.24260000000000e+04, 2.35030000000000e+04, 2.24220000000000e+04, 3.15963197107590e-11]
	RefineElem[5: 5.95250000000000e+04, 2.19830000000000e+04, 2.19820000000000e+04, 2.19480000000000e+04, 3.15820486526053e-11]
	RefineElem[5: 8.16320000000000e+04, 2.43290000000000e+04, 2.43860000000000e+04, 2.43870000000000e+04, 3.15699635068083e-11]
	RefineElem[5: 7.96510000000000e+04, 2.17010000000000e+04, 2.16980000000000e+04, 2.16900000000000e+04, 3.15422806744968e-11]
	RefineElem[5: 6.77200000000000e+04, 2.88870000000000e+04, 3.92040000000000e+04, 2.68250000000000e+04, 3.15240907541062e-11]
	RefineElem[5: 2.71660000000000e+04, 1.99510000000000e+04, 1.99660000000000e+04, 2.24120000000000e+04, 3.14899932930182e-11]
	RefineElem[5: 7.73330000000000e+04, 2.54630000000000e+04, 2.54590000000000e+04, 2.54280000000000e+04, 3.14764093858388e-11]
	RefineElem[5: 2.72000000000000e+04, 1.92540000000000e+04, 1.92620000000000e+04, 2.17960000000000e+04, 3.14674571584703e-11]
	RefineElem[5: 2.53360000000000e+04, 2.40870000000000e+04, 2.41160000000000e+04, 2.41110000000000e+04, 3.14240498275401e-11]
	RefineElem[5: 2.90310000000000e+04, 2.82390000000000e+04, 2.82420000000000e+04, 2.82370000000000e+04, 3.14207398226487e-11]
	RefineElem[5: 2.69270000000000e+04, 1.92350000000000e+04, 2.16790000000000e+04, 2.16770000000000e+04, 3.13824186728898e-11]
	RefineElem[5: 7.99200000000000e+04, 2.88810000000000e+04, 2.89870000000000e+04, 2.89880000000000e+04, 3.13489308116723e-11]
	RefineElem[5: 7.92820000000000e+04, 1.88930000000000e+04, 1.88750000000000e+04, 1.88740000000000e+04, 3.13236709881564e-11]
	RefineElem[5: 7.92640000000000e+04, 1.88540000000000e+04, 1.88560000000000e+04, 1.88570000000000e+04, 3.12750913532742e-11]
	RefineElem[5: 6.46220000000000e+04, 2.66020000000000e+04, 2.66030000000000e+04, 2.45390000000000e+04, 3.12602086522688e-11]
	RefineElem[5: 8.10540000000000e+04, 2.28810000000000e+04, 2.28750000000000e+04, 2.28800000000000e+04, 3.12239934977049e-11]
	RefineElem[5: 6.80850000000000e+04, 3.64800000000000e+03, 3.73100000000000e+03, 4.01900000000000e+03, 3.12073754514311e-11]
	RefineElem[5: 6.69580000000000e+04, 1.82460000000000e+04, 1.82580000000000e+04, 1.82640000000000e+04, 3.12043387521596e-11]
	RefineElem[5: 1.95050000000000e+04, 1.32340000000000e+04, 1.32490000000000e+04, 1.52440000000000e+04, 3.11889235177152e-11]
	RefineElem[5: 7.82210000000000e+04, 2.25380000000000e+04, 2.26660000000000e+04, 2.25060000000000e+04, 3.11779328392137e-11]
	RefineElem[5: 7.80420000000000e+04, 2.22160000000000e+04, 2.21190000000000e+04, 2.37630000000000e+04, 3.11308211132766e-11]
	RefineElem[5: 5.78440000000000e+04, 8.84200000000000e+03, 8.59200000000000e+03, 8.77400000000000e+03, 3.11284287714386e-11]
	RefineElem[5: 7.71800000000000e+04, 2.10140000000000e+04, 2.00290000000000e+04, 2.10020000000000e+04, 3.11254175787242e-11]
	RefineElem[5: 7.96070000000000e+04, 1.34370000000000e+04, 1.34560000000000e+04, 1.34230000000000e+04, 3.11074713607724e-11]
	RefineElem[5: 2.50610000000000e+04, 2.30470000000000e+04, 2.30450000000000e+04, 2.28250000000000e+04, 3.10721496330759e-11]
	RefineElem[5: 8.14610000000000e+04, 2.88840000000000e+04, 2.12800000000000e+04, 2.12810000000000e+04, 3.10648247947864e-11]
	RefineElem[5: 6.17710000000000e+04, 1.88530000000000e+04, 1.88440000000000e+04, 1.88410000000000e+04, 3.10243472832257e-11]
	RefineElem[5: 7.22110000000000e+04, 7.41100000000000e+03, 1.03470000000000e+04, 1.04470000000000e+04, 3.10217461135184e-11]
	RefineElem[5: 1.95660000000000e+04, 1.50950000000000e+04, 1.50960000000000e+04, 1.31070000000000e+04, 3.09293220785263e-11]
	RefineElem[5: 7.03000000000000e+02, 4.73000000000000e+02, 5.38000000000000e+02, 5.22000000000000e+02, 3.09017463355181e-11]
	RefineElem[5: 1.95790000000000e+04, 1.31070000000000e+04, 1.31230000000000e+04, 1.50950000000000e+04, 3.08707485336159e-11]
	RefineElem[5: 8.17740000000000e+04, 2.77720000000000e+04, 2.77130000000000e+04, 2.81730000000000e+04, 3.08312938812351e-11]
	RefineElem[5: 6.22590000000000e+04, 1.94300000000000e+03, 6.75000000000000e+02, 6.66000000000000e+02, 3.07542114103680e-11]
	RefineElem[5: 7.69180000000000e+04, 7.51100000000000e+03, 7.50900000000000e+03, 7.26000000000000e+03, 3.07478523929664e-11]
	RefineElem[5: 2.72350000000000e+04, 2.18090000000000e+04, 2.38260000000000e+04, 3.87720000000000e+04, 3.07317287966760e-11]
	RefineElem[5: 1.95010000000000e+04, 1.29700000000000e+04, 1.49580000000000e+04, 1.49180000000000e+04, 3.06399785563438e-11]
	RefineElem[5: 3.90330000000000e+04, 3.40280000000000e+04, 3.40260000000000e+04, 3.41820000000000e+04, 3.05785156425272e-11]
	RefineElem[5: 5.59800000000000e+04, 3.83130000000000e+04, 3.94650000000000e+04, 3.94640000000000e+04, 3.05678374381771e-11]
	RefineElem[5: 3.09350000000000e+04, 2.45460000000000e+04, 2.45440000000000e+04, 2.70400000000000e+04, 3.05434926936332e-11]
	RefineElem[5: 6.31380000000000e+04, 9.81600000000000e+03, 9.82200000000000e+03, 9.83100000000000e+03, 3.05307429764639e-11]
	RefineElem[5: 7.65200000000000e+04, 2.18310000000000e+04, 2.18120000000000e+04, 2.16750000000000e+04, 3.05294429169086e-11]
	RefineElem[5: 1.00760000000000e+04, 7.44600000000000e+03, 8.53000000000000e+03, 8.52500000000000e+03, 3.05277485593193e-11]
	RefineElem[5: 2.71670000000000e+04, 2.24120000000000e+04, 2.24130000000000e+04, 1.99510000000000e+04, 3.05018028537321e-11]
	RefineElem[5: 8.03010000000000e+04, 2.81210000000000e+04, 2.77750000000000e+04, 3.94260000000000e+04, 3.04869801894838e-11]
	RefineElem[5: 4.03110000000000e+04, 3.48820000000000e+04, 3.49080000000000e+04, 3.49070000000000e+04, 3.04296345473669e-11]
	RefineElem[5: 7.54680000000000e+04, 2.58470000000000e+04, 2.52450000000000e+04, 2.52380000000000e+04, 3.03663860728115e-11]
	RefineElem[5: 3.16140000000000e+04, 3.92870000000000e+04, 2.77870000000000e+04, 2.77170000000000e+04, 3.03663192613082e-11]
	RefineElem[5: 3.90390000000000e+04, 3.40380000000000e+04, 3.41740000000000e+04, 3.41730000000000e+04, 3.03323915063504e-11]
	RefineElem[5: 6.71860000000000e+04, 2.18720000000000e+04, 2.18550000000000e+04, 2.18560000000000e+04, 3.03174283134206e-11]
	RefineElem[5: 8.10940000000000e+04, 2.40200000000000e+04, 2.40210000000000e+04, 2.28800000000000e+04, 3.02899700138357e-11]
	RefineElem[5: 7.14150000000000e+04, 6.66000000000000e+02, 1.95500000000000e+03, 1.94300000000000e+03, 3.01860893918150e-11]
	RefineElem[5: 8.03530000000000e+04, 2.15620000000000e+04, 2.15980000000000e+04, 1.95260000000000e+04, 3.01762890601696e-11]
	RefineElem[5: 2.64820000000000e+04, 2.07280000000000e+04, 2.07350000000000e+04, 2.32170000000000e+04, 3.01624405638409e-11]
	RefineElem[5: 2.71470000000000e+04, 2.26980000000000e+04, 2.26970000000000e+04, 2.02130000000000e+04, 3.01243442426848e-11]
	RefineElem[5: 7.71620000000000e+04, 1.96380000000000e+04, 1.97000000000000e+04, 2.12130000000000e+04, 3.00462262255474e-11]
	RefineElem[5: 7.32630000000000e+04, 2.31970000000000e+04, 2.31990000000000e+04, 2.31960000000000e+04, 2.99283020324738e-11]
	RefineElem[5: 6.97540000000000e+04, 2.48080000000000e+04, 2.47110000000000e+04, 2.46970000000000e+04, 2.98475818419425e-11]
	RefineElem[5: 6.18810000000000e+04, 3.72890000000000e+04, 3.72920000000000e+04, 3.72860000000000e+04, 2.98426981042732e-11]
	RefineElem[5: 7.81340000000000e+04, 3.61200000000000e+03, 3.59600000000000e+03, 4.80100000000000e+03, 2.98044661775249e-11]
	RefineElem[5: 6.73950000000000e+04, 2.49470000000000e+04, 2.48160000000000e+04, 2.48150000000000e+04, 2.97910996654717e-11]
	RefineElem[5: 2.51040000000000e+04, 2.32020000000000e+04, 2.32040000000000e+04, 2.32050000000000e+04, 2.97689226414197e-11]
	RefineElem[5: 6.71830000000000e+04, 3.87930000000000e+04, 2.38270000000000e+04, 2.18620000000000e+04, 2.96624607077796e-11]
	RefineElem[5: 7.03850000000000e+04, 2.49180000000000e+04, 2.59950000000000e+04, 2.60190000000000e+04, 2.96233520692712e-11]
	RefineElem[5: 2.55910000000000e+04, 2.39450000000000e+04, 2.39440000000000e+04, 2.14210000000000e+04, 2.95879356084193e-11]
	RefineElem[5: 7.52200000000000e+04, 2.32340000000000e+04, 2.24360000000000e+04, 2.32320000000000e+04, 2.95157065633574e-11]
	RefineElem[5: 6.71160000000000e+04, 2.10390000000000e+04, 1.97550000000000e+04, 1.97320000000000e+04, 2.94940498604206e-11]
	RefineElem[5: 7.95060000000000e+04, 2.18420000000000e+04, 2.16940000000000e+04, 2.16960000000000e+04, 2.94699037899778e-11]
	RefineElem[5: 4.03210000000000e+04, 3.49070000000000e+04, 3.49080000000000e+04, 3.49020000000000e+04, 2.94110321975896e-11]
	RefineElem[5: 2.90300000000000e+04, 2.70500000000000e+04, 2.82430000000000e+04, 2.82390000000000e+04, 2.94022149008465e-11]
	RefineElem[5: 8.14760000000000e+04, 2.68800000000000e+04, 2.68820000000000e+04, 2.70490000000000e+04, 2.93876704974636e-11]
	RefineElem[5: 7.66150000000000e+04, 2.21930000000000e+04, 2.33450000000000e+04, 2.34770000000000e+04, 2.93588214222603e-11]
	RefineElem[5: 7.66970000000000e+04, 3.90660000000000e+04, 2.68330000000000e+04, 2.68270000000000e+04, 2.93573940069455e-11]
	RefineElem[5: 7.54570000000000e+04, 2.61130000000000e+04, 2.51850000000000e+04, 2.51110000000000e+04, 2.93194602919885e-11]
	RefineElem[5: 4.03200000000000e+04, 3.49030000000000e+04, 3.49010000000000e+04, 3.49090000000000e+04, 2.92404768496532e-11]
	RefineElem[5: 7.74690000000000e+04, 3.11700000000000e+03, 2.15500000000000e+03, 2.15100000000000e+03, 2.92371448269395e-11]
	RefineElem[5: 7.85290000000000e+04, 1.00000000000000e+04, 1.13160000000000e+04, 1.13090000000000e+04, 2.92124613474393e-11]
	RefineElem[5: 2.55890000000000e+04, 2.14200000000000e+04, 2.14190000000000e+04, 2.39320000000000e+04, 2.91942544624192e-11]
	RefineElem[5: 7.66900000000000e+04, 2.59170000000000e+04, 2.46120000000000e+04, 2.59570000000000e+04, 2.91425395403090e-11]
	RefineElem[5: 6.71910000000000e+04, 2.19380000000000e+04, 2.19350000000000e+04, 2.20160000000000e+04, 2.91421729176428e-11]
	RefineElem[5: 8.07150000000000e+04, 1.67830000000000e+04, 1.67840000000000e+04, 1.67760000000000e+04, 2.91314705709006e-11]
	RefineElem[5: 2.53010000000000e+04, 2.39580000000000e+04, 2.39610000000000e+04, 2.18080000000000e+04, 2.91231539023135e-11]
	RefineElem[5: 7.83810000000000e+04, 3.64600000000000e+03, 3.62400000000000e+03, 3.71600000000000e+03, 2.90464285176216e-11]
	RefineElem[5: 7.73670000000000e+04, 2.82860000000000e+04, 2.75540000000000e+04, 2.74780000000000e+04, 2.90374781462329e-11]
	RefineElem[5: 5.93440000000000e+04, 2.03480000000000e+04, 2.06070000000000e+04, 2.06060000000000e+04, 2.90343161439609e-11]
	RefineElem[5: 2.04640000000000e+04, 1.70540000000000e+04, 1.70950000000000e+04, 1.70940000000000e+04, 2.90279509976944e-11]
	RefineElem[5: 5.99780000000000e+04, 2.55130000000000e+04, 2.54850000000000e+04, 2.56430000000000e+04, 2.89999533921558e-11]
	RefineElem[5: 7.69380000000000e+04, 8.44600000000000e+03, 8.39300000000000e+03, 7.42900000000000e+03, 2.89900559030574e-11]
	RefineElem[5: 7.52180000000000e+04, 2.00370000000000e+04, 1.99440000000000e+04, 1.99080000000000e+04, 2.89726380311320e-11]
	RefineElem[5: 5.94230000000000e+04, 1.93480000000000e+04, 2.12840000000000e+04, 3.94280000000000e+04, 2.89554062339298e-11]
	RefineElem[5: 7.78860000000000e+04, 5.90600000000000e+03, 5.90700000000000e+03, 3.61200000000000e+03, 2.89230271346461e-11]
	RefineElem[5: 4.20690000000000e+04, 3.60370000000000e+04, 3.60350000000000e+04, 3.60340000000000e+04, 2.88836380669764e-11]
	RefineElem[5: 6.45950000000000e+04, 2.46850000000000e+04, 2.62150000000000e+04, 2.62060000000000e+04, 2.88675311542269e-11]
	RefineElem[5: 7.77840000000000e+04, 2.51110000000000e+04, 2.51850000000000e+04, 2.50570000000000e+04, 2.88414871801886e-11]
	RefineElem[5: 5.99570000000000e+04, 2.53070000000000e+04, 2.53030000000000e+04, 2.57270000000000e+04, 2.88394694453964e-11]
	RefineElem[5: 7.83090000000000e+04, 1.03030000000000e+04, 1.00110000000000e+04, 1.00290000000000e+04, 2.87895083407366e-11]
	RefineElem[5: 5.93560000000000e+04, 2.07340000000000e+04, 1.97790000000000e+04, 2.10200000000000e+04, 2.87680322785212e-11]
	RefineElem[5: 6.99160000000000e+04, 2.89920000000000e+04, 2.88800000000000e+04, 3.92110000000000e+04, 2.87663346017266e-11]
	RefineElem[5: 4.53370000000000e+04, 3.92530000000000e+04, 3.94260000000000e+04, 2.77750000000000e+04, 2.87426509212151e-11]
	RefineElem[5: 7.87870000000000e+04, 2.75530000000000e+04, 2.75070000000000e+04, 2.74660000000000e+04, 2.87391916262071e-11]
	RefineElem[5: 7.98830000000000e+04, 2.03120000000000e+04, 2.03090000000000e+04, 2.02660000000000e+04, 2.87219864995584e-11]
	RefineElem[5: 2.43300000000000e+04, 2.11500000000000e+04, 2.11570000000000e+04, 2.11490000000000e+04, 2.86256548500627e-11]
	RefineElem[5: 1.47800000000000e+04, 7.55600000000000e+03, 7.29800000000000e+03, 9.88300000000000e+03, 2.86066962370541e-11]
	RefineElem[5: 5.23230000000000e+04, 3.92110000000000e+04, 3.93830000000000e+04, 2.12790000000000e+04, 2.85962704051536e-11]
	RefineElem[5: 3.90780000000000e+04, 3.40780000000000e+04, 3.77990000000000e+04, 3.78120000000000e+04, 2.85939238871382e-11]
	RefineElem[5: 9.09000000000000e+02, 3.73000000000000e+02, 4.95000000000000e+02, 3.77700000000000e+04, 2.85175397977598e-11]
	RefineElem[5: 2.66980000000000e+04, 2.05970000000000e+04, 2.05960000000000e+04, 2.30730000000000e+04, 2.84919932457972e-11]
	RefineElem[5: 6.03550000000000e+04, 2.75860000000000e+04, 2.81950000000000e+04, 2.81970000000000e+04, 2.84784757778445e-11]
	RefineElem[5: 7.51650000000000e+04, 2.17800000000000e+04, 2.18680000000000e+04, 2.38320000000000e+04, 2.84519178006751e-11]
	RefineElem[5: 2.66990000000000e+04, 2.30740000000000e+04, 2.30560000000000e+04, 2.06010000000000e+04, 2.84313029130994e-11]
	RefineElem[5: 5.60160000000000e+04, 3.83350000000000e+04, 3.95370000000000e+04, 3.95350000000000e+04, 2.84067341323338e-11]
	RefineElem[5: 7.81590000000000e+04, 7.41000000000000e+03, 7.44600000000000e+03, 8.52900000000000e+03, 2.83903452102617e-11]
	RefineElem[5: 7.37800000000000e+03, 6.67000000000000e+02, 2.62600000000000e+03, 6.13300000000000e+03, 2.83752683154321e-11]
	RefineElem[5: 7.32170000000000e+04, 2.25520000000000e+04, 2.25580000000000e+04, 2.25290000000000e+04, 2.83605145416089e-11]
	RefineElem[5: 7.41900000000000e+04, 3.91700000000000e+03, 6.46300000000000e+03, 5.63200000000000e+03, 2.83396477238228e-11]
	RefineElem[5: 2.67150000000000e+04, 2.30380000000000e+04, 2.30370000000000e+04, 2.06080000000000e+04, 2.82555431627314e-11]
	RefineElem[5: 2.51190000000000e+04, 2.32450000000000e+04, 2.32460000000000e+04, 2.32400000000000e+04, 2.82417640352466e-11]
	RefineElem[5: 8.12010000000000e+04, 2.02410000000000e+04, 2.02820000000000e+04, 2.03660000000000e+04, 2.82010409955975e-11]
	RefineElem[5: 2.67140000000000e+04, 2.06050000000000e+04, 2.06040000000000e+04, 2.30430000000000e+04, 2.81566751919269e-11]
	RefineElem[5: 7.33280000000000e+04, 2.43840000000000e+04, 2.43580000000000e+04, 2.63310000000000e+04, 2.81100753285017e-11]
	RefineElem[5: 7.64820000000000e+04, 2.09910000000000e+04, 2.08780000000000e+04, 2.09140000000000e+04, 2.80984896971138e-11]
	RefineElem[5: 7.08250000000000e+04, 2.72760000000000e+04, 2.84500000000000e+04, 2.84310000000000e+04, 2.80857936817507e-11]
	RefineElem[5: 6.40290000000000e+04, 2.06110000000000e+04, 3.94440000000000e+04, 2.03520000000000e+04, 2.80804046151941e-11]
	RefineElem[5: 8.03040000000000e+04, 2.92300000000000e+04, 2.92380000000000e+04, 2.67230000000000e+04, 2.80465463932647e-11]
	RefineElem[5: 7.13520000000000e+04, 2.83060000000000e+04, 2.82460000000000e+04, 2.83660000000000e+04, 2.80431909147410e-11]
	RefineElem[5: 7.80330000000000e+04, 2.10710000000000e+04, 2.10720000000000e+04, 2.02810000000000e+04, 2.80281870398179e-11]
	RefineElem[5: 7.33310000000000e+04, 2.43930000000000e+04, 2.44360000000000e+04, 2.44000000000000e+04, 2.80237653335014e-11]
	RefineElem[5: 7.52590000000000e+04, 2.27670000000000e+04, 2.26460000000000e+04, 2.26450000000000e+04, 2.79912604097959e-11]
	RefineElem[5: 2.51270000000000e+04, 2.32620000000000e+04, 2.32610000000000e+04, 2.31960000000000e+04, 2.79812408904022e-11]
	RefineElem[5: 7.76740000000000e+04, 1.97270000000000e+04, 1.97800000000000e+04, 2.10580000000000e+04, 2.79505098341712e-11]
	RefineElem[5: 6.75820000000000e+04, 2.70620000000000e+04, 2.71600000000000e+04, 2.71300000000000e+04, 2.79134745141775e-11]
	RefineElem[5: 3.90750000000000e+04, 3.41320000000000e+04, 3.78040000000000e+04, 3.40680000000000e+04, 2.79085143440984e-11]
	RefineElem[5: 2.64910000000000e+04, 2.32040000000000e+04, 2.32030000000000e+04, 2.07490000000000e+04, 2.78962451654231e-11]
	RefineElem[5: 7.98460000000000e+04, 1.67850000000000e+04, 1.67720000000000e+04, 1.67740000000000e+04, 2.78830302896416e-11]
	RefineElem[5: 2.55880000000000e+04, 2.14190000000000e+04, 2.14170000000000e+04, 2.39330000000000e+04, 2.78330312488265e-11]
	RefineElem[5: 5.74520000000000e+04, 5.76500000000000e+03, 3.90700000000000e+03, 5.77100000000000e+03, 2.78228188133995e-11]
	RefineElem[5: 6.73140000000000e+04, 2.31910000000000e+04, 2.37220000000000e+04, 2.37150000000000e+04, 2.78077185117069e-11]
	RefineElem[5: 8.11290000000000e+04, 2.04260000000000e+04, 2.04680000000000e+04, 2.04410000000000e+04, 2.77706043820039e-11]
	RefineElem[5: 2.74420000000000e+04, 3.92770000000000e+04, 2.03490000000000e+04, 2.03480000000000e+04, 2.77657301485823e-11]
	RefineElem[5: 2.66970000000000e+04, 2.30730000000000e+04, 2.30740000000000e+04, 2.05970000000000e+04, 2.77650640778122e-11]
	RefineElem[5: 6.83700000000000e+04, 9.61000000000000e+03, 7.39700000000000e+03, 7.84000000000000e+03, 2.77553305005540e-11]
	RefineElem[5: 6.89070000000000e+04, 2.45260000000000e+04, 2.45880000000000e+04, 2.46080000000000e+04, 2.77462353575341e-11]
	RefineElem[5: 6.97210000000000e+04, 2.41200000000000e+04, 2.19970000000000e+04, 2.41430000000000e+04, 2.77442557576231e-11]
	RefineElem[5: 6.54260000000000e+04, 8.13000000000000e+02, 9.22000000000000e+02, 8.66000000000000e+02, 2.76678860961576e-11]
	RefineElem[5: 7.77280000000000e+04, 2.26310000000000e+04, 2.25200000000000e+04, 2.25180000000000e+04, 2.76298437830907e-11]
	RefineElem[5: 7.54730000000000e+04, 2.52800000000000e+04, 2.52500000000000e+04, 2.52810000000000e+04, 2.76176097251359e-11]
	RefineElem[5: 7.09900000000000e+04, 2.06100000000000e+04, 2.06130000000000e+04, 3.92430000000000e+04, 2.76026355239342e-11]
	RefineElem[5: 7.96550000000000e+04, 2.17740000000000e+04, 2.17750000000000e+04, 2.39570000000000e+04, 2.76019908584518e-11]
	RefineElem[5: 8.00020000000000e+04, 2.68210000000000e+04, 2.88720000000000e+04, 3.91550000000000e+04, 2.75931200937028e-11]
	RefineElem[5: 2.66960000000000e+04, 2.05960000000000e+04, 2.05980000000000e+04, 2.30710000000000e+04, 2.75855328050092e-11]
	RefineElem[5: 2.40040000000000e+04, 2.00230000000000e+04, 2.00240000000000e+04, 2.00250000000000e+04, 2.75731557574385e-11]
	RefineElem[5: 7.15480000000000e+04, 3.02000000000000e+03, 9.91000000000000e+02, 9.85000000000000e+02, 2.75719316985314e-11]
	RefineElem[5: 3.04970000000000e+04, 2.82020000000000e+04, 2.82010000000000e+04, 2.58420000000000e+04, 2.75235621947751e-11]
	RefineElem[5: 7.14050000000000e+04, 2.79350000000000e+04, 2.80340000000000e+04, 2.81820000000000e+04, 2.75189392185242e-11]
	RefineElem[5: 7.78380000000000e+04, 7.22000000000000e+02, 1.81300000000000e+03, 1.82100000000000e+03, 2.74665682083549e-11]
	RefineElem[5: 6.86710000000000e+04, 1.99650000000000e+04, 1.99160000000000e+04, 2.00350000000000e+04, 2.74472989115968e-11]
	RefineElem[5: 7.75600000000000e+04, 9.88200000000000e+03, 1.01290000000000e+04, 1.15760000000000e+04, 2.74466649222748e-11]
	RefineElem[5: 6.47470000000000e+04, 2.78110000000000e+04, 2.77940000000000e+04, 2.78040000000000e+04, 2.74389610199038e-11]
	RefineElem[5: 7.96470000000000e+04, 2.30380000000000e+04, 2.30430000000000e+04, 2.27350000000000e+04, 2.74145474452580e-11]
	RefineElem[5: 7.83400000000000e+04, 2.10690000000000e+04, 2.01100000000000e+04, 2.00280000000000e+04, 2.74085840399351e-11]
	RefineElem[5: 7.20040000000000e+04, 7.43600000000000e+03, 8.62700000000000e+03, 8.62400000000000e+03, 2.73865866980251e-11]
	RefineElem[5: 7.69170000000000e+04, 1.15720000000000e+04, 9.71700000000000e+03, 9.70700000000000e+03, 2.73718961183505e-11]
	RefineElem[5: 7.70860000000000e+04, 1.50370000000000e+04, 1.50090000000000e+04, 1.59600000000000e+04, 2.73702918512274e-11]
	RefineElem[5: 6.94290000000000e+04, 1.12580000000000e+04, 1.12490000000000e+04, 1.12810000000000e+04, 2.73314214207470e-11]
	RefineElem[5: 8.18470000000000e+04, 9.82000000000000e+03, 9.81600000000000e+03, 9.81500000000000e+03, 2.73119443140667e-11]
	RefineElem[5: 7.75690000000000e+04, 9.88400000000000e+03, 9.87200000000000e+03, 9.87700000000000e+03, 2.73010395422835e-11]
	RefineElem[5: 2.55900000000000e+04, 2.39320000000000e+04, 2.39450000000000e+04, 2.14200000000000e+04, 2.72780688762236e-11]
	RefineElem[5: 7.87530000000000e+04, 7.43100000000000e+03, 7.39800000000000e+03, 7.91800000000000e+03, 2.72430915557734e-11]
	RefineElem[5: 7.58780000000000e+04, 3.11700000000000e+03, 9.83000000000000e+02, 3.02600000000000e+03, 2.72421622160547e-11]
	RefineElem[5: 7.96320000000000e+04, 2.12880000000000e+04, 2.12860000000000e+04, 1.93330000000000e+04, 2.72291569271454e-11]
	RefineElem[5: 7.08660000000000e+04, 2.38930000000000e+04, 2.41740000000000e+04, 2.16770000000000e+04, 2.72196258238476e-11]
	RefineElem[5: 7.90960000000000e+04, 2.40760000000000e+04, 2.40680000000000e+04, 2.40150000000000e+04, 2.72046158554985e-11]
	RefineElem[5: 1.95940000000000e+04, 1.46350000000000e+04, 1.26130000000000e+04, 1.26240000000000e+04, 2.71558321903480e-11]
	RefineElem[5: 8.11580000000000e+04, 1.92350000000000e+04, 1.92440000000000e+04, 1.92460000000000e+04, 2.71531788961599e-11]
	RefineElem[5: 6.88910000000000e+04, 2.63230000000000e+04, 2.43030000000000e+04, 2.43060000000000e+04, 2.71153028203157e-11]
	RefineElem[5: 6.69840000000000e+04, 2.12830000000000e+04, 3.93690000000000e+04, 1.93450000000000e+04, 2.70791214433178e-11]
	RefineElem[5: 5.35960000000000e+04, 3.89720000000000e+04, 3.72900000000000e+04, 3.48850000000000e+04, 2.69994406006791e-11]
	RefineElem[5: 6.96330000000000e+04, 2.21240000000000e+04, 2.21180000000000e+04, 2.20210000000000e+04, 2.69628059802079e-11]
	RefineElem[5: 7.52780000000000e+04, 2.28670000000000e+04, 2.28680000000000e+04, 2.28290000000000e+04, 2.69370567850696e-11]
	RefineElem[5: 7.77370000000000e+04, 2.26080000000000e+04, 2.25260000000000e+04, 2.36270000000000e+04, 2.69133106025979e-11]
	RefineElem[5: 3.99120000000000e+04, 3.46570000000000e+04, 3.46590000000000e+04, 3.45790000000000e+04, 2.68664040581732e-11]
	RefineElem[5: 1.95600000000000e+04, 1.34120000000000e+04, 1.34250000000000e+04, 1.53760000000000e+04, 2.68357397912971e-11]
	RefineElem[5: 3.04860000000000e+04, 2.58360000000000e+04, 2.82070000000000e+04, 2.82060000000000e+04, 2.67573711971527e-11]
	RefineElem[5: 6.98720000000000e+04, 2.86430000000000e+04, 2.86420000000000e+04, 2.83490000000000e+04, 2.67349873336445e-11]
	RefineElem[5: 2.42350000000000e+04, 2.07530000000000e+04, 2.08340000000000e+04, 2.08350000000000e+04, 2.67333830333766e-11]
	RefineElem[5: 5.80180000000000e+04, 9.66400000000000e+03, 9.66600000000000e+03, 9.65700000000000e+03, 2.67141265502163e-11]
	RefineElem[5: 7.73020000000000e+04, 2.49180000000000e+04, 2.49930000000000e+04, 2.50580000000000e+04, 2.65910442228850e-11]
	RefineElem[5: 6.83350000000000e+04, 8.87700000000000e+03, 8.89800000000000e+03, 8.86300000000000e+03, 2.65774235900143e-11]
$end 'RefineElems'
